order_id,origin_hub,destination_town,distance_km,vehicle_type,road_condition,weather,traffic_level,order_type,num_stops,package_weight_kg,rider_experience_years,time_of_day,day_of_week,is_weekend,network_signal,delivery_time_minutes
ORD10000,Birnin Kebbi Hub,Argungu,56.3,Motorcycle,Unpaved,Clear,Medium,Documents,0,14.0,2.7,Midday,Tuesday,False,Strong,151.3
ORD10001,Birnin Kebbi Hub,Bunza,40.0,Motorcycle,Unpaved,Clear,Low,Parcel,0,2.4,1.3,Evening,Monday,False,Strong,92.8
ORD10002,Birnin Kebbi Hub,Kamba,129.9,Motorcycle,Paved,Rain,Low,Food,0,9.6,4.2,Midday,Thursday,False,Strong,245.4
ORD10003,Birnin Kebbi Hub,Birnin Kebbi,8.4,Truck,Unpaved,Rain,High,Food,3,0.4,0.9,Morning,Tuesday,False,No Signal,111.4
ORD10004,Birnin Kebbi Hub,Kamba,124.0,Motorcycle,Paved,Clear,Low,Parcel,0,0.9,0.8,Morning,Monday,False,Weak,155.1
ORD10005,Birnin Kebbi Hub,Yauri,171.5,Van,Paved,Clear,Low,Food,1,3.6,3.0,Evening,Saturday,True,Weak,184.3
ORD10006,Birnin Kebbi Hub,Zuru,163.2,Motorcycle,Paved,Rain,Low,Parcel,2,2.6,1.0,Morning,Saturday,True,Strong,307.5
ORD10007,Birnin Kebbi Hub,Birnin Kebbi,10.6,Truck,Paved,Clear,High,Food,0,0.4,0.5,Evening,Wednesday,False,Strong,33.8
ORD10008,Birnin Kebbi Hub,Birnin Kebbi,7.4,Motorcycle,Paved,Rain,Low,Parcel,0,3.1,1.8,Morning,Wednesday,False,Strong,24.1
ORD10009,Birnin Kebbi Hub,Birnin Kebbi,5.0,Keke (Tricycle),Paved,Clear,Low,Parcel,1,5.0,1.5,Morning,Wednesday,False,Weak,34.3
ORD10010,Birnin Kebbi Hub,Bunza,55.6,Keke (Tricycle),Paved,Clear,Low,Documents,0,16.4,0.3,Evening,Monday,False,Strong,126.4
ORD10011,Birnin Kebbi Hub,Jega,55.5,Motorcycle,Unpaved,Clear,High,Parcel,0,11.3,3.0,Afternoon,Thursday,False,Weak,207.5
ORD10012,Birnin Kebbi Hub,Birnin Kebbi,9.7,Motorcycle,Unpaved,Clear,Medium,Parcel,4,13.5,2.9,Evening,Wednesday,False,Strong,60.5
ORD10013,Birnin Kebbi Hub,Jega,48.0,Van,Unpaved,Clear,High,Bulk Goods,2,31.8,3.3,Morning,Saturday,True,Weak,199.5
ORD10014,Birnin Kebbi Hub,Zuru,154.3,Keke (Tricycle),Paved,Clear,Medium,Food,2,4.3,3.5,Afternoon,Wednesday,False,Strong,351.7
ORD10015,Birnin Kebbi Hub,Aliero,31.6,Motorcycle,Unpaved,Harmattan Dust,Medium,Food,1,2.7,3.4,Morning,Monday,False,Strong,110.3
ORD10016,Birnin Kebbi Hub,Aliero,27.5,Van,Unpaved,Rain,Low,Food,1,15.7,1.8,Evening,Friday,False,Strong,95.5
ORD10017,Birnin Kebbi Hub,Argungu,51.4,Motorcycle,Unpaved,Harmattan Dust,Low,Parcel,1,1.8,1.0,Midday,Monday,False,Strong,135.2
ORD10018,Birnin Kebbi Hub,Zuru,141.1,Motorcycle,Unpaved,Clear,Low,Parcel,1,0.9,3.1,Evening,Saturday,True,No Signal,294.8
ORD10019,Birnin Kebbi Hub,Birnin Kebbi,3.0,Keke (Tricycle),Paved,Clear,Medium,Parcel,1,0.2,1.0,Morning,Thursday,False,Strong,25.3
ORD10020,Birnin Kebbi Hub,Kamba,180.1,Keke (Tricycle),Unpaved,Rain,Medium,Parcel,2,1.3,7.0,Midday,Tuesday,False,Strong,1089.3
ORD10021,Birnin Kebbi Hub,Birnin Kebbi,9.3,Motorcycle,Paved,Clear,Medium,Food,0,12.4,2.9,Midday,Wednesday,False,Strong,36.5
ORD10022,Birnin Kebbi Hub,Argungu,63.1,Motorcycle,Paved,Clear,Low,Food,0,3.8,7.1,Morning,Thursday,False,Strong,78.9
ORD10023,Birnin Kebbi Hub,Jega,70.5,Keke (Tricycle),Paved,Clear,Medium,Parcel,1,11.3,0.3,Morning,Friday,False,Weak,190.2
ORD10024,Birnin Kebbi Hub,Aliero,36.8,Van,Paved,Clear,Low,Parcel,0,4.6,2.0,Midday,Friday,False,Weak,44.4
ORD10025,Birnin Kebbi Hub,Zuru,172.3,Keke (Tricycle),Unpaved,Harmattan Dust,High,Parcel,0,5.6,0.3,Midday,Sunday,True,No Signal,1237.2
ORD10026,Birnin Kebbi Hub,Jega,65.2,Van,Unpaved,Clear,Medium,Documents,0,9.0,1.5,Afternoon,Friday,False,No Signal,169.1
ORD10027,Birnin Kebbi Hub,Aliero,32.4,Truck,Unpaved,Clear,Low,Parcel,0,4.5,3.7,Evening,Friday,False,Weak,91.8
ORD10028,Birnin Kebbi Hub,Birnin Kebbi,1.8,Van,Paved,Clear,Low,Documents,1,0.4,6.7,Evening,Tuesday,False,Strong,8.0
ORD10029,Birnin Kebbi Hub,Kamba,141.3,Van,Paved,Harmattan Dust,High,Food,0,4.9,0.1,Afternoon,Tuesday,False,Strong,335.6
ORD10030,Birnin Kebbi Hub,Argungu,60.5,Keke (Tricycle),Unpaved,Rain,High,Documents,1,1.1,0.5,Afternoon,Monday,False,Strong,460.4
ORD10031,Birnin Kebbi Hub,Jega,62.5,Truck,Paved,Clear,Low,Bulk Goods,3,32.1,1.2,Midday,Saturday,True,Strong,136.9
ORD10032,Birnin Kebbi Hub,Zuru,176.9,Motorcycle,Paved,Clear,Medium,Parcel,0,1.2,1.3,Morning,Wednesday,False,Weak,247.9
ORD10033,Birnin Kebbi Hub,Jega,57.4,Keke (Tricycle),Unpaved,Clear,High,Bulk Goods,1,26.3,4.8,Morning,Wednesday,False,Weak,357.5
ORD10034,Birnin Kebbi Hub,Argungu,64.1,Motorcycle,Paved,Clear,High,Documents,4,22.8,5.0,Morning,Friday,False,No Signal,171.1
ORD10035,Birnin Kebbi Hub,Bunza,48.4,Motorcycle,Unpaved,Harmattan Dust,Low,Food,1,1.8,2.8,Midday,Wednesday,False,Weak,130.2
ORD10036,Birnin Kebbi Hub,Jega,68.6,Van,Paved,Clear,Low,Documents,1,4.9,6.6,Midday,Thursday,False,No Signal,97.1
ORD10037,Birnin Kebbi Hub,Bunza,51.9,Motorcycle,Paved,Rain,Medium,Bulk Goods,0,33.9,1.9,Morning,Thursday,False,Strong,151.5
ORD10038,Birnin Kebbi Hub,Birnin Kebbi,3.0,Motorcycle,Paved,Clear,Medium,Food,1,2.0,4.9,Morning,Thursday,False,Strong,19.0
ORD10039,Birnin Kebbi Hub,Kamba,156.0,Motorcycle,Paved,Clear,Low,Parcel,0,0.4,2.0,Morning,Monday,False,Weak,180.8
ORD10040,Birnin Kebbi Hub,Zuru,164.9,Van,Paved,Harmattan Dust,Low,Documents,1,0.8,2.5,Evening,Saturday,True,Strong,227.4
ORD10041,Birnin Kebbi Hub,Zuru,214.5,Motorcycle,Paved,Clear,Medium,Documents,1,0.2,1.6,Evening,Monday,False,Weak,313.1
ORD10042,Birnin Kebbi Hub,Birnin Kebbi,8.4,Motorcycle,Paved,Clear,Low,Food,0,4.2,2.6,Morning,Sunday,True,Weak,44.1
ORD10043,Birnin Kebbi Hub,Bunza,52.5,Motorcycle,Unpaved,Clear,Medium,Parcel,0,1.6,1.3,Evening,Wednesday,False,Strong,132.0
ORD10044,Birnin Kebbi Hub,Jega,56.1,Van,Unpaved,Clear,Medium,Documents,2,5.1,4.1,Afternoon,Wednesday,False,Weak,154.9
ORD10045,Birnin Kebbi Hub,Zuru,193.8,Keke (Tricycle),Unpaved,Rain,Low,Food,3,1.5,0.4,Morning,Sunday,True,Weak,978.2
ORD10046,Birnin Kebbi Hub,Birnin Kebbi,4.8,Motorcycle,Paved,Clear,Medium,Food,2,0.5,2.6,Afternoon,Thursday,False,Strong,24.7
ORD10047,Birnin Kebbi Hub,Yauri,136.2,Keke (Tricycle),Unpaved,Clear,High,Documents,2,7.0,1.3,Evening,Thursday,False,Strong,792.4
ORD10048,Birnin Kebbi Hub,Kamba,131.6,Keke (Tricycle),Unpaved,Harmattan Dust,Medium,Food,1,1.8,7.2,Morning,Saturday,True,Strong,660.8
ORD10049,Birnin Kebbi Hub,Argungu,53.1,Motorcycle,Unpaved,Rain,Low,Bulk Goods,0,32.6,4.2,Morning,Saturday,True,Weak,203.9
ORD10050,Birnin Kebbi Hub,Bunza,42.8,Keke (Tricycle),Paved,Clear,Medium,Food,0,2.7,2.6,Evening,Tuesday,False,Strong,108.2
ORD10051,Birnin Kebbi Hub,Zuru,223.2,Keke (Tricycle),Unpaved,Harmattan Dust,Low,Parcel,0,1.4,3.7,Morning,Monday,False,Strong,883.3
ORD10052,Birnin Kebbi Hub,Zuru,161.1,Van,Paved,Rain,Medium,Documents,0,0.3,2.5,Evening,Monday,False,No Signal,317.9
ORD10053,Birnin Kebbi Hub,Aliero,34.5,Van,Unpaved,Clear,High,Food,1,2.0,1.9,Morning,Tuesday,False,Strong,134.5
ORD10054,Birnin Kebbi Hub,Argungu,71.4,Motorcycle,Unpaved,Clear,Medium,Parcel,0,0.6,2.3,Midday,Thursday,False,Strong,183.2
ORD10055,Birnin Kebbi Hub,Kamba,151.7,Keke (Tricycle),Unpaved,Clear,Low,Bulk Goods,0,14.7,2.2,Evening,Saturday,True,Weak,497.0
ORD10056,Birnin Kebbi Hub,Birnin Kebbi,5.8,Motorcycle,Paved,Clear,Medium,Parcel,2,2.4,2.4,Afternoon,Monday,False,Strong,23.4
ORD10057,Birnin Kebbi Hub,Birnin Kebbi,6.4,Van,Paved,Harmattan Dust,Low,Food,0,0.2,3.1,Morning,Monday,False,Strong,15.7
ORD10058,Birnin Kebbi Hub,Birnin Kebbi,6.2,Motorcycle,Paved,Rain,Low,Parcel,1,7.7,2.0,Morning,Thursday,False,Weak,31.7
ORD10059,Birnin Kebbi Hub,Yauri,142.0,Motorcycle,Paved,Clear,Low,Parcel,1,2.2,0.7,Midday,Sunday,True,Strong,168.5
ORD10060,Birnin Kebbi Hub,Kamba,160.9,Motorcycle,Unpaved,Clear,Medium,Parcel,2,2.7,1.7,Evening,Monday,False,Weak,427.6
ORD10061,Birnin Kebbi Hub,Kamba,129.5,Van,Paved,Harmattan Dust,Low,Parcel,0,9.8,1.5,Morning,Monday,False,Strong,189.6
ORD10062,Birnin Kebbi Hub,Jega,59.7,Motorcycle,Paved,Clear,High,Bulk Goods,1,33.7,0.3,Evening,Tuesday,False,Strong,144.6
ORD10063,Birnin Kebbi Hub,Zuru,184.0,Motorcycle,Paved,Clear,Low,Documents,0,3.3,1.1,Evening,Saturday,True,Strong,204.9
ORD10064,Birnin Kebbi Hub,Bunza,44.3,Motorcycle,Unpaved,Harmattan Dust,High,Parcel,1,2.6,0.7,Evening,Wednesday,False,Weak,209.4
ORD10065,Birnin Kebbi Hub,Bunza,50.3,Truck,Unpaved,Rain,Medium,Parcel,3,5.7,1.3,Morning,Sunday,True,Weak,299.0
ORD10066,Birnin Kebbi Hub,Yauri,160.2,Keke (Tricycle),Paved,Rain,Medium,Parcel,1,29.4,0.7,Evening,Friday,False,Weak,579.6
ORD10067,Birnin Kebbi Hub,Birnin Kebbi,5.6,Van,Paved,Rain,Medium,Food,1,4.2,0.9,Afternoon,Thursday,False,Weak,38.8
ORD10068,Birnin Kebbi Hub,Bunza,50.5,Motorcycle,Unpaved,Clear,Medium,Food,1,2.9,4.3,Morning,Tuesday,False,No Signal,147.6
ORD10069,Birnin Kebbi Hub,Birnin Kebbi,5.1,Truck,Paved,Clear,Low,Parcel,0,2.6,0.7,Afternoon,Sunday,True,Strong,24.8
ORD10070,Birnin Kebbi Hub,Bunza,41.4,Keke (Tricycle),Paved,Clear,Low,Bulk Goods,1,21.9,1.8,Afternoon,Tuesday,False,Weak,101.7
ORD10071,Birnin Kebbi Hub,Birnin Kebbi,6.5,Van,Unpaved,Rain,High,Documents,0,2.1,2.3,Midday,Friday,False,Weak,41.1
ORD10072,Birnin Kebbi Hub,Aliero,34.6,Van,Unpaved,Harmattan Dust,Low,Food,1,3.0,2.4,Morning,Wednesday,False,Weak,94.0
ORD10073,Birnin Kebbi Hub,Birnin Kebbi,6.4,Keke (Tricycle),Paved,Clear,High,Parcel,0,8.8,0.5,Afternoon,Tuesday,False,Weak,47.6
ORD10074,Birnin Kebbi Hub,Birnin Kebbi,10.0,Motorcycle,Paved,Clear,Medium,Food,0,1.0,1.4,Midday,Friday,False,Weak,26.9
ORD10075,Birnin Kebbi Hub,Kamba,131.8,Keke (Tricycle),Paved,Clear,High,Documents,1,7.6,4.4,Midday,Friday,False,Weak,435.5
ORD10076,Birnin Kebbi Hub,Kamba,159.6,Van,Unpaved,Clear,High,Parcel,2,0.6,4.9,Morning,Tuesday,False,Weak,553.9
ORD10077,Birnin Kebbi Hub,Bunza,46.0,Keke (Tricycle),Unpaved,Clear,Medium,Documents,0,5.7,2.2,Evening,Tuesday,False,Strong,193.6
ORD10078,Birnin Kebbi Hub,Birnin Kebbi,6.4,Truck,Paved,Rain,Low,Documents,0,3.5,4.9,Morning,Saturday,True,No Signal,25.6
ORD10079,Birnin Kebbi Hub,Aliero,32.7,Van,Paved,Clear,Low,Food,2,4.6,2.9,Evening,Tuesday,False,No Signal,56.2
ORD10080,Birnin Kebbi Hub,Birnin Kebbi,1.6,Van,Paved,Rain,Low,Food,1,1.3,3.5,Afternoon,Thursday,False,Strong,22.9
ORD10081,Birnin Kebbi Hub,Birnin Kebbi,5.9,Van,Paved,Clear,Low,Food,0,8.0,2.6,Midday,Thursday,False,Strong,16.0
ORD10082,Birnin Kebbi Hub,Jega,58.0,Van,Unpaved,Rain,Low,Parcel,3,3.8,2.0,Morning,Saturday,True,Weak,219.0
ORD10083,Birnin Kebbi Hub,Argungu,64.7,Motorcycle,Paved,Clear,Medium,Parcel,0,0.2,0.5,Evening,Tuesday,False,Weak,91.2
ORD10084,Birnin Kebbi Hub,Zuru,196.4,Van,Paved,Rain,Medium,Parcel,0,17.3,2.2,Morning,Monday,False,Weak,389.7
ORD10085,Birnin Kebbi Hub,Birnin Kebbi,6.4,Motorcycle,Paved,Clear,Low,Parcel,0,3.4,0.2,Morning,Sunday,True,Strong,37.2
ORD10086,Birnin Kebbi Hub,Birnin Kebbi,7.8,Truck,Paved,Clear,Medium,Bulk Goods,1,26.7,2.4,Afternoon,Sunday,True,Weak,56.8
ORD10087,Birnin Kebbi Hub,Bunza,43.0,Motorcycle,Paved,Clear,High,Parcel,4,1.6,2.5,Midday,Friday,False,Weak,130.0
ORD10088,Birnin Kebbi Hub,Zuru,177.9,Motorcycle,Unpaved,Harmattan Dust,Medium,Parcel,1,0.3,4.6,Evening,Thursday,False,Weak,562.3
ORD10089,Birnin Kebbi Hub,Zuru,180.6,Keke (Tricycle),Unpaved,Clear,Low,Parcel,1,3.6,6.0,Midday,Tuesday,False,No Signal,575.5
ORD10090,Birnin Kebbi Hub,Argungu,54.4,Keke (Tricycle),Paved,Harmattan Dust,Medium,Food,1,4.0,2.6,Midday,Friday,False,Strong,147.0
ORD10091,Birnin Kebbi Hub,Birnin Kebbi,9.2,Keke (Tricycle),Paved,Rain,Medium,Parcel,0,7.8,0.4,Morning,Thursday,False,Strong,50.2
ORD10092,Birnin Kebbi Hub,Birnin Kebbi,7.0,Motorcycle,Paved,Clear,Low,Documents,0,1.1,5.8,Morning,Thursday,False,Strong,22.4
ORD10093,Birnin Kebbi Hub,Zuru,173.1,Van,Unpaved,Harmattan Dust,High,Parcel,0,1.3,7.9,Evening,Friday,False,No Signal,727.4
ORD10094,Birnin Kebbi Hub,Argungu,64.4,Keke (Tricycle),Paved,Clear,High,Bulk Goods,0,41.3,2.0,Morning,Sunday,True,Weak,252.6
ORD10095,Birnin Kebbi Hub,Birnin Kebbi,4.1,Keke (Tricycle),Paved,Harmattan Dust,Medium,Food,2,0.8,3.4,Midday,Sunday,True,No Signal,40.2
ORD10096,Birnin Kebbi Hub,Kamba,173.7,Van,Paved,Clear,High,Food,1,1.0,0.8,Afternoon,Saturday,True,Weak,356.8
ORD10097,Birnin Kebbi Hub,Aliero,39.2,Van,Unpaved,Clear,High,Food,0,4.4,1.8,Morning,Friday,False,Weak,154.8
ORD10098,Birnin Kebbi Hub,Birnin Kebbi,5.5,Keke (Tricycle),Paved,Clear,Low,Parcel,1,2.0,0.5,Afternoon,Saturday,True,Strong,34.2
ORD10099,Birnin Kebbi Hub,Kamba,158.3,Keke (Tricycle),Unpaved,Clear,Medium,Food,0,1.7,5.9,Morning,Friday,False,Strong,612.2
ORD10100,Birnin Kebbi Hub,Bunza,42.1,Keke (Tricycle),Paved,Rain,High,Food,2,0.3,2.4,Morning,Friday,False,Weak,232.5
ORD10101,Birnin Kebbi Hub,Birnin Kebbi,6.8,Keke (Tricycle),Unpaved,Rain,Medium,Food,0,5.1,0.8,Evening,Thursday,False,Weak,49.5
ORD10102,Birnin Kebbi Hub,Jega,55.4,Van,Paved,Clear,Medium,Parcel,3,2.2,3.1,Evening,Sunday,True,Weak,96.2
ORD10103,Birnin Kebbi Hub,Bunza,52.2,Keke (Tricycle),Paved,Clear,High,Documents,1,1.2,3.0,Midday,Wednesday,False,No Signal,189.0
ORD10104,Birnin Kebbi Hub,Jega,58.8,Motorcycle,Paved,Clear,Low,Bulk Goods,0,18.5,0.8,Afternoon,Tuesday,False,Strong,85.8
ORD10105,Birnin Kebbi Hub,Kamba,151.2,Keke (Tricycle),Paved,Clear,Medium,Parcel,0,6.8,0.5,Midday,Tuesday,False,No Signal,340.0
ORD10106,Birnin Kebbi Hub,Kamba,154.6,Keke (Tricycle),Paved,Clear,Low,Food,0,7.1,1.4,Midday,Saturday,True,Weak,285.8
ORD10107,Birnin Kebbi Hub,Zuru,174.7,Motorcycle,Paved,Clear,Low,Bulk Goods,0,29.0,0.5,Morning,Friday,False,Weak,222.3
ORD10108,Birnin Kebbi Hub,Argungu,69.1,Motorcycle,Paved,Harmattan Dust,Low,Bulk Goods,0,15.5,4.0,Evening,Friday,False,Strong,113.3
ORD10109,Birnin Kebbi Hub,Birnin Kebbi,6.9,Keke (Tricycle),Paved,Clear,Low,Parcel,0,1.7,2.8,Morning,Wednesday,False,Strong,33.3
ORD10110,Birnin Kebbi Hub,Birnin Kebbi,6.1,Truck,Paved,Harmattan Dust,Medium,Food,1,2.0,0.1,Evening,Wednesday,False,Weak,40.1
ORD10111,Birnin Kebbi Hub,Bunza,41.2,Motorcycle,Paved,Harmattan Dust,Low,Parcel,0,12.6,3.0,Afternoon,Monday,False,Weak,67.3
ORD10112,Birnin Kebbi Hub,Kamba,136.3,Motorcycle,Unpaved,Harmattan Dust,Low,Bulk Goods,2,18.1,4.2,Evening,Thursday,False,Weak,344.4
ORD10113,Birnin Kebbi Hub,Birnin Kebbi,7.3,Van,Unpaved,Clear,Low,Parcel,1,1.8,2.4,Morning,Wednesday,False,Strong,35.2
ORD10114,Birnin Kebbi Hub,Zuru,148.0,Keke (Tricycle),Paved,Clear,Low,Parcel,2,1.2,3.2,Morning,Sunday,True,Strong,277.1
ORD10115,Birnin Kebbi Hub,Birnin Kebbi,4.8,Keke (Tricycle),Paved,Harmattan Dust,Medium,Food,1,1.7,1.4,Midday,Saturday,True,Strong,34.7
ORD10116,Birnin Kebbi Hub,Birnin Kebbi,5.8,Motorcycle,Paved,Clear,Medium,Food,0,3.9,4.1,Morning,Tuesday,False,Strong,18.4
ORD10117,Birnin Kebbi Hub,Birnin Kebbi,3.2,Keke (Tricycle),Paved,Clear,Low,Parcel,2,1.1,1.1,Morning,Monday,False,Weak,34.0
ORD10118,Birnin Kebbi Hub,Aliero,39.3,Motorcycle,Unpaved,Clear,High,Documents,0,1.3,2.0,Afternoon,Wednesday,False,Weak,160.0
ORD10119,Birnin Kebbi Hub,Argungu,53.2,Van,Unpaved,Clear,Low,Bulk Goods,0,11.3,1.7,Morning,Friday,False,Weak,100.8
ORD10120,Birnin Kebbi Hub,Bunza,46.0,Truck,Unpaved,Harmattan Dust,Medium,Parcel,0,3.2,1.1,Morning,Sunday,True,Weak,195.5
ORD10121,Birnin Kebbi Hub,Birnin Kebbi,5.6,Truck,Unpaved,Clear,Low,Parcel,0,0.5,2.0,Evening,Sunday,True,Weak,21.8
ORD10122,Birnin Kebbi Hub,Birnin Kebbi,6.7,Motorcycle,Paved,Clear,Low,Food,0,0.7,2.7,Morning,Saturday,True,Strong,23.5
ORD10123,Birnin Kebbi Hub,Aliero,29.9,Van,Paved,Clear,Medium,Parcel,4,5.5,4.7,Midday,Thursday,False,Strong,85.3
ORD10124,Birnin Kebbi Hub,Birnin Kebbi,4.4,Keke (Tricycle),Paved,Rain,Medium,Parcel,3,2.7,1.5,Morning,Friday,False,Weak,45.7
ORD10125,Birnin Kebbi Hub,Kamba,142.7,Van,Paved,Clear,Medium,Documents,1,8.5,1.0,Morning,Tuesday,False,Weak,213.0
ORD10126,Birnin Kebbi Hub,Jega,49.3,Keke (Tricycle),Paved,Rain,Medium,Food,2,7.3,3.9,Evening,Wednesday,False,Weak,192.0
ORD10127,Birnin Kebbi Hub,Bunza,39.2,Motorcycle,Unpaved,Rain,Low,Parcel,1,0.2,2.2,Afternoon,Saturday,True,Strong,138.6
ORD10128,Birnin Kebbi Hub,Argungu,55.8,Van,Unpaved,Clear,Low,Parcel,1,0.2,9.7,Afternoon,Thursday,False,Strong,114.9
ORD10129,Birnin Kebbi Hub,Kamba,147.6,Keke (Tricycle),Paved,Harmattan Dust,High,Food,0,0.5,1.1,Morning,Tuesday,False,Strong,594.7
ORD10130,Birnin Kebbi Hub,Birnin Kebbi,7.8,Motorcycle,Paved,Rain,Low,Food,4,5.5,2.7,Morning,Friday,False,Weak,39.9
ORD10131,Birnin Kebbi Hub,Kamba,168.2,Van,Paved,Rain,High,Parcel,0,2.5,3.6,Morning,Tuesday,False,No Signal,495.0
ORD10132,Birnin Kebbi Hub,Birnin Kebbi,8.9,Van,Paved,Harmattan Dust,Low,Parcel,0,0.6,3.6,Morning,Saturday,True,Strong,25.8
ORD10133,Birnin Kebbi Hub,Birnin Kebbi,7.8,Truck,Paved,Clear,High,Parcel,0,7.7,1.2,Morning,Tuesday,False,Weak,29.7
ORD10134,Birnin Kebbi Hub,Jega,47.8,Motorcycle,Unpaved,Clear,Medium,Parcel,2,2.0,3.1,Morning,Tuesday,False,No Signal,150.3
ORD10135,Birnin Kebbi Hub,Birnin Kebbi,4.3,Motorcycle,Unpaved,Clear,High,Parcel,0,5.1,3.4,Midday,Sunday,True,Weak,33.7
ORD10136,Birnin Kebbi Hub,Birnin Kebbi,6.1,Motorcycle,Paved,Clear,Medium,Food,0,7.5,0.8,Midday,Tuesday,False,Strong,20.6
ORD10137,Birnin Kebbi Hub,Jega,65.8,Motorcycle,Paved,Rain,Low,Bulk Goods,2,23.0,1.8,Afternoon,Sunday,True,Weak,155.2
ORD10138,Birnin Kebbi Hub,Birnin Kebbi,4.3,Motorcycle,Paved,Harmattan Dust,Medium,Food,1,0.4,0.6,Morning,Saturday,True,Strong,25.3
ORD10139,Birnin Kebbi Hub,Bunza,40.6,Motorcycle,Paved,Clear,Low,Parcel,1,1.3,1.8,Midday,Sunday,True,Strong,61.2
ORD10140,Birnin Kebbi Hub,Bunza,50.2,Keke (Tricycle),Unpaved,Clear,Low,Bulk Goods,0,30.7,2.0,Evening,Wednesday,False,Strong,180.6
ORD10141,Birnin Kebbi Hub,Jega,57.2,Motorcycle,Paved,Harmattan Dust,Low,Documents,0,23.3,1.4,Afternoon,Sunday,True,Strong,106.7
ORD10142,Birnin Kebbi Hub,Birnin Kebbi,6.6,Van,Paved,Clear,High,Parcel,0,10.0,2.7,Morning,Sunday,True,Weak,30.7
ORD10143,Birnin Kebbi Hub,Argungu,70.7,Van,Paved,Clear,Low,Parcel,1,2.2,1.3,Morning,Sunday,True,Strong,91.6
ORD10144,Birnin Kebbi Hub,Bunza,55.9,Keke (Tricycle),Unpaved,Harmattan Dust,Low,Parcel,1,0.4,1.0,Morning,Sunday,True,Strong,245.9
ORD10145,Birnin Kebbi Hub,Kamba,142.1,Motorcycle,Paved,Clear,Low,Food,3,8.2,7.3,Morning,Thursday,False,Weak,184.6
ORD10146,Birnin Kebbi Hub,Kamba,135.9,Keke (Tricycle),Paved,Clear,Medium,Bulk Goods,0,41.2,1.9,Midday,Saturday,True,No Signal,329.0
ORD10147,Birnin Kebbi Hub,Birnin Kebbi,5.1,Van,Paved,Rain,Low,Bulk Goods,1,36.4,3.7,Evening,Thursday,False,Strong,30.1
ORD10148,Birnin Kebbi Hub,Birnin Kebbi,9.7,Motorcycle,Paved,Clear,Low,Food,0,1.4,4.2,Evening,Sunday,True,Strong,30.6
ORD10149,Birnin Kebbi Hub,Birnin Kebbi,6.1,Motorcycle,Paved,Harmattan Dust,Low,Parcel,3,4.4,4.8,Midday,Monday,False,Strong,24.1
ORD10150,Birnin Kebbi Hub,Yauri,164.6,Keke (Tricycle),Paved,Clear,Low,Parcel,3,2.4,3.3,Afternoon,Thursday,False,Strong,320.8
ORD10151,Birnin Kebbi Hub,Jega,53.6,Truck,Paved,Clear,High,Parcel,0,3.7,0.4,Morning,Thursday,False,Weak,140.5
ORD10152,Birnin Kebbi Hub,Kamba,96.4,Keke (Tricycle),Paved,Clear,Medium,Food,2,0.2,2.7,Midday,Friday,False,Strong,227.2
ORD10153,Birnin Kebbi Hub,Birnin Kebbi,5.0,Motorcycle,Paved,Harmattan Dust,High,Food,2,3.4,2.0,Evening,Wednesday,False,Strong,34.6
ORD10154,Birnin Kebbi Hub,Birnin Kebbi,5.8,Motorcycle,Unpaved,Rain,Medium,Parcel,1,1.4,3.5,Evening,Friday,False,Weak,38.3
ORD10155,Birnin Kebbi Hub,Birnin Kebbi,5.2,Keke (Tricycle),Paved,Harmattan Dust,Low,Food,0,9.2,3.3,Morning,Sunday,True,Weak,46.4
ORD10156,Birnin Kebbi Hub,Kamba,122.1,Van,Paved,Clear,Low,Parcel,0,0.8,5.3,Morning,Saturday,True,Strong,140.4
ORD10157,Birnin Kebbi Hub,Birnin Kebbi,2.6,Keke (Tricycle),Paved,Clear,Low,Food,0,5.2,1.3,Afternoon,Friday,False,Weak,36.1
ORD10158,Birnin Kebbi Hub,Birnin Kebbi,4.5,Motorcycle,Paved,Rain,Medium,Documents,2,9.9,0.3,Afternoon,Wednesday,False,Weak,37.9
ORD10159,Birnin Kebbi Hub,Zuru,158.7,Motorcycle,Paved,Clear,High,Parcel,0,0.2,5.7,Afternoon,Wednesday,False,Strong,323.2
ORD10160,Birnin Kebbi Hub,Argungu,59.4,Keke (Tricycle),Paved,Rain,Low,Bulk Goods,0,18.9,1.5,Afternoon,Friday,False,Strong,182.1
ORD10161,Birnin Kebbi Hub,Birnin Kebbi,5.8,Motorcycle,Paved,Clear,Medium,Parcel,3,0.5,1.6,Morning,Wednesday,False,No Signal,48.3
ORD10162,Birnin Kebbi Hub,Aliero,36.6,Motorcycle,Paved,Harmattan Dust,Low,Parcel,0,0.7,6.6,Afternoon,Sunday,True,Strong,75.8
ORD10163,Birnin Kebbi Hub,Argungu,58.9,Motorcycle,Paved,Clear,High,Food,0,3.5,1.3,Morning,Friday,False,Weak,121.2
ORD10164,Birnin Kebbi Hub,Aliero,33.8,Van,Unpaved,Rain,Medium,Parcel,0,0.2,10.3,Evening,Wednesday,False,No Signal,116.6
ORD10165,Birnin Kebbi Hub,Zuru,203.5,Motorcycle,Paved,Rain,Medium,Parcel,2,11.5,2.3,Morning,Tuesday,False,No Signal,468.8
ORD10166,Birnin Kebbi Hub,Kamba,139.1,Motorcycle,Paved,Clear,Medium,Parcel,0,2.7,4.5,Morning,Thursday,False,Weak,206.2
ORD10167,Birnin Kebbi Hub,Jega,58.7,Motorcycle,Unpaved,Clear,Low,Documents,2,0.3,2.3,Afternoon,Friday,False,Weak,144.8
ORD10168,Birnin Kebbi Hub,Birnin Kebbi,6.4,Keke (Tricycle),Paved,Rain,Medium,Parcel,0,1.8,1.3,Midday,Saturday,True,Strong,39.8
ORD10169,Birnin Kebbi Hub,Aliero,39.0,Motorcycle,Unpaved,Clear,High,Documents,0,5.6,3.1,Evening,Monday,False,Weak,155.4
ORD10170,Birnin Kebbi Hub,Birnin Kebbi,8.1,Keke (Tricycle),Paved,Clear,Low,Parcel,0,0.5,0.3,Midday,Tuesday,False,Weak,28.1
ORD10171,Birnin Kebbi Hub,Zuru,145.3,Motorcycle,Unpaved,Clear,High,Food,3,1.6,1.1,Morning,Monday,False,Weak,555.0
ORD10172,Birnin Kebbi Hub,Argungu,67.2,Keke (Tricycle),Unpaved,Clear,Medium,Food,1,3.9,2.5,Afternoon,Saturday,True,Weak,287.2
ORD10173,Birnin Kebbi Hub,Jega,62.0,Motorcycle,Paved,Rain,Medium,Parcel,0,4.0,10.9,Afternoon,Monday,False,Strong,138.9
ORD10174,Birnin Kebbi Hub,Birnin Kebbi,6.0,Motorcycle,Paved,Rain,High,Parcel,0,5.4,1.2,Morning,Monday,False,Weak,37.3
ORD10175,Birnin Kebbi Hub,Argungu,67.0,Motorcycle,Paved,Harmattan Dust,High,Parcel,1,2.7,2.5,Afternoon,Monday,False,Weak,193.5
ORD10176,Birnin Kebbi Hub,Aliero,40.2,Van,Unpaved,Harmattan Dust,Low,Parcel,2,4.1,1.9,Afternoon,Monday,False,Weak,124.0
ORD10177,Birnin Kebbi Hub,Birnin Kebbi,8.5,Motorcycle,Paved,Harmattan Dust,Medium,Food,1,1.9,3.4,Midday,Saturday,True,Strong,35.4
ORD10178,Birnin Kebbi Hub,Birnin Kebbi,9.2,Motorcycle,Paved,Rain,Low,Food,0,5.0,2.5,Morning,Friday,False,Strong,30.6
ORD10179,Birnin Kebbi Hub,Birnin Kebbi,2.5,Van,Paved,Clear,Low,Parcel,0,2.1,2.4,Evening,Saturday,True,Weak,16.5
ORD10180,Birnin Kebbi Hub,Bunza,45.1,Truck,Unpaved,Clear,Low,Documents,2,2.9,1.8,Evening,Friday,False,Strong,146.8
ORD10181,Birnin Kebbi Hub,Zuru,193.6,Keke (Tricycle),Unpaved,Clear,Medium,Bulk Goods,1,38.1,0.7,Midday,Friday,False,Strong,789.9
ORD10182,Birnin Kebbi Hub,Birnin Kebbi,5.6,Motorcycle,Paved,Clear,Medium,Parcel,3,11.4,3.2,Midday,Monday,False,Strong,32.9
ORD10183,Birnin Kebbi Hub,Birnin Kebbi,6.7,Van,Paved,Clear,High,Food,0,4.5,0.9,Morning,Sunday,True,No Signal,37.2
ORD10184,Birnin Kebbi Hub,Yauri,124.8,Keke (Tricycle),Paved,Clear,Low,Food,0,0.6,2.2,Evening,Tuesday,False,Weak,228.2
ORD10185,Birnin Kebbi Hub,Birnin Kebbi,7.7,Keke (Tricycle),Paved,Clear,Low,Parcel,0,0.9,1.3,Morning,Monday,False,No Signal,37.9
ORD10186,Birnin Kebbi Hub,Birnin Kebbi,6.7,Truck,Unpaved,Clear,High,Documents,4,3.4,1.5,Midday,Saturday,True,Weak,91.5
ORD10187,Birnin Kebbi Hub,Aliero,37.3,Van,Unpaved,Harmattan Dust,Medium,Bulk Goods,1,25.0,1.3,Evening,Saturday,True,Weak,128.4
ORD10188,Birnin Kebbi Hub,Bunza,47.6,Van,Paved,Clear,Low,Parcel,3,1.0,0.7,Morning,Sunday,True,Weak,100.5
ORD10189,Birnin Kebbi Hub,Birnin Kebbi,5.1,Keke (Tricycle),Paved,Rain,Low,Parcel,3,20.0,2.1,Evening,Sunday,True,Strong,63.4
ORD10190,Birnin Kebbi Hub,Yauri,148.5,Truck,Paved,Clear,Medium,Parcel,1,1.8,0.7,Evening,Thursday,False,Strong,275.3
ORD10191,Birnin Kebbi Hub,Bunza,42.8,Truck,Paved,Clear,Medium,Food,1,1.3,3.5,Evening,Sunday,True,No Signal,101.2
ORD10192,Birnin Kebbi Hub,Jega,61.1,Keke (Tricycle),Paved,Clear,Medium,Parcel,0,7.7,2.5,Evening,Thursday,False,Weak,149.6
ORD10193,Birnin Kebbi Hub,Birnin Kebbi,8.4,Van,Paved,Clear,Low,Parcel,0,5.8,1.2,Midday,Sunday,True,Strong,22.0
ORD10194,Birnin Kebbi Hub,Argungu,70.3,Keke (Tricycle),Paved,Harmattan Dust,Low,Parcel,1,6.8,0.8,Evening,Wednesday,False,No Signal,168.5
ORD10195,Birnin Kebbi Hub,Jega,51.9,Keke (Tricycle),Paved,Clear,Low,Documents,0,1.3,0.4,Midday,Monday,False,Strong,100.1
ORD10196,Birnin Kebbi Hub,Aliero,31.1,Keke (Tricycle),Unpaved,Rain,Low,Bulk Goods,0,16.1,2.8,Midday,Monday,False,Strong,164.2
ORD10197,Birnin Kebbi Hub,Birnin Kebbi,5.9,Motorcycle,Paved,Clear,Low,Parcel,1,4.4,6.2,Afternoon,Sunday,True,Weak,15.8
ORD10198,Birnin Kebbi Hub,Argungu,61.9,Van,Unpaved,Rain,Low,Food,0,4.9,2.7,Midday,Wednesday,False,Strong,179.6
ORD10199,Birnin Kebbi Hub,Birnin Kebbi,2.1,Truck,Unpaved,Rain,Low,Bulk Goods,2,33.3,4.2,Midday,Sunday,True,Strong,46.4
ORD10200,Birnin Kebbi Hub,Yauri,134.2,Motorcycle,Paved,Clear,Low,Parcel,0,10.9,3.5,Afternoon,Saturday,True,Weak,167.4
ORD10201,Birnin Kebbi Hub,Birnin Kebbi,3.4,Motorcycle,Paved,Rain,Low,Parcel,4,6.1,1.4,Evening,Saturday,True,Weak,42.7
ORD10202,Birnin Kebbi Hub,Aliero,36.8,Van,Paved,Clear,High,Parcel,0,15.4,1.9,Morning,Tuesday,False,Weak,86.5
ORD10203,Birnin Kebbi Hub,Birnin Kebbi,3.1,Keke (Tricycle),Paved,Clear,Medium,Food,1,0.6,0.7,Morning,Wednesday,False,Strong,30.2
ORD10204,Birnin Kebbi Hub,Zuru,160.9,Keke (Tricycle),Unpaved,Rain,Low,Food,0,4.5,2.0,Afternoon,Thursday,False,Strong,787.0
ORD10205,Birnin Kebbi Hub,Kamba,123.1,Motorcycle,Paved,Harmattan Dust,Medium,Food,0,0.2,0.6,Midday,Thursday,False,No Signal,235.5
ORD10206,Birnin Kebbi Hub,Birnin Kebbi,7.5,Keke (Tricycle),Paved,Clear,Medium,Documents,0,8.8,5.7,Midday,Thursday,False,No Signal,31.8
ORD10207,Birnin Kebbi Hub,Argungu,75.5,Truck,Paved,Clear,Medium,Documents,0,4.2,0.9,Morning,Wednesday,False,Weak,133.1
ORD10208,Birnin Kebbi Hub,Argungu,71.0,Motorcycle,Paved,Clear,Medium,Parcel,0,1.2,1.7,Midday,Wednesday,False,Weak,100.2
ORD10209,Birnin Kebbi Hub,Jega,52.8,Motorcycle,Unpaved,Harmattan Dust,High,Parcel,2,2.1,2.8,Midday,Thursday,False,Weak,262.3
ORD10210,Birnin Kebbi Hub,Birnin Kebbi,5.2,Keke (Tricycle),Paved,Rain,Low,Food,0,2.5,5.5,Afternoon,Sunday,True,Strong,33.0
ORD10211,Birnin Kebbi Hub,Birnin Kebbi,5.7,Keke (Tricycle),Unpaved,Rain,Medium,Documents,2,2.4,2.0,Midday,Friday,False,Weak,62.9
ORD10212,Birnin Kebbi Hub,Birnin Kebbi,6.2,Motorcycle,Paved,Harmattan Dust,Medium,Parcel,0,1.1,2.4,Evening,Monday,False,Strong,15.5
ORD10213,Birnin Kebbi Hub,Bunza,50.6,Van,Paved,Harmattan Dust,Medium,Food,0,1.4,0.1,Morning,Sunday,True,Weak,95.8
ORD10214,Birnin Kebbi Hub,Argungu,69.8,Keke (Tricycle),Paved,Rain,Medium,Parcel,0,5.3,2.9,Afternoon,Tuesday,False,Weak,243.0
ORD10215,Birnin Kebbi Hub,Birnin Kebbi,6.4,Motorcycle,Paved,Clear,Low,Parcel,1,3.4,2.1,Morning,Wednesday,False,Weak,30.8
ORD10216,Birnin Kebbi Hub,Argungu,59.1,Motorcycle,Unpaved,Clear,Low,Bulk Goods,1,40.7,3.4,Midday,Tuesday,False,Weak,156.3
ORD10217,Birnin Kebbi Hub,Kamba,132.9,Van,Unpaved,Harmattan Dust,Medium,Bulk Goods,1,38.7,3.6,Midday,Thursday,False,Weak,395.4
ORD10218,Birnin Kebbi Hub,Zuru,203.0,Motorcycle,Paved,Clear,Medium,Food,2,2.1,2.0,Afternoon,Friday,False,Strong,294.3
ORD10219,Birnin Kebbi Hub,Birnin Kebbi,4.7,Keke (Tricycle),Paved,Clear,High,Food,4,2.4,2.7,Evening,Wednesday,False,Strong,46.9
ORD10220,Birnin Kebbi Hub,Bunza,45.8,Keke (Tricycle),Paved,Rain,Low,Parcel,0,10.6,1.7,Morning,Saturday,True,Weak,156.8
ORD10221,Birnin Kebbi Hub,Birnin Kebbi,3.2,Motorcycle,Paved,Clear,Low,Food,0,1.7,4.7,Morning,Thursday,False,Weak,22.5
ORD10222,Birnin Kebbi Hub,Birnin Kebbi,6.3,Keke (Tricycle),Paved,Harmattan Dust,Medium,Food,2,3.5,2.0,Afternoon,Thursday,False,Weak,41.6
ORD10223,Birnin Kebbi Hub,Birnin Kebbi,7.9,Motorcycle,Paved,Clear,Low,Bulk Goods,0,13.1,1.0,Morning,Saturday,True,Weak,47.4
ORD10224,Birnin Kebbi Hub,Birnin Kebbi,3.8,Truck,Paved,Rain,Low,Parcel,1,1.0,4.0,Midday,Tuesday,False,Weak,33.5
ORD10225,Birnin Kebbi Hub,Jega,59.1,Motorcycle,Unpaved,Clear,Low,Food,0,1.2,2.8,Morning,Saturday,True,Strong,125.2
ORD10226,Birnin Kebbi Hub,Birnin Kebbi,9.5,Motorcycle,Paved,Rain,Medium,Documents,1,13.7,2.3,Afternoon,Wednesday,False,No Signal,56.0
ORD10227,Birnin Kebbi Hub,Birnin Kebbi,8.1,Keke (Tricycle),Paved,Clear,Low,Bulk Goods,2,29.8,0.9,Evening,Wednesday,False,Strong,59.4
ORD10228,Birnin Kebbi Hub,Yauri,126.4,Motorcycle,Unpaved,Clear,Medium,Food,0,3.5,0.5,Midday,Wednesday,False,No Signal,334.1
ORD10229,Birnin Kebbi Hub,Birnin Kebbi,1.8,Truck,Paved,Harmattan Dust,High,Documents,1,0.2,7.4,Morning,Sunday,True,No Signal,34.6
ORD10230,Birnin Kebbi Hub,Kamba,142.6,Truck,Unpaved,Clear,Medium,Documents,0,0.9,1.4,Morning,Sunday,True,Weak,452.5
ORD10231,Birnin Kebbi Hub,Bunza,38.2,Keke (Tricycle),Unpaved,Harmattan Dust,High,Bulk Goods,1,36.5,2.5,Afternoon,Saturday,True,Weak,316.7
ORD10232,Birnin Kebbi Hub,Birnin Kebbi,6.3,Keke (Tricycle),Paved,Clear,Medium,Food,4,4.6,2.0,Midday,Sunday,True,Strong,48.2
ORD10233,Birnin Kebbi Hub,Zuru,166.3,Keke (Tricycle),Unpaved,Rain,Medium,Parcel,0,2.3,6.2,Evening,Wednesday,False,Weak,997.7
ORD10234,Birnin Kebbi Hub,Jega,47.1,Keke (Tricycle),Unpaved,Clear,Low,Food,0,16.9,1.7,Midday,Thursday,False,Strong,161.2
ORD10235,Birnin Kebbi Hub,Birnin Kebbi,8.1,Motorcycle,Paved,Clear,Low,Food,0,0.9,1.6,Evening,Sunday,True,Strong,23.4
ORD10236,Birnin Kebbi Hub,Birnin Kebbi,7.1,Keke (Tricycle),Paved,Clear,Medium,Parcel,0,0.2,3.9,Midday,Monday,False,Strong,20.4
ORD10237,Birnin Kebbi Hub,Zuru,184.1,Motorcycle,Paved,Clear,Low,Food,4,4.4,2.5,Midday,Thursday,False,Strong,220.2
ORD10238,Birnin Kebbi Hub,Bunza,56.4,Keke (Tricycle),Unpaved,Rain,Low,Documents,0,4.8,1.6,Evening,Saturday,True,No Signal,302.8
ORD10239,Birnin Kebbi Hub,Bunza,45.4,Van,Unpaved,Clear,High,Documents,0,0.6,1.8,Morning,Friday,False,Strong,165.4
ORD10240,Birnin Kebbi Hub,Yauri,186.5,Keke (Tricycle),Unpaved,Clear,Low,Bulk Goods,2,33.5,7.1,Morning,Saturday,True,No Signal,646.8
ORD10241,Birnin Kebbi Hub,Kamba,178.1,Van,Unpaved,Rain,Low,Parcel,0,1.2,0.6,Midday,Tuesday,False,No Signal,516.1
ORD10242,Birnin Kebbi Hub,Aliero,37.9,Van,Paved,Clear,Medium,Documents,1,5.7,2.5,Evening,Sunday,True,No Signal,84.0
ORD10243,Birnin Kebbi Hub,Bunza,40.3,Keke (Tricycle),Paved,Rain,Medium,Parcel,1,2.5,1.5,Evening,Monday,False,No Signal,157.4
ORD10244,Birnin Kebbi Hub,Yauri,145.1,Motorcycle,Unpaved,Clear,High,Parcel,3,4.8,3.6,Afternoon,Saturday,True,Strong,565.3
ORD10245,Birnin Kebbi Hub,Birnin Kebbi,7.7,Keke (Tricycle),Paved,Harmattan Dust,High,Parcel,0,5.5,1.0,Morning,Wednesday,False,Strong,47.3
ORD10246,Birnin Kebbi Hub,Argungu,74.4,Keke (Tricycle),Paved,Clear,Medium,Food,0,1.7,6.5,Morning,Tuesday,False,Weak,174.5
ORD10247,Birnin Kebbi Hub,Argungu,80.2,Motorcycle,Paved,Rain,Low,Parcel,2,0.4,2.2,Midday,Tuesday,False,No Signal,158.6
ORD10248,Birnin Kebbi Hub,Birnin Kebbi,3.8,Truck,Paved,Clear,Low,Food,1,5.6,2.7,Afternoon,Wednesday,False,No Signal,43.1
ORD10249,Birnin Kebbi Hub,Birnin Kebbi,7.4,Motorcycle,Paved,Clear,Low,Food,2,9.0,1.7,Morning,Saturday,True,Strong,43.0
ORD10250,Birnin Kebbi Hub,Birnin Kebbi,4.3,Van,Paved,Clear,Medium,Parcel,0,1.4,0.3,Evening,Monday,False,Strong,16.0
ORD10251,Birnin Kebbi Hub,Yauri,140.6,Motorcycle,Unpaved,Rain,High,Documents,1,4.3,1.8,Morning,Sunday,True,Strong,809.6
ORD10252,Birnin Kebbi Hub,Jega,50.2,Keke (Tricycle),Unpaved,Clear,Medium,Food,1,8.0,1.8,Midday,Tuesday,False,Weak,219.6
ORD10253,Birnin Kebbi Hub,Birnin Kebbi,9.2,Motorcycle,Paved,Rain,Medium,Parcel,0,0.5,2.2,Morning,Sunday,True,Weak,37.2
ORD10254,Birnin Kebbi Hub,Birnin Kebbi,7.3,Keke (Tricycle),Unpaved,Clear,Medium,Parcel,0,3.3,2.7,Midday,Monday,False,Strong,38.0
ORD10255,Birnin Kebbi Hub,Birnin Kebbi,7.7,Motorcycle,Paved,Clear,Medium,Parcel,0,0.2,1.4,Morning,Tuesday,False,No Signal,33.3
ORD10256,Birnin Kebbi Hub,Argungu,71.0,Keke (Tricycle),Unpaved,Clear,High,Parcel,0,2.9,0.7,Evening,Thursday,False,Weak,408.9
ORD10257,Birnin Kebbi Hub,Zuru,194.6,Truck,Paved,Clear,Low,Bulk Goods,3,34.8,8.9,Evening,Sunday,True,Strong,322.8
ORD10258,Birnin Kebbi Hub,Bunza,42.6,Keke (Tricycle),Paved,Rain,Low,Bulk Goods,0,36.6,1.4,Afternoon,Wednesday,False,Strong,141.7
ORD10259,Birnin Kebbi Hub,Birnin Kebbi,4.0,Motorcycle,Paved,Clear,Low,Food,2,4.3,1.6,Midday,Tuesday,False,Weak,24.4
ORD10260,Birnin Kebbi Hub,Bunza,34.5,Keke (Tricycle),Paved,Clear,Low,Parcel,4,13.5,2.4,Midday,Wednesday,False,Strong,104.6
ORD10261,Birnin Kebbi Hub,Aliero,37.5,Motorcycle,Paved,Rain,High,Parcel,1,4.3,1.2,Midday,Tuesday,False,Weak,134.7
ORD10262,Birnin Kebbi Hub,Birnin Kebbi,6.9,Motorcycle,Paved,Clear,Low,Documents,2,0.4,0.3,Midday,Sunday,True,Strong,35.7
ORD10263,Birnin Kebbi Hub,Birnin Kebbi,9.3,Motorcycle,Paved,Clear,High,Parcel,0,8.1,1.9,Afternoon,Monday,False,Strong,41.5
ORD10264,Birnin Kebbi Hub,Jega,50.4,Motorcycle,Paved,Rain,Medium,Parcel,0,3.1,4.4,Midday,Sunday,True,Strong,107.9
ORD10265,Birnin Kebbi Hub,Birnin Kebbi,6.1,Motorcycle,Paved,Clear,Low,Parcel,0,0.4,0.5,Evening,Tuesday,False,Weak,24.4
ORD10266,Birnin Kebbi Hub,Jega,60.3,Keke (Tricycle),Unpaved,Rain,Low,Parcel,0,9.7,4.1,Midday,Saturday,True,Strong,298.1
ORD10267,Birnin Kebbi Hub,Birnin Kebbi,5.5,Van,Paved,Clear,High,Parcel,4,1.7,0.7,Morning,Wednesday,False,Weak,57.9
ORD10268,Birnin Kebbi Hub,Jega,52.1,Keke (Tricycle),Paved,Clear,Medium,Food,0,0.2,2.8,Evening,Tuesday,False,Strong,112.2
ORD10269,Birnin Kebbi Hub,Birnin Kebbi,6.0,Motorcycle,Paved,Rain,Medium,Bulk Goods,1,25.7,5.9,Evening,Saturday,True,Strong,45.6
ORD10270,Birnin Kebbi Hub,Argungu,59.9,Motorcycle,Paved,Rain,Low,Food,0,0.9,1.6,Morning,Tuesday,False,Weak,119.9
ORD10271,Birnin Kebbi Hub,Birnin Kebbi,11.0,Motorcycle,Unpaved,Clear,Low,Parcel,2,11.5,3.5,Midday,Monday,False,Weak,45.2
ORD10272,Birnin Kebbi Hub,Birnin Kebbi,3.7,Motorcycle,Paved,Rain,High,Parcel,1,2.1,3.4,Afternoon,Monday,False,Weak,34.1
ORD10273,Birnin Kebbi Hub,Bunza,47.1,Van,Unpaved,Rain,Medium,Food,2,2.0,2.9,Midday,Friday,False,Strong,197.2
ORD10274,Birnin Kebbi Hub,Birnin Kebbi,2.7,Van,Paved,Clear,Medium,Parcel,0,4.8,4.5,Midday,Monday,False,Weak,19.5
ORD10275,Birnin Kebbi Hub,Birnin Kebbi,9.7,Van,Unpaved,Clear,Low,Parcel,0,0.2,3.4,Evening,Sunday,True,Strong,29.3
ORD10276,Birnin Kebbi Hub,Jega,54.5,Keke (Tricycle),Unpaved,Clear,Medium,Parcel,0,8.9,3.8,Morning,Monday,False,Weak,240.1
ORD10277,Birnin Kebbi Hub,Argungu,66.8,Keke (Tricycle),Paved,Harmattan Dust,Low,Food,0,0.3,1.1,Morning,Saturday,True,Weak,163.9
ORD10278,Birnin Kebbi Hub,Argungu,49.5,Keke (Tricycle),Unpaved,Harmattan Dust,Medium,Parcel,1,4.4,1.8,Morning,Friday,False,Strong,261.6
ORD10279,Birnin Kebbi Hub,Aliero,40.6,Motorcycle,Unpaved,Rain,Medium,Parcel,0,6.4,1.1,Afternoon,Wednesday,False,Weak,172.1
ORD10280,Birnin Kebbi Hub,Kamba,125.7,Motorcycle,Unpaved,Clear,Medium,Parcel,1,6.9,2.3,Afternoon,Wednesday,False,Weak,331.0
ORD10281,Birnin Kebbi Hub,Kamba,121.9,Van,Unpaved,Harmattan Dust,Medium,Parcel,1,2.5,3.3,Afternoon,Wednesday,False,No Signal,369.2
ORD10282,Birnin Kebbi Hub,Birnin Kebbi,5.3,Van,Paved,Rain,Medium,Parcel,1,2.4,1.9,Midday,Monday,False,Strong,28.6
ORD10283,Birnin Kebbi Hub,Aliero,30.9,Motorcycle,Paved,Clear,Medium,Parcel,1,24.4,0.2,Evening,Saturday,True,No Signal,77.4
ORD10284,Birnin Kebbi Hub,Argungu,77.4,Motorcycle,Paved,Rain,High,Bulk Goods,1,26.9,0.8,Midday,Friday,False,Strong,263.0
ORD10285,Birnin Kebbi Hub,Birnin Kebbi,7.5,Keke (Tricycle),Paved,Clear,Medium,Parcel,0,1.8,1.0,Afternoon,Wednesday,False,Weak,28.8
ORD10286,Birnin Kebbi Hub,Birnin Kebbi,8.1,Motorcycle,Paved,Rain,Low,Food,0,0.9,2.5,Morning,Thursday,False,No Signal,25.8
ORD10287,Birnin Kebbi Hub,Birnin Kebbi,4.0,Keke (Tricycle),Unpaved,Clear,Low,Parcel,1,6.5,0.9,Afternoon,Monday,False,Strong,40.5
ORD10288,Birnin Kebbi Hub,Argungu,75.0,Van,Paved,Clear,Medium,Parcel,1,0.2,1.9,Afternoon,Monday,False,Weak,111.4
ORD10289,Birnin Kebbi Hub,Birnin Kebbi,3.3,Motorcycle,Paved,Clear,Low,Bulk Goods,0,12.8,1.7,Evening,Saturday,True,Strong,21.8
ORD10290,Birnin Kebbi Hub,Bunza,44.8,Motorcycle,Unpaved,Harmattan Dust,Medium,Parcel,2,3.1,5.6,Morning,Wednesday,False,Weak,152.3
ORD10291,Birnin Kebbi Hub,Birnin Kebbi,2.7,Van,Unpaved,Harmattan Dust,Low,Parcel,0,0.2,5.5,Midday,Sunday,True,Weak,13.5
ORD10292,Birnin Kebbi Hub,Yauri,153.8,Van,Unpaved,Harmattan Dust,Medium,Food,0,3.6,3.4,Morning,Monday,False,Strong,453.9
ORD10293,Birnin Kebbi Hub,Zuru,201.0,Motorcycle,Paved,Clear,Medium,Food,1,3.5,0.7,Midday,Tuesday,False,Strong,289.7
ORD10294,Birnin Kebbi Hub,Aliero,37.1,Motorcycle,Paved,Clear,Low,Food,0,3.5,1.7,Evening,Tuesday,False,Weak,49.0
ORD10295,Birnin Kebbi Hub,Kamba,132.2,Keke (Tricycle),Unpaved,Harmattan Dust,Medium,Food,1,3.8,4.1,Morning,Tuesday,False,Weak,671.8
ORD10296,Birnin Kebbi Hub,Argungu,57.8,Keke (Tricycle),Paved,Clear,High,Bulk Goods,1,32.8,4.7,Afternoon,Wednesday,False,Strong,228.0
ORD10297,Birnin Kebbi Hub,Birnin Kebbi,8.7,Keke (Tricycle),Paved,Clear,Medium,Food,0,2.6,0.7,Evening,Thursday,False,Strong,36.6
ORD10298,Birnin Kebbi Hub,Bunza,41.6,Motorcycle,Unpaved,Rain,Medium,Documents,1,2.7,1.6,Morning,Thursday,False,Weak,177.7
ORD10299,Birnin Kebbi Hub,Birnin Kebbi,6.0,Motorcycle,Paved,Rain,Medium,Bulk Goods,0,15.3,1.8,Morning,Thursday,False,Strong,41.4
ORD10300,Birnin Kebbi Hub,Birnin Kebbi,6.1,Motorcycle,Paved,Harmattan Dust,High,Food,2,2.2,2.8,Morning,Monday,False,Strong,38.2
ORD10301,Birnin Kebbi Hub,Birnin Kebbi,4.4,Keke (Tricycle),Paved,Clear,Medium,Parcel,0,0.8,0.8,Morning,Tuesday,False,Strong,32.4
ORD10302,Birnin Kebbi Hub,Birnin Kebbi,5.2,Keke (Tricycle),Paved,Rain,High,Parcel,0,8.7,8.8,Morning,Friday,False,No Signal,34.7
ORD10303,Birnin Kebbi Hub,Aliero,30.9,Van,Paved,Clear,High,Parcel,0,0.6,4.3,Midday,Friday,False,Weak,68.8
ORD10304,Birnin Kebbi Hub,Jega,49.8,Motorcycle,Paved,Clear,High,Food,3,1.4,3.5,Morning,Thursday,False,Strong,127.8
ORD10305,Birnin Kebbi Hub,Birnin Kebbi,8.4,Keke (Tricycle),Paved,Clear,Low,Food,1,5.5,4.0,Afternoon,Thursday,False,Strong,38.5
ORD10306,Birnin Kebbi Hub,Yauri,147.8,Motorcycle,Unpaved,Rain,High,Parcel,3,1.9,1.4,Midday,Wednesday,False,Strong,840.4
ORD10307,Birnin Kebbi Hub,Argungu,67.0,Motorcycle,Unpaved,Harmattan Dust,Medium,Parcel,1,11.6,2.5,Midday,Sunday,True,Weak,233.6
ORD10308,Birnin Kebbi Hub,Birnin Kebbi,10.4,Motorcycle,Unpaved,Harmattan Dust,Low,Bulk Goods,0,36.9,3.8,Morning,Friday,False,Weak,59.8
ORD10309,Birnin Kebbi Hub,Kamba,149.3,Motorcycle,Unpaved,Clear,Medium,Documents,0,0.7,1.6,Morning,Monday,False,Strong,385.2
ORD10310,Birnin Kebbi Hub,Kamba,170.3,Keke (Tricycle),Unpaved,Harmattan Dust,Medium,Parcel,2,4.4,0.9,Midday,Thursday,False,Strong,861.4
ORD10311,Birnin Kebbi Hub,Argungu,65.6,Keke (Tricycle),Paved,Clear,High,Parcel,2,2.0,2.5,Evening,Thursday,False,Weak,227.3
ORD10312,Birnin Kebbi Hub,Argungu,66.7,Motorcycle,Paved,Clear,High,Food,0,0.6,2.5,Evening,Thursday,False,Strong,136.3
ORD10313,Birnin Kebbi Hub,Jega,58.4,Keke (Tricycle),Paved,Clear,Low,Documents,0,1.5,1.5,Midday,Monday,False,Strong,107.8
ORD10314,Birnin Kebbi Hub,Birnin Kebbi,7.2,Motorcycle,Paved,Clear,Low,Bulk Goods,2,20.4,2.8,Midday,Thursday,False,Weak,38.7
ORD10315,Birnin Kebbi Hub,Argungu,76.1,Keke (Tricycle),Paved,Clear,High,Parcel,0,0.8,0.5,Evening,Tuesday,False,Weak,255.3
ORD10316,Birnin Kebbi Hub,Jega,62.4,Van,Unpaved,Rain,Low,Food,0,6.6,3.4,Afternoon,Monday,False,No Signal,183.3
ORD10317,Birnin Kebbi Hub,Argungu,61.8,Keke (Tricycle),Paved,Harmattan Dust,High,Parcel,0,9.4,3.4,Midday,Monday,False,No Signal,260.0
ORD10318,Birnin Kebbi Hub,Birnin Kebbi,3.8,Motorcycle,Paved,Clear,Low,Food,4,6.6,2.6,Evening,Tuesday,False,Strong,41.1
ORD10319,Birnin Kebbi Hub,Birnin Kebbi,4.2,Van,Paved,Clear,Low,Parcel,3,0.8,1.4,Evening,Saturday,True,Strong,42.4
ORD10320,Birnin Kebbi Hub,Jega,56.5,Motorcycle,Unpaved,Clear,High,Bulk Goods,2,24.8,0.9,Morning,Saturday,True,Weak,242.5
ORD10321,Birnin Kebbi Hub,Birnin Kebbi,4.2,Motorcycle,Paved,Clear,Medium,Food,0,3.2,3.1,Morning,Saturday,True,Strong,21.6
ORD10322,Birnin Kebbi Hub,Birnin Kebbi,5.8,Motorcycle,Paved,Harmattan Dust,Medium,Parcel,4,1.9,1.2,Midday,Friday,False,Strong,42.6
ORD10323,Birnin Kebbi Hub,Yauri,182.7,Motorcycle,Paved,Clear,Medium,Parcel,0,3.6,3.1,Evening,Thursday,False,Strong,253.9
ORD10324,Birnin Kebbi Hub,Birnin Kebbi,4.6,Keke (Tricycle),Paved,Rain,Low,Documents,0,2.5,1.4,Midday,Friday,False,Strong,24.9
ORD10325,Birnin Kebbi Hub,Zuru,172.1,Keke (Tricycle),Paved,Clear,Low,Parcel,0,0.4,1.9,Morning,Monday,False,Strong,305.8
ORD10326,Birnin Kebbi Hub,Birnin Kebbi,8.1,Keke (Tricycle),Paved,Clear,Low,Food,0,0.3,2.8,Evening,Tuesday,False,Strong,24.3
ORD10327,Birnin Kebbi Hub,Yauri,211.4,Keke (Tricycle),Paved,Clear,Medium,Parcel,2,0.4,2.3,Afternoon,Tuesday,False,Strong,485.1
ORD10328,Birnin Kebbi Hub,Birnin Kebbi,6.8,Van,Paved,Clear,Low,Parcel,1,6.4,3.0,Morning,Friday,False,Weak,40.0
ORD10329,Birnin Kebbi Hub,Bunza,52.3,Keke (Tricycle),Paved,Rain,Medium,Parcel,0,3.6,0.3,Midday,Friday,False,Strong,184.7
ORD10330,Birnin Kebbi Hub,Argungu,57.5,Keke (Tricycle),Paved,Harmattan Dust,High,Food,1,4.6,2.4,Midday,Tuesday,False,Strong,252.4
ORD10331,Birnin Kebbi Hub,Argungu,56.7,Motorcycle,Unpaved,Rain,High,Food,1,7.7,0.4,Morning,Tuesday,False,No Signal,341.9
ORD10332,Birnin Kebbi Hub,Birnin Kebbi,13.3,Motorcycle,Paved,Harmattan Dust,Low,Parcel,1,3.5,3.0,Midday,Wednesday,False,Weak,31.3
ORD10333,Birnin Kebbi Hub,Birnin Kebbi,7.1,Van,Paved,Clear,Low,Food,1,7.2,3.7,Afternoon,Friday,False,Strong,29.0
ORD10334,Birnin Kebbi Hub,Birnin Kebbi,7.5,Motorcycle,Paved,Rain,Low,Food,1,3.7,1.6,Morning,Tuesday,False,Weak,29.3
ORD10335,Birnin Kebbi Hub,Yauri,169.7,Motorcycle,Unpaved,Rain,Medium,Food,0,1.6,5.6,Afternoon,Friday,False,Weak,672.1
ORD10336,Birnin Kebbi Hub,Argungu,59.0,Motorcycle,Paved,Clear,High,Bulk Goods,0,33.7,2.1,Midday,Saturday,True,Strong,145.4
ORD10337,Birnin Kebbi Hub,Bunza,44.4,Motorcycle,Paved,Harmattan Dust,Medium,Parcel,0,2.2,6.5,Midday,Thursday,False,Weak,77.9
ORD10338,Birnin Kebbi Hub,Bunza,41.7,Van,Unpaved,Clear,Low,Parcel,0,7.2,4.8,Morning,Friday,False,Strong,85.9
ORD10339,Birnin Kebbi Hub,Bunza,54.1,Motorcycle,Paved,Clear,Low,Parcel,1,13.6,2.7,Morning,Tuesday,False,Weak,93.0
ORD10340,Birnin Kebbi Hub,Bunza,53.8,Motorcycle,Unpaved,Clear,Low,Food,3,3.8,2.0,Evening,Wednesday,False,Strong,129.7
ORD10341,Birnin Kebbi Hub,Bunza,51.2,Motorcycle,Unpaved,Clear,Low,Food,0,4.6,2.4,Midday,Saturday,True,Weak,122.7
ORD10342,Birnin Kebbi Hub,Argungu,67.6,Van,Paved,Rain,Low,Parcel,3,5.7,3.9,Evening,Sunday,True,Strong,140.2
ORD10343,Birnin Kebbi Hub,Birnin Kebbi,9.2,Keke (Tricycle),Paved,Clear,Medium,Parcel,4,0.9,1.7,Morning,Sunday,True,Strong,60.0
ORD10344,Birnin Kebbi Hub,Birnin Kebbi,8.6,Van,Paved,Clear,High,Parcel,2,0.6,1.8,Evening,Sunday,True,No Signal,46.0
ORD10345,Birnin Kebbi Hub,Yauri,187.3,Motorcycle,Unpaved,Clear,Medium,Bulk Goods,0,38.6,1.9,Afternoon,Saturday,True,No Signal,508.5
ORD10346,Birnin Kebbi Hub,Kamba,160.4,Motorcycle,Paved,Harmattan Dust,High,Parcel,0,5.6,1.4,Midday,Sunday,True,Strong,408.3
ORD10347,Birnin Kebbi Hub,Birnin Kebbi,7.5,Motorcycle,Paved,Clear,Low,Parcel,0,3.5,6.4,Morning,Wednesday,False,Strong,24.6
ORD10348,Birnin Kebbi Hub,Bunza,43.5,Motorcycle,Paved,Harmattan Dust,Medium,Bulk Goods,1,37.4,2.3,Morning,Saturday,True,Strong,113.2
ORD10349,Birnin Kebbi Hub,Bunza,44.8,Motorcycle,Paved,Harmattan Dust,High,Food,0,14.3,0.3,Evening,Wednesday,False,Strong,130.0
ORD10350,Birnin Kebbi Hub,Birnin Kebbi,5.2,Van,Paved,Clear,Low,Parcel,3,1.7,1.2,Afternoon,Monday,False,Strong,46.4
ORD10351,Birnin Kebbi Hub,Zuru,201.1,Truck,Paved,Clear,Medium,Parcel,0,0.2,2.0,Midday,Wednesday,False,Strong,336.1
ORD10352,Birnin Kebbi Hub,Jega,53.9,Keke (Tricycle),Paved,Clear,High,Bulk Goods,0,41.6,4.1,Midday,Thursday,False,Weak,202.5
ORD10353,Birnin Kebbi Hub,Birnin Kebbi,3.8,Motorcycle,Unpaved,Clear,Low,Food,0,0.7,3.1,Morning,Thursday,False,Strong,8.0
ORD10354,Birnin Kebbi Hub,Argungu,71.2,Van,Unpaved,Clear,High,Parcel,0,13.0,0.3,Morning,Wednesday,False,Strong,264.1
ORD10355,Birnin Kebbi Hub,Zuru,169.6,Truck,Paved,Clear,Medium,Food,0,15.2,2.2,Midday,Thursday,False,Weak,302.4
ORD10356,Birnin Kebbi Hub,Zuru,186.0,Keke (Tricycle),Unpaved,Clear,Low,Parcel,0,2.3,2.2,Midday,Thursday,False,Weak,580.4
ORD10357,Birnin Kebbi Hub,Jega,60.9,Motorcycle,Paved,Clear,Low,Parcel,1,2.9,3.1,Morning,Wednesday,False,Strong,84.1
ORD10358,Birnin Kebbi Hub,Bunza,46.3,Keke (Tricycle),Paved,Clear,Medium,Parcel,2,1.1,4.4,Morning,Tuesday,False,Strong,127.2
ORD10359,Birnin Kebbi Hub,Aliero,33.8,Motorcycle,Paved,Clear,Medium,Parcel,1,0.2,2.0,Midday,Sunday,True,Weak,61.7
ORD10360,Birnin Kebbi Hub,Argungu,60.3,Truck,Paved,Clear,Medium,Bulk Goods,0,36.1,0.9,Midday,Sunday,True,Weak,122.7
ORD10361,Birnin Kebbi Hub,Zuru,165.8,Motorcycle,Paved,Harmattan Dust,High,Food,0,0.6,1.3,Midday,Tuesday,False,Strong,413.2
ORD10362,Birnin Kebbi Hub,Birnin Kebbi,4.5,Motorcycle,Paved,Rain,Low,Parcel,4,12.4,1.2,Midday,Friday,False,Strong,32.7
ORD10363,Birnin Kebbi Hub,Bunza,40.2,Van,Unpaved,Harmattan Dust,Low,Food,0,0.3,0.4,Afternoon,Saturday,True,Strong,105.4
ORD10364,Birnin Kebbi Hub,Jega,51.9,Keke (Tricycle),Unpaved,Rain,Low,Food,1,9.9,0.3,Midday,Saturday,True,Weak,276.2
ORD10365,Birnin Kebbi Hub,Argungu,51.2,Keke (Tricycle),Unpaved,Harmattan Dust,Medium,Food,0,1.1,0.3,Evening,Thursday,False,Strong,259.2
ORD10366,Birnin Kebbi Hub,Birnin Kebbi,3.8,Van,Paved,Harmattan Dust,Low,Documents,2,5.8,2.0,Afternoon,Monday,False,Weak,51.4
ORD10367,Birnin Kebbi Hub,Bunza,50.3,Keke (Tricycle),Unpaved,Clear,Low,Food,0,3.2,2.9,Morning,Saturday,True,Weak,173.6
ORD10368,Birnin Kebbi Hub,Bunza,56.1,Motorcycle,Paved,Harmattan Dust,Low,Documents,1,1.5,2.7,Afternoon,Sunday,True,Strong,94.0
ORD10369,Birnin Kebbi Hub,Aliero,29.0,Keke (Tricycle),Unpaved,Harmattan Dust,Low,Documents,0,4.1,1.0,Morning,Saturday,True,Weak,131.5
ORD10370,Birnin Kebbi Hub,Zuru,190.5,Keke (Tricycle),Unpaved,Clear,High,Bulk Goods,0,21.1,4.5,Afternoon,Friday,False,Weak,1105.2
ORD10371,Birnin Kebbi Hub,Bunza,41.6,Van,Paved,Rain,Medium,Parcel,4,1.8,0.2,Evening,Tuesday,False,Weak,127.0
ORD10372,Birnin Kebbi Hub,Birnin Kebbi,4.5,Keke (Tricycle),Paved,Clear,High,Bulk Goods,0,14.8,1.6,Midday,Tuesday,False,Strong,38.0
ORD10373,Birnin Kebbi Hub,Jega,53.2,Motorcycle,Paved,Clear,Low,Bulk Goods,2,17.2,1.8,Evening,Monday,False,Strong,91.3
ORD10374,Birnin Kebbi Hub,Zuru,152.5,Motorcycle,Paved,Clear,Medium,Documents,0,0.2,2.8,Evening,Friday,False,Strong,221.3
ORD10375,Birnin Kebbi Hub,Birnin Kebbi,2.6,Motorcycle,Paved,Rain,Medium,Documents,1,0.9,1.0,Midday,Monday,False,No Signal,23.7
ORD10376,Birnin Kebbi Hub,Aliero,30.2,Motorcycle,Unpaved,Harmattan Dust,Medium,Documents,1,7.2,3.0,Morning,Thursday,False,No Signal,126.7
ORD10377,Birnin Kebbi Hub,Argungu,54.3,Truck,Unpaved,Clear,Low,Documents,0,1.1,4.0,Evening,Tuesday,False,Weak,139.9
ORD10378,Birnin Kebbi Hub,Bunza,38.3,Motorcycle,Unpaved,Rain,Medium,Parcel,0,2.1,3.5,Morning,Tuesday,False,Strong,164.4
ORD10379,Birnin Kebbi Hub,Birnin Kebbi,2.1,Van,Unpaved,Clear,Low,Food,3,0.7,2.1,Afternoon,Friday,False,Strong,47.3
ORD10380,Birnin Kebbi Hub,Birnin Kebbi,4.9,Motorcycle,Paved,Clear,Medium,Parcel,0,4.1,1.7,Morning,Thursday,False,Strong,31.2
ORD10381,Birnin Kebbi Hub,Bunza,38.2,Keke (Tricycle),Unpaved,Rain,Low,Parcel,0,8.9,2.6,Morning,Saturday,True,Weak,202.0
ORD10382,Birnin Kebbi Hub,Birnin Kebbi,7.4,Van,Paved,Clear,High,Documents,0,2.7,1.0,Afternoon,Monday,False,No Signal,36.6
ORD10383,Birnin Kebbi Hub,Birnin Kebbi,5.0,Van,Paved,Clear,Low,Parcel,0,6.3,8.7,Morning,Tuesday,False,Weak,14.3
ORD10384,Birnin Kebbi Hub,Birnin Kebbi,6.4,Keke (Tricycle),Paved,Harmattan Dust,Low,Documents,0,2.1,0.8,Morning,Thursday,False,Weak,37.5
ORD10385,Birnin Kebbi Hub,Aliero,32.9,Keke (Tricycle),Paved,Clear,Medium,Parcel,0,0.4,1.9,Morning,Saturday,True,Weak,94.7
ORD10386,Birnin Kebbi Hub,Birnin Kebbi,6.6,Motorcycle,Paved,Clear,Medium,Documents,2,1.1,1.9,Afternoon,Wednesday,False,Strong,19.8
ORD10387,Birnin Kebbi Hub,Zuru,156.5,Keke (Tricycle),Paved,Clear,Medium,Bulk Goods,0,38.7,2.2,Morning,Tuesday,False,Strong,370.1
ORD10388,Birnin Kebbi Hub,Kamba,141.4,Motorcycle,Paved,Clear,Low,Food,2,12.8,3.4,Afternoon,Sunday,True,Strong,180.6
ORD10389,Birnin Kebbi Hub,Zuru,183.3,Motorcycle,Paved,Clear,Medium,Documents,0,8.4,3.2,Evening,Sunday,True,Strong,262.2
ORD10390,Birnin Kebbi Hub,Bunza,39.2,Motorcycle,Unpaved,Clear,Medium,Parcel,0,0.2,1.7,Evening,Sunday,True,Weak,113.1
ORD10391,Birnin Kebbi Hub,Bunza,42.8,Van,Paved,Harmattan Dust,Medium,Documents,1,0.3,1.2,Afternoon,Saturday,True,Weak,91.0
ORD10392,Birnin Kebbi Hub,Yauri,102.3,Keke (Tricycle),Paved,Harmattan Dust,Low,Bulk Goods,0,19.9,2.1,Morning,Wednesday,False,No Signal,247.8
ORD10393,Birnin Kebbi Hub,Birnin Kebbi,5.4,Van,Paved,Clear,Medium,Food,0,13.1,2.0,Midday,Saturday,True,Weak,18.1
ORD10394,Birnin Kebbi Hub,Bunza,44.0,Motorcycle,Paved,Clear,Medium,Bulk Goods,2,36.6,1.8,Evening,Wednesday,False,Strong,101.7
ORD10395,Birnin Kebbi Hub,Birnin Kebbi,7.9,Motorcycle,Paved,Clear,Medium,Parcel,1,1.5,3.2,Midday,Friday,False,Weak,28.3
ORD10396,Birnin Kebbi Hub,Argungu,64.0,Van,Unpaved,Clear,High,Parcel,3,7.0,1.3,Evening,Friday,False,Strong,251.6
ORD10397,Birnin Kebbi Hub,Aliero,45.0,Keke (Tricycle),Unpaved,Clear,Low,Parcel,0,3.3,4.8,Midday,Friday,False,Weak,149.6
ORD10398,Birnin Kebbi Hub,Bunza,43.4,Keke (Tricycle),Unpaved,Clear,Medium,Documents,0,0.6,0.8,Afternoon,Monday,False,Strong,187.3
ORD10399,Birnin Kebbi Hub,Kamba,148.0,Motorcycle,Paved,Clear,Medium,Bulk Goods,0,41.3,5.7,Morning,Thursday,False,Weak,233.5
ORD10400,Birnin Kebbi Hub,Birnin Kebbi,3.9,Truck,Paved,Harmattan Dust,Low,Food,0,0.2,3.0,Evening,Thursday,False,Strong,13.6
ORD10401,Birnin Kebbi Hub,Birnin Kebbi,8.2,Van,Paved,Clear,Low,Parcel,0,0.5,1.1,Morning,Saturday,True,Weak,16.7
ORD10402,Birnin Kebbi Hub,Argungu,61.8,Keke (Tricycle),Unpaved,Clear,Low,Documents,0,0.2,5.2,Morning,Wednesday,False,No Signal,213.3
ORD10403,Birnin Kebbi Hub,Bunza,57.9,Truck,Paved,Rain,Medium,Parcel,0,0.9,3.6,Evening,Thursday,False,Strong,156.5
ORD10404,Birnin Kebbi Hub,Kamba,119.8,Motorcycle,Paved,Clear,Medium,Parcel,1,1.1,1.0,Midday,Monday,False,Weak,173.4
ORD10405,Birnin Kebbi Hub,Jega,70.7,Keke (Tricycle),Unpaved,Clear,Low,Parcel,0,1.2,0.4,Midday,Friday,False,Weak,234.3
ORD10406,Birnin Kebbi Hub,Zuru,177.7,Motorcycle,Paved,Harmattan Dust,Medium,Parcel,1,3.0,2.1,Afternoon,Wednesday,False,Strong,322.8
ORD10407,Birnin Kebbi Hub,Kamba,141.7,Keke (Tricycle),Unpaved,Clear,Medium,Parcel,2,0.9,4.3,Midday,Tuesday,False,Strong,560.4
ORD10408,Birnin Kebbi Hub,Jega,41.4,Truck,Paved,Rain,Medium,Parcel,0,2.1,3.2,Midday,Saturday,True,Weak,113.8
ORD10409,Birnin Kebbi Hub,Kamba,150.9,Truck,Paved,Rain,High,Parcel,1,8.8,1.1,Midday,Monday,False,Strong,598.4
ORD10410,Birnin Kebbi Hub,Argungu,71.7,Keke (Tricycle),Paved,Clear,Low,Bulk Goods,0,35.8,4.9,Evening,Sunday,True,Strong,147.0
ORD10411,Birnin Kebbi Hub,Argungu,59.4,Motorcycle,Paved,Clear,Low,Bulk Goods,0,18.3,1.8,Afternoon,Monday,False,No Signal,96.9
ORD10412,Birnin Kebbi Hub,Birnin Kebbi,7.9,Van,Paved,Harmattan Dust,Low,Documents,1,8.8,0.8,Morning,Monday,False,Strong,40.0
ORD10413,Birnin Kebbi Hub,Bunza,43.4,Van,Paved,Clear,High,Parcel,0,0.8,2.2,Afternoon,Tuesday,False,Strong,70.1
ORD10414,Birnin Kebbi Hub,Birnin Kebbi,9.5,Keke (Tricycle),Unpaved,Clear,Low,Parcel,0,2.0,0.8,Morning,Tuesday,False,Weak,52.8
ORD10415,Birnin Kebbi Hub,Argungu,61.7,Motorcycle,Unpaved,Clear,High,Parcel,0,0.5,1.5,Morning,Sunday,True,No Signal,247.6
ORD10416,Birnin Kebbi Hub,Bunza,50.5,Motorcycle,Unpaved,Clear,Low,Bulk Goods,0,47.4,4.9,Afternoon,Tuesday,False,No Signal,153.2
ORD10417,Birnin Kebbi Hub,Jega,64.2,Van,Unpaved,Clear,Medium,Parcel,0,2.4,6.1,Morning,Saturday,True,Weak,160.4
ORD10418,Birnin Kebbi Hub,Zuru,168.6,Truck,Unpaved,Rain,Medium,Parcel,1,4.8,2.0,Midday,Wednesday,False,Weak,811.2
ORD10419,Birnin Kebbi Hub,Birnin Kebbi,6.3,Motorcycle,Paved,Clear,High,Bulk Goods,0,24.7,11.3,Morning,Friday,False,Weak,33.4
ORD10420,Birnin Kebbi Hub,Zuru,174.6,Keke (Tricycle),Paved,Clear,Low,Food,1,1.5,3.8,Midday,Wednesday,False,Strong,314.0
ORD10421,Birnin Kebbi Hub,Birnin Kebbi,4.3,Motorcycle,Paved,Clear,High,Food,0,4.5,1.9,Midday,Thursday,False,Weak,20.5
ORD10422,Birnin Kebbi Hub,Zuru,202.2,Motorcycle,Paved,Harmattan Dust,Low,Parcel,2,2.4,3.3,Evening,Sunday,True,Strong,294.8
ORD10423,Birnin Kebbi Hub,Jega,55.6,Keke (Tricycle),Unpaved,Clear,Medium,Food,0,9.9,4.0,Midday,Saturday,True,Strong,233.2
ORD10424,Birnin Kebbi Hub,Bunza,49.9,Motorcycle,Paved,Clear,Medium,Food,1,1.3,1.0,Afternoon,Monday,False,Weak,91.4
ORD10425,Birnin Kebbi Hub,Aliero,34.9,Motorcycle,Unpaved,Clear,Medium,Bulk Goods,0,20.1,0.3,Midday,Saturday,True,Strong,118.5
ORD10426,Birnin Kebbi Hub,Birnin Kebbi,4.3,Motorcycle,Paved,Clear,Low,Bulk Goods,2,39.2,3.2,Morning,Saturday,True,Weak,53.4
ORD10427,Birnin Kebbi Hub,Birnin Kebbi,4.6,Van,Paved,Clear,Medium,Parcel,0,0.3,5.7,Morning,Friday,False,Strong,21.1
ORD10428,Birnin Kebbi Hub,Birnin Kebbi,8.0,Keke (Tricycle),Paved,Clear,High,Food,0,1.4,1.4,Midday,Saturday,True,Weak,41.9
ORD10429,Birnin Kebbi Hub,Kamba,142.1,Motorcycle,Unpaved,Rain,Medium,Bulk Goods,3,33.8,1.8,Afternoon,Wednesday,False,Strong,586.5
ORD10430,Birnin Kebbi Hub,Jega,45.3,Keke (Tricycle),Unpaved,Rain,Medium,Food,1,5.2,0.5,Evening,Saturday,True,Strong,302.0
ORD10431,Birnin Kebbi Hub,Birnin Kebbi,8.5,Motorcycle,Paved,Clear,Medium,Parcel,0,2.3,2.1,Midday,Monday,False,Strong,23.7
ORD10432,Birnin Kebbi Hub,Kamba,140.5,Truck,Paved,Harmattan Dust,Medium,Parcel,1,1.3,3.4,Morning,Thursday,False,Strong,317.5
ORD10433,Birnin Kebbi Hub,Birnin Kebbi,6.7,Keke (Tricycle),Paved,Clear,Medium,Food,0,12.9,4.3,Morning,Monday,False,Weak,33.9
ORD10434,Birnin Kebbi Hub,Argungu,66.5,Van,Paved,Clear,Low,Parcel,3,8.1,1.2,Morning,Tuesday,False,No Signal,116.3
ORD10435,Birnin Kebbi Hub,Bunza,46.3,Truck,Unpaved,Rain,Low,Documents,1,1.5,0.2,Morning,Thursday,False,Strong,206.4
ORD10436,Birnin Kebbi Hub,Kamba,134.0,Keke (Tricycle),Unpaved,Clear,Low,Documents,0,4.3,4.9,Morning,Saturday,True,Strong,429.6
ORD10437,Birnin Kebbi Hub,Kamba,137.3,Van,Unpaved,Clear,High,Bulk Goods,0,22.5,1.3,Morning,Tuesday,False,Strong,465.2
ORD10438,Birnin Kebbi Hub,Zuru,169.6,Keke (Tricycle),Paved,Clear,High,Parcel,1,9.3,7.2,Evening,Wednesday,False,Weak,532.5
ORD10439,Birnin Kebbi Hub,Bunza,49.1,Van,Paved,Rain,Low,Food,0,4.5,1.3,Midday,Monday,False,Strong,95.4
ORD10440,Birnin Kebbi Hub,Birnin Kebbi,6.0,Motorcycle,Paved,Clear,High,Parcel,2,4.7,6.8,Morning,Sunday,True,Weak,40.6
ORD10441,Birnin Kebbi Hub,Bunza,37.5,Van,Paved,Clear,Low,Documents,2,2.7,4.9,Evening,Wednesday,False,Strong,64.9
ORD10442,Birnin Kebbi Hub,Birnin Kebbi,6.8,Van,Paved,Clear,Low,Food,0,1.5,1.5,Morning,Wednesday,False,Strong,16.8
ORD10443,Birnin Kebbi Hub,Zuru,185.9,Motorcycle,Paved,Rain,Low,Parcel,2,1.1,2.9,Evening,Sunday,True,No Signal,330.2
ORD10444,Birnin Kebbi Hub,Bunza,48.9,Keke (Tricycle),Paved,Rain,High,Parcel,1,0.2,0.5,Morning,Tuesday,False,Weak,251.4
ORD10445,Birnin Kebbi Hub,Birnin Kebbi,8.1,Keke (Tricycle),Paved,Rain,Low,Documents,0,3.4,3.3,Morning,Wednesday,False,Strong,43.4
ORD10446,Birnin Kebbi Hub,Yauri,156.8,Keke (Tricycle),Unpaved,Rain,Low,Parcel,1,6.9,1.8,Evening,Sunday,True,Strong,780.4
ORD10447,Birnin Kebbi Hub,Birnin Kebbi,5.5,Keke (Tricycle),Paved,Clear,Low,Bulk Goods,2,19.2,5.0,Midday,Thursday,False,Weak,34.8
ORD10448,Birnin Kebbi Hub,Yauri,170.7,Motorcycle,Unpaved,Clear,Medium,Food,2,5.3,1.9,Morning,Monday,False,Weak,457.1
ORD10449,Birnin Kebbi Hub,Birnin Kebbi,11.1,Motorcycle,Paved,Harmattan Dust,Low,Bulk Goods,0,28.2,3.2,Morning,Sunday,True,No Signal,68.6
ORD10450,Birnin Kebbi Hub,Bunza,53.8,Keke (Tricycle),Paved,Clear,Medium,Documents,0,3.7,1.5,Evening,Tuesday,False,Weak,131.0
ORD10451,Birnin Kebbi Hub,Birnin Kebbi,9.0,Keke (Tricycle),Paved,Clear,Medium,Bulk Goods,2,25.6,0.2,Morning,Monday,False,Strong,55.8
ORD10452,Birnin Kebbi Hub,Birnin Kebbi,7.7,Truck,Paved,Clear,Low,Food,1,1.8,5.7,Midday,Tuesday,False,Weak,31.8
ORD10453,Birnin Kebbi Hub,Bunza,45.8,Van,Paved,Clear,Medium,Bulk Goods,1,40.6,1.5,Afternoon,Saturday,True,Weak,87.1
ORD10454,Birnin Kebbi Hub,Aliero,35.2,Motorcycle,Paved,Harmattan Dust,Low,Bulk Goods,0,15.2,0.7,Morning,Monday,False,Weak,81.2
ORD10455,Birnin Kebbi Hub,Zuru,135.2,Van,Paved,Clear,Low,Bulk Goods,0,32.7,2.5,Midday,Sunday,True,Weak,145.6
ORD10456,Birnin Kebbi Hub,Birnin Kebbi,8.8,Van,Paved,Harmattan Dust,Low,Documents,0,1.5,1.5,Evening,Friday,False,Strong,15.3
ORD10457,Birnin Kebbi Hub,Argungu,63.6,Motorcycle,Unpaved,Clear,Low,Parcel,0,3.1,0.3,Evening,Wednesday,False,No Signal,157.4
ORD10458,Birnin Kebbi Hub,Bunza,43.8,Keke (Tricycle),Unpaved,Harmattan Dust,Medium,Parcel,0,6.5,0.4,Midday,Thursday,False,Weak,246.3
ORD10459,Birnin Kebbi Hub,Jega,50.5,Motorcycle,Paved,Harmattan Dust,High,Parcel,0,10.5,5.0,Evening,Wednesday,False,Weak,140.7
ORD10460,Birnin Kebbi Hub,Birnin Kebbi,10.0,Van,Paved,Harmattan Dust,High,Bulk Goods,0,25.8,4.3,Afternoon,Friday,False,Weak,34.6
ORD10461,Birnin Kebbi Hub,Birnin Kebbi,5.8,Motorcycle,Paved,Clear,Medium,Parcel,1,3.1,1.3,Evening,Monday,False,Weak,23.0
ORD10462,Birnin Kebbi Hub,Yauri,150.4,Motorcycle,Paved,Rain,Low,Parcel,2,1.8,7.4,Afternoon,Monday,False,Weak,274.3
ORD10463,Birnin Kebbi Hub,Argungu,66.0,Motorcycle,Unpaved,Clear,Low,Food,0,0.9,3.0,Midday,Saturday,True,Strong,128.7
ORD10464,Birnin Kebbi Hub,Zuru,214.5,Van,Paved,Rain,Low,Food,3,7.2,1.5,Midday,Saturday,True,Strong,375.3
ORD10465,Birnin Kebbi Hub,Aliero,31.7,Motorcycle,Unpaved,Harmattan Dust,Medium,Bulk Goods,0,15.1,1.1,Morning,Friday,False,Weak,117.5
ORD10466,Birnin Kebbi Hub,Bunza,36.9,Motorcycle,Paved,Clear,Low,Documents,0,0.9,4.6,Afternoon,Wednesday,False,Strong,51.4
ORD10467,Birnin Kebbi Hub,Zuru,208.4,Truck,Unpaved,Rain,Medium,Parcel,4,1.9,2.5,Evening,Monday,False,Strong,1045.0
ORD10468,Birnin Kebbi Hub,Bunza,54.0,Van,Paved,Clear,Medium,Food,2,2.0,0.9,Midday,Wednesday,False,Weak,100.2
ORD10469,Birnin Kebbi Hub,Birnin Kebbi,5.9,Van,Unpaved,Clear,Medium,Food,0,6.5,0.5,Morning,Tuesday,False,No Signal,37.0
ORD10470,Birnin Kebbi Hub,Kamba,151.6,Van,Unpaved,Clear,Low,Food,0,0.8,0.9,Evening,Friday,False,Weak,275.9
ORD10471,Birnin Kebbi Hub,Birnin Kebbi,9.8,Keke (Tricycle),Paved,Rain,Medium,Food,0,4.2,4.4,Midday,Wednesday,False,Weak,39.2
ORD10472,Birnin Kebbi Hub,Birnin Kebbi,5.5,Van,Paved,Rain,Low,Food,2,0.2,2.9,Morning,Saturday,True,No Signal,48.4
ORD10473,Birnin Kebbi Hub,Kamba,136.8,Motorcycle,Unpaved,Clear,Low,Documents,3,2.1,2.0,Morning,Friday,False,No Signal,309.2
ORD10474,Birnin Kebbi Hub,Yauri,193.9,Motorcycle,Unpaved,Clear,Low,Food,0,1.3,2.9,Afternoon,Saturday,True,Weak,404.0
ORD10475,Birnin Kebbi Hub,Jega,60.7,Keke (Tricycle),Unpaved,Clear,Low,Food,1,8.9,3.7,Morning,Monday,False,Strong,204.8
ORD10476,Birnin Kebbi Hub,Birnin Kebbi,7.4,Van,Paved,Clear,Low,Documents,0,5.3,2.1,Afternoon,Saturday,True,Weak,31.6
ORD10477,Birnin Kebbi Hub,Jega,53.2,Motorcycle,Paved,Harmattan Dust,Low,Bulk Goods,1,24.3,1.6,Midday,Sunday,True,Weak,101.4
ORD10478,Birnin Kebbi Hub,Birnin Kebbi,5.1,Van,Paved,Clear,Medium,Documents,2,1.2,1.3,Evening,Saturday,True,No Signal,38.3
ORD10479,Birnin Kebbi Hub,Bunza,43.2,Motorcycle,Paved,Harmattan Dust,Low,Food,0,6.3,0.7,Midday,Saturday,True,Strong,74.8
ORD10480,Birnin Kebbi Hub,Kamba,168.7,Truck,Unpaved,Harmattan Dust,Low,Parcel,0,9.0,3.2,Midday,Tuesday,False,Strong,518.1
ORD10481,Birnin Kebbi Hub,Birnin Kebbi,7.2,Motorcycle,Paved,Clear,Low,Food,1,8.1,1.1,Evening,Sunday,True,Weak,43.8
ORD10482,Birnin Kebbi Hub,Zuru,239.7,Motorcycle,Paved,Clear,High,Bulk Goods,1,19.6,1.2,Midday,Friday,False,Strong,506.3
ORD10483,Birnin Kebbi Hub,Zuru,137.1,Van,Paved,Clear,Low,Parcel,0,4.3,0.3,Evening,Monday,False,No Signal,151.9
ORD10484,Birnin Kebbi Hub,Birnin Kebbi,6.3,Van,Paved,Clear,High,Bulk Goods,3,23.4,2.3,Morning,Tuesday,False,No Signal,65.5
ORD10485,Birnin Kebbi Hub,Birnin Kebbi,1.5,Keke (Tricycle),Paved,Clear,Low,Bulk Goods,0,44.8,1.8,Morning,Monday,False,Strong,43.5
ORD10486,Birnin Kebbi Hub,Argungu,69.0,Motorcycle,Unpaved,Clear,Low,Food,0,11.9,2.5,Evening,Sunday,True,Strong,145.3
ORD10487,Birnin Kebbi Hub,Birnin Kebbi,7.4,Motorcycle,Paved,Clear,High,Bulk Goods,0,18.7,1.0,Afternoon,Thursday,False,Weak,47.8
ORD10488,Birnin Kebbi Hub,Argungu,65.4,Keke (Tricycle),Paved,Clear,Low,Food,0,4.9,1.9,Morning,Friday,False,Strong,131.4
ORD10489,Birnin Kebbi Hub,Jega,56.9,Keke (Tricycle),Paved,Clear,High,Food,0,2.7,1.8,Evening,Wednesday,False,Weak,185.1
ORD10490,Birnin Kebbi Hub,Kamba,144.4,Motorcycle,Paved,Clear,Low,Food,0,2.3,6.9,Morning,Saturday,True,No Signal,181.2
ORD10491,Birnin Kebbi Hub,Birnin Kebbi,9.7,Motorcycle,Paved,Harmattan Dust,Low,Parcel,0,9.0,0.9,Morning,Monday,False,Strong,37.6
ORD10492,Birnin Kebbi Hub,Argungu,78.8,Motorcycle,Unpaved,Clear,High,Parcel,1,2.2,0.4,Morning,Thursday,False,Weak,305.9
ORD10493,Birnin Kebbi Hub,Argungu,58.1,Keke (Tricycle),Paved,Clear,Medium,Parcel,0,1.5,3.4,Midday,Sunday,True,Strong,127.1
ORD10494,Birnin Kebbi Hub,Birnin Kebbi,5.6,Motorcycle,Paved,Harmattan Dust,Low,Parcel,0,4.1,0.6,Morning,Monday,False,Strong,32.7
ORD10495,Birnin Kebbi Hub,Kamba,141.6,Motorcycle,Unpaved,Clear,High,Bulk Goods,1,18.9,0.9,Morning,Saturday,True,Strong,543.5
ORD10496,Birnin Kebbi Hub,Argungu,70.6,Motorcycle,Unpaved,Harmattan Dust,Medium,Parcel,2,0.2,2.2,Evening,Thursday,False,Weak,243.8
ORD10497,Birnin Kebbi Hub,Birnin Kebbi,5.7,Motorcycle,Paved,Clear,Medium,Food,1,2.2,4.5,Morning,Friday,False,Weak,25.3
ORD10498,Birnin Kebbi Hub,Argungu,58.0,Keke (Tricycle),Paved,Harmattan Dust,Low,Bulk Goods,0,30.7,2.5,Morning,Sunday,True,Strong,153.3
ORD10499,Birnin Kebbi Hub,Kamba,144.3,Van,Paved,Clear,Medium,Parcel,0,2.8,1.0,Midday,Tuesday,False,Strong,197.7
ORD10500,Birnin Kebbi Hub,Bunza,54.7,Keke (Tricycle),Paved,Clear,Low,Parcel,0,7.3,4.2,Afternoon,Friday,False,Strong,113.2
ORD10501,Birnin Kebbi Hub,Birnin Kebbi,6.3,Truck,Paved,Clear,Medium,Parcel,2,4.9,1.3,Afternoon,Thursday,False,No Signal,50.7
ORD10502,Birnin Kebbi Hub,Kamba,143.5,Keke (Tricycle),Unpaved,Clear,High,Parcel,1,1.7,1.1,Midday,Monday,False,Weak,822.6
ORD10503,Birnin Kebbi Hub,Birnin Kebbi,7.4,Motorcycle,Paved,Rain,Low,Food,1,9.9,0.2,Evening,Wednesday,False,Strong,44.1
ORD10504,Birnin Kebbi Hub,Argungu,68.1,Keke (Tricycle),Paved,Clear,Low,Documents,1,9.0,0.9,Morning,Sunday,True,Strong,150.2
ORD10505,Birnin Kebbi Hub,Kamba,147.9,Motorcycle,Paved,Clear,Low,Bulk Goods,0,24.6,0.7,Morning,Friday,False,No Signal,204.9
ORD10506,Birnin Kebbi Hub,Bunza,44.0,Motorcycle,Paved,Rain,Medium,Bulk Goods,0,41.8,9.6,Morning,Friday,False,Weak,125.1
ORD10507,Birnin Kebbi Hub,Birnin Kebbi,8.1,Motorcycle,Paved,Clear,Low,Food,0,0.7,0.5,Midday,Saturday,True,Strong,27.8
ORD10508,Birnin Kebbi Hub,Birnin Kebbi,2.6,Motorcycle,Paved,Clear,Medium,Documents,1,4.4,8.4,Midday,Sunday,True,Weak,15.4
ORD10509,Birnin Kebbi Hub,Bunza,37.7,Keke (Tricycle),Unpaved,Rain,Low,Documents,1,8.6,1.0,Midday,Thursday,False,Weak,204.0
ORD10510,Birnin Kebbi Hub,Kamba,152.1,Keke (Tricycle),Unpaved,Clear,Medium,Parcel,0,7.3,3.3,Midday,Wednesday,False,Strong,594.0
ORD10511,Birnin Kebbi Hub,Zuru,152.4,Truck,Unpaved,Rain,Low,Parcel,0,3.2,1.0,Morning,Sunday,True,Weak,590.1
ORD10512,Birnin Kebbi Hub,Birnin Kebbi,5.3,Motorcycle,Unpaved,Clear,Low,Bulk Goods,0,43.5,2.9,Evening,Sunday,True,Strong,48.6
ORD10513,Birnin Kebbi Hub,Yauri,191.6,Motorcycle,Unpaved,Clear,Low,Food,3,0.9,9.8,Evening,Thursday,False,Strong,387.6
ORD10514,Birnin Kebbi Hub,Bunza,50.7,Keke (Tricycle),Unpaved,Clear,Low,Food,0,4.7,1.8,Evening,Saturday,True,Strong,166.5
ORD10515,Birnin Kebbi Hub,Yauri,157.8,Keke (Tricycle),Paved,Clear,Medium,Food,1,1.3,2.4,Midday,Friday,False,Weak,366.3
ORD10516,Birnin Kebbi Hub,Birnin Kebbi,6.1,Motorcycle,Paved,Clear,Low,Documents,2,2.9,1.5,Afternoon,Sunday,True,No Signal,41.3
ORD10517,Birnin Kebbi Hub,Bunza,48.2,Motorcycle,Paved,Clear,Low,Food,1,5.2,1.8,Midday,Saturday,True,Strong,66.9
ORD10518,Birnin Kebbi Hub,Birnin Kebbi,4.3,Motorcycle,Paved,Harmattan Dust,Low,Parcel,1,7.7,1.9,Morning,Wednesday,False,Strong,22.7
ORD10519,Birnin Kebbi Hub,Aliero,35.6,Motorcycle,Paved,Clear,Medium,Food,2,11.5,4.0,Midday,Thursday,False,Strong,66.4
ORD10520,Birnin Kebbi Hub,Birnin Kebbi,3.4,Van,Paved,Clear,Medium,Food,0,8.1,0.4,Morning,Sunday,True,Weak,39.7
ORD10521,Birnin Kebbi Hub,Birnin Kebbi,3.4,Van,Paved,Clear,Medium,Food,1,8.5,3.7,Evening,Tuesday,False,Strong,11.2
ORD10522,Birnin Kebbi Hub,Aliero,39.3,Motorcycle,Paved,Clear,Low,Documents,0,11.3,2.3,Morning,Thursday,False,Strong,68.7
ORD10523,Birnin Kebbi Hub,Argungu,76.9,Motorcycle,Unpaved,Clear,Medium,Documents,0,11.6,1.4,Evening,Monday,False,Weak,207.3
ORD10524,Birnin Kebbi Hub,Bunza,52.4,Van,Paved,Rain,Low,Bulk Goods,1,19.1,1.5,Afternoon,Saturday,True,Weak,121.4
ORD10525,Birnin Kebbi Hub,Argungu,72.5,Van,Paved,Clear,Medium,Parcel,0,14.3,6.1,Midday,Wednesday,False,Strong,90.6
ORD10526,Birnin Kebbi Hub,Kamba,144.6,Motorcycle,Unpaved,Clear,Low,Bulk Goods,0,15.8,7.4,Morning,Monday,False,No Signal,315.4
ORD10527,Birnin Kebbi Hub,Aliero,29.8,Motorcycle,Unpaved,Clear,Medium,Documents,3,8.5,3.8,Midday,Thursday,False,No Signal,98.8
ORD10528,Birnin Kebbi Hub,Yauri,177.1,Truck,Paved,Clear,Low,Parcel,0,9.9,6.1,Midday,Friday,False,Strong,245.3
ORD10529,Birnin Kebbi Hub,Kamba,129.5,Van,Paved,Clear,Medium,Parcel,2,1.4,1.0,Morning,Thursday,False,Weak,200.2
ORD10530,Birnin Kebbi Hub,Bunza,45.6,Motorcycle,Unpaved,Clear,Medium,Parcel,0,18.9,2.9,Midday,Thursday,False,Weak,139.1
ORD10531,Birnin Kebbi Hub,Birnin Kebbi,3.8,Van,Paved,Clear,Low,Food,2,2.6,1.1,Afternoon,Sunday,True,Weak,57.1
ORD10532,Birnin Kebbi Hub,Jega,45.6,Motorcycle,Paved,Harmattan Dust,Medium,Documents,0,4.1,1.5,Evening,Monday,False,Weak,89.7
ORD10533,Birnin Kebbi Hub,Jega,51.8,Motorcycle,Unpaved,Harmattan Dust,Low,Parcel,1,2.4,2.7,Midday,Thursday,False,Strong,137.2
ORD10534,Birnin Kebbi Hub,Birnin Kebbi,7.9,Motorcycle,Paved,Clear,Medium,Food,1,1.2,3.4,Afternoon,Friday,False,No Signal,34.3
ORD10535,Birnin Kebbi Hub,Argungu,62.3,Motorcycle,Paved,Clear,Low,Documents,1,7.2,3.4,Evening,Tuesday,False,Weak,76.7
ORD10536,Birnin Kebbi Hub,Argungu,62.1,Motorcycle,Unpaved,Rain,High,Documents,0,8.6,1.5,Evening,Thursday,False,Weak,361.1
ORD10537,Birnin Kebbi Hub,Yauri,168.3,Motorcycle,Paved,Clear,Medium,Documents,4,2.0,0.7,Morning,Tuesday,False,Weak,267.5
ORD10538,Birnin Kebbi Hub,Bunza,39.8,Motorcycle,Paved,Rain,Low,Food,0,4.0,6.6,Midday,Thursday,False,Strong,75.7
ORD10539,Birnin Kebbi Hub,Kamba,128.1,Truck,Unpaved,Clear,Low,Parcel,3,3.1,1.2,Morning,Tuesday,False,Strong,365.4
ORD10540,Birnin Kebbi Hub,Aliero,34.0,Motorcycle,Unpaved,Clear,Low,Bulk Goods,2,32.2,3.2,Afternoon,Saturday,True,Weak,110.1
ORD10541,Birnin Kebbi Hub,Argungu,44.6,Motorcycle,Unpaved,Clear,Low,Parcel,2,6.5,0.3,Midday,Monday,False,Strong,109.2
ORD10542,Birnin Kebbi Hub,Zuru,163.5,Motorcycle,Paved,Harmattan Dust,Low,Bulk Goods,0,17.8,1.5,Evening,Friday,False,Strong,237.6
ORD10543,Birnin Kebbi Hub,Birnin Kebbi,6.2,Motorcycle,Paved,Harmattan Dust,Medium,Parcel,0,0.2,1.0,Midday,Friday,False,No Signal,23.6
ORD10544,Birnin Kebbi Hub,Zuru,162.4,Keke (Tricycle),Unpaved,Harmattan Dust,High,Documents,0,1.1,1.7,Afternoon,Wednesday,False,Weak,1169.7
ORD10545,Birnin Kebbi Hub,Argungu,49.8,Motorcycle,Paved,Clear,High,Parcel,0,0.2,4.8,Evening,Saturday,True,Weak,102.5
ORD10546,Birnin Kebbi Hub,Argungu,62.8,Motorcycle,Unpaved,Rain,Medium,Parcel,0,22.2,2.3,Morning,Sunday,True,Weak,276.5
ORD10547,Birnin Kebbi Hub,Birnin Kebbi,4.6,Van,Paved,Clear,Low,Food,1,1.7,3.3,Morning,Sunday,True,Strong,45.1
ORD10548,Birnin Kebbi Hub,Kamba,131.0,Motorcycle,Unpaved,Rain,Medium,Parcel,3,4.5,1.3,Morning,Tuesday,False,Strong,528.0
ORD10549,Birnin Kebbi Hub,Bunza,45.5,Van,Unpaved,Harmattan Dust,Medium,Parcel,0,2.6,0.4,Morning,Thursday,False,Weak,148.7
ORD10550,Birnin Kebbi Hub,Aliero,38.1,Keke (Tricycle),Unpaved,Harmattan Dust,High,Bulk Goods,3,14.3,3.5,Evening,Wednesday,False,Strong,299.1
ORD10551,Birnin Kebbi Hub,Bunza,39.3,Keke (Tricycle),Unpaved,Clear,Medium,Food,3,0.5,1.7,Afternoon,Tuesday,False,Strong,177.8
ORD10552,Birnin Kebbi Hub,Birnin Kebbi,5.0,Keke (Tricycle),Paved,Clear,Low,Parcel,0,8.5,0.9,Midday,Thursday,False,No Signal,28.7
ORD10553,Birnin Kebbi Hub,Aliero,31.2,Van,Unpaved,Clear,High,Parcel,2,2.5,1.5,Morning,Friday,False,Weak,144.8
ORD10554,Birnin Kebbi Hub,Kamba,128.1,Keke (Tricycle),Unpaved,Rain,Medium,Food,0,1.3,2.0,Midday,Wednesday,False,Weak,782.2
ORD10555,Birnin Kebbi Hub,Jega,48.4,Motorcycle,Unpaved,Clear,Low,Food,0,3.7,4.1,Midday,Wednesday,False,Strong,107.4
ORD10556,Birnin Kebbi Hub,Jega,45.5,Van,Paved,Harmattan Dust,High,Bulk Goods,0,10.3,0.8,Morning,Wednesday,False,No Signal,131.4
ORD10557,Birnin Kebbi Hub,Aliero,38.2,Van,Paved,Clear,Medium,Parcel,0,4.0,1.9,Midday,Wednesday,False,Weak,64.1
ORD10558,Birnin Kebbi Hub,Birnin Kebbi,6.0,Motorcycle,Paved,Clear,Medium,Food,0,5.5,0.4,Afternoon,Monday,False,Strong,17.7
ORD10559,Birnin Kebbi Hub,Aliero,37.4,Motorcycle,Paved,Clear,High,Food,1,10.0,2.6,Midday,Monday,False,Strong,93.4
ORD10560,Birnin Kebbi Hub,Zuru,203.6,Keke (Tricycle),Unpaved,Rain,Low,Parcel,1,13.3,3.8,Afternoon,Tuesday,False,Strong,1007.4
ORD10561,Birnin Kebbi Hub,Bunza,51.4,Van,Paved,Clear,Medium,Parcel,0,1.5,2.3,Evening,Wednesday,False,Strong,72.1
ORD10562,Birnin Kebbi Hub,Argungu,56.5,Motorcycle,Unpaved,Harmattan Dust,Medium,Bulk Goods,1,38.3,1.8,Afternoon,Saturday,True,No Signal,233.7
ORD10563,Birnin Kebbi Hub,Birnin Kebbi,5.7,Motorcycle,Paved,Clear,Low,Parcel,0,2.7,3.4,Afternoon,Monday,False,Weak,29.4
ORD10564,Birnin Kebbi Hub,Argungu,67.7,Motorcycle,Paved,Clear,Medium,Parcel,0,1.3,2.3,Morning,Thursday,False,Weak,108.0
ORD10565,Birnin Kebbi Hub,Jega,56.3,Keke (Tricycle),Unpaved,Clear,High,Documents,0,13.9,2.0,Evening,Saturday,True,No Signal,348.2
ORD10566,Birnin Kebbi Hub,Bunza,37.7,Motorcycle,Paved,Rain,High,Food,2,1.4,1.0,Morning,Friday,False,Strong,131.1
ORD10567,Birnin Kebbi Hub,Birnin Kebbi,5.6,Motorcycle,Paved,Harmattan Dust,Low,Food,0,1.0,1.5,Evening,Monday,False,Weak,14.2
ORD10568,Birnin Kebbi Hub,Birnin Kebbi,7.3,Keke (Tricycle),Paved,Clear,Medium,Food,1,0.2,3.4,Morning,Monday,False,Strong,43.6
ORD10569,Birnin Kebbi Hub,Jega,54.9,Van,Unpaved,Clear,Low,Food,0,1.8,1.1,Morning,Saturday,True,Strong,107.9
ORD10570,Birnin Kebbi Hub,Aliero,35.3,Keke (Tricycle),Unpaved,Clear,Medium,Bulk Goods,1,41.2,6.2,Afternoon,Sunday,True,Strong,171.2
ORD10571,Birnin Kebbi Hub,Yauri,156.1,Keke (Tricycle),Unpaved,Harmattan Dust,Medium,Bulk Goods,0,29.4,0.7,Midday,Monday,False,Weak,779.0
ORD10572,Birnin Kebbi Hub,Argungu,66.2,Motorcycle,Unpaved,Rain,High,Food,0,2.3,3.6,Morning,Sunday,True,Strong,384.2
ORD10573,Birnin Kebbi Hub,Aliero,37.6,Motorcycle,Unpaved,Harmattan Dust,High,Parcel,0,4.2,2.3,Morning,Sunday,True,Strong,180.1
ORD10574,Birnin Kebbi Hub,Bunza,39.1,Motorcycle,Unpaved,Harmattan Dust,High,Bulk Goods,0,27.1,2.7,Midday,Friday,False,Weak,199.6
ORD10575,Birnin Kebbi Hub,Jega,55.1,Motorcycle,Paved,Clear,Low,Parcel,3,2.1,0.2,Midday,Monday,False,Weak,82.8
ORD10576,Birnin Kebbi Hub,Zuru,156.6,Keke (Tricycle),Unpaved,Clear,High,Documents,2,0.3,3.5,Afternoon,Friday,False,No Signal,921.7
ORD10577,Birnin Kebbi Hub,Zuru,200.5,Keke (Tricycle),Unpaved,Harmattan Dust,Medium,Food,0,4.3,0.8,Midday,Thursday,False,Strong,986.6
ORD10578,Birnin Kebbi Hub,Aliero,31.9,Motorcycle,Unpaved,Clear,Low,Food,0,2.9,1.9,Morning,Thursday,False,Strong,71.3
ORD10579,Birnin Kebbi Hub,Birnin Kebbi,6.9,Motorcycle,Unpaved,Harmattan Dust,Low,Parcel,0,2.7,4.2,Midday,Friday,False,Weak,27.0
ORD10580,Birnin Kebbi Hub,Birnin Kebbi,3.7,Motorcycle,Paved,Clear,Low,Bulk Goods,0,31.5,1.6,Afternoon,Sunday,True,Strong,38.4
ORD10581,Birnin Kebbi Hub,Kamba,153.5,Keke (Tricycle),Paved,Clear,Medium,Parcel,1,9.0,1.4,Morning,Thursday,False,Weak,367.9
ORD10582,Birnin Kebbi Hub,Birnin Kebbi,9.2,Motorcycle,Unpaved,Clear,Medium,Documents,0,5.8,1.9,Afternoon,Friday,False,Weak,34.1
ORD10583,Birnin Kebbi Hub,Birnin Kebbi,7.7,Van,Paved,Clear,Low,Food,0,13.8,1.1,Evening,Friday,False,Weak,24.0
ORD10584,Birnin Kebbi Hub,Jega,50.6,Keke (Tricycle),Unpaved,Clear,Medium,Parcel,0,6.4,2.4,Midday,Thursday,False,Strong,206.9
ORD10585,Birnin Kebbi Hub,Birnin Kebbi,6.0,Motorcycle,Paved,Clear,High,Food,0,3.0,0.7,Evening,Saturday,True,No Signal,33.8
ORD10586,Birnin Kebbi Hub,Argungu,58.3,Keke (Tricycle),Unpaved,Clear,Medium,Documents,1,7.2,2.6,Afternoon,Friday,False,Weak,261.6
ORD10587,Birnin Kebbi Hub,Birnin Kebbi,7.8,Motorcycle,Paved,Harmattan Dust,Low,Documents,3,0.7,0.2,Midday,Thursday,False,Strong,36.8
ORD10588,Birnin Kebbi Hub,Argungu,61.9,Motorcycle,Paved,Harmattan Dust,Medium,Food,0,11.4,0.7,Afternoon,Monday,False,Strong,130.6
ORD10589,Birnin Kebbi Hub,Jega,40.5,Keke (Tricycle),Paved,Clear,Low,Parcel,0,6.5,5.8,Midday,Sunday,True,Weak,87.3
ORD10590,Birnin Kebbi Hub,Kamba,170.3,Motorcycle,Unpaved,Clear,Low,Parcel,0,5.2,2.2,Midday,Tuesday,False,Weak,341.8
ORD10591,Birnin Kebbi Hub,Bunza,40.0,Motorcycle,Unpaved,Harmattan Dust,Low,Bulk Goods,2,28.1,0.4,Midday,Tuesday,False,Weak,139.9
ORD10592,Birnin Kebbi Hub,Argungu,73.7,Van,Unpaved,Rain,Low,Food,0,0.2,0.6,Evening,Monday,False,Weak,221.4
ORD10593,Birnin Kebbi Hub,Birnin Kebbi,9.2,Motorcycle,Paved,Clear,Low,Food,1,1.6,4.0,Afternoon,Monday,False,Weak,37.2
ORD10594,Birnin Kebbi Hub,Kamba,135.6,Keke (Tricycle),Unpaved,Clear,High,Food,0,0.9,2.2,Midday,Thursday,False,Strong,768.8
ORD10595,Birnin Kebbi Hub,Aliero,35.2,Motorcycle,Unpaved,Harmattan Dust,Medium,Documents,0,4.0,0.6,Afternoon,Friday,False,Weak,123.6
ORD10596,Birnin Kebbi Hub,Birnin Kebbi,4.6,Motorcycle,Paved,Clear,Low,Documents,0,4.3,1.8,Morning,Thursday,False,Weak,25.5
ORD10597,Birnin Kebbi Hub,Argungu,49.9,Keke (Tricycle),Unpaved,Clear,Low,Parcel,1,1.8,1.9,Evening,Saturday,True,Weak,184.8
ORD10598,Birnin Kebbi Hub,Zuru,170.0,Motorcycle,Paved,Harmattan Dust,Medium,Parcel,0,3.4,1.6,Morning,Tuesday,False,Strong,309.0
ORD10599,Birnin Kebbi Hub,Zuru,176.4,Motorcycle,Unpaved,Clear,High,Documents,1,0.8,1.4,Afternoon,Monday,False,No Signal,666.8
ORD10600,Birnin Kebbi Hub,Birnin Kebbi,4.0,Keke (Tricycle),Paved,Harmattan Dust,Medium,Parcel,3,4.9,2.2,Evening,Tuesday,False,Weak,52.0
ORD10601,Birnin Kebbi Hub,Kamba,133.0,Van,Paved,Harmattan Dust,Low,Parcel,0,3.7,4.0,Midday,Thursday,False,Weak,174.4
ORD10602,Birnin Kebbi Hub,Bunza,42.2,Truck,Paved,Rain,Medium,Parcel,1,6.5,0.8,Evening,Monday,False,Weak,123.0
ORD10603,Birnin Kebbi Hub,Kamba,161.9,Keke (Tricycle),Paved,Clear,Low,Bulk Goods,3,40.5,6.5,Morning,Monday,False,Weak,335.7
ORD10604,Birnin Kebbi Hub,Zuru,155.5,Keke (Tricycle),Paved,Rain,Medium,Parcel,3,3.1,3.9,Afternoon,Tuesday,False,Strong,537.1
ORD10605,Birnin Kebbi Hub,Bunza,55.0,Motorcycle,Unpaved,Harmattan Dust,Low,Food,2,4.1,4.5,Midday,Monday,False,Strong,143.6
ORD10606,Birnin Kebbi Hub,Bunza,38.9,Keke (Tricycle),Paved,Clear,Low,Parcel,0,2.3,1.2,Evening,Wednesday,False,Weak,85.7
ORD10607,Birnin Kebbi Hub,Kamba,177.5,Truck,Paved,Clear,Low,Parcel,0,4.5,2.6,Midday,Friday,False,No Signal,251.1
ORD10608,Birnin Kebbi Hub,Jega,71.7,Van,Paved,Clear,High,Food,0,2.8,0.6,Evening,Sunday,True,Strong,144.3
ORD10609,Birnin Kebbi Hub,Argungu,73.3,Motorcycle,Unpaved,Rain,Low,Parcel,1,6.4,0.4,Midday,Saturday,True,Strong,250.3
ORD10610,Birnin Kebbi Hub,Birnin Kebbi,7.7,Motorcycle,Unpaved,Harmattan Dust,Low,Bulk Goods,0,29.6,9.3,Afternoon,Sunday,True,Weak,45.6
ORD10611,Birnin Kebbi Hub,Birnin Kebbi,8.7,Motorcycle,Paved,Clear,Low,Food,1,4.9,4.0,Evening,Friday,False,Strong,21.5
ORD10612,Birnin Kebbi Hub,Argungu,66.0,Motorcycle,Unpaved,Clear,Low,Parcel,0,6.0,1.5,Midday,Friday,False,Weak,151.8
ORD10613,Birnin Kebbi Hub,Jega,64.5,Motorcycle,Paved,Clear,Low,Parcel,0,3.0,0.8,Midday,Thursday,False,Strong,90.4
ORD10614,Birnin Kebbi Hub,Bunza,48.4,Keke (Tricycle),Unpaved,Clear,Medium,Food,2,2.1,2.0,Evening,Friday,False,Weak,226.6
ORD10615,Birnin Kebbi Hub,Aliero,40.9,Van,Unpaved,Harmattan Dust,High,Parcel,0,2.7,2.2,Evening,Tuesday,False,Weak,187.0
ORD10616,Birnin Kebbi Hub,Yauri,131.0,Motorcycle,Unpaved,Rain,High,Food,0,6.2,1.2,Evening,Wednesday,False,Strong,738.9
ORD10617,Birnin Kebbi Hub,Aliero,45.1,Keke (Tricycle),Unpaved,Clear,High,Parcel,3,1.7,3.7,Evening,Monday,False,Strong,278.8
ORD10618,Birnin Kebbi Hub,Zuru,187.2,Keke (Tricycle),Unpaved,Clear,High,Food,0,1.2,0.7,Evening,Monday,False,Strong,1061.7
ORD10619,Birnin Kebbi Hub,Bunza,35.9,Motorcycle,Paved,Harmattan Dust,Medium,Food,1,0.8,1.1,Midday,Saturday,True,Weak,85.0
ORD10620,Birnin Kebbi Hub,Birnin Kebbi,4.8,Keke (Tricycle),Paved,Clear,High,Parcel,2,2.7,3.6,Morning,Saturday,True,No Signal,56.0
ORD10621,Birnin Kebbi Hub,Birnin Kebbi,9.0,Van,Paved,Harmattan Dust,Low,Parcel,1,5.1,2.6,Evening,Wednesday,False,Weak,26.4
ORD10622,Birnin Kebbi Hub,Birnin Kebbi,1.5,Motorcycle,Paved,Harmattan Dust,Low,Parcel,0,1.4,3.4,Midday,Saturday,True,Strong,11.3
ORD10623,Birnin Kebbi Hub,Birnin Kebbi,6.2,Motorcycle,Paved,Harmattan Dust,Medium,Parcel,2,0.2,3.2,Evening,Saturday,True,Strong,21.1
ORD10624,Birnin Kebbi Hub,Aliero,39.1,Motorcycle,Unpaved,Clear,Low,Food,4,1.2,7.8,Morning,Thursday,False,Strong,96.0
ORD10625,Birnin Kebbi Hub,Birnin Kebbi,7.1,Motorcycle,Paved,Clear,Low,Bulk Goods,1,21.2,8.0,Afternoon,Thursday,False,Strong,25.7
ORD10626,Birnin Kebbi Hub,Kamba,130.9,Truck,Unpaved,Clear,Low,Food,0,1.2,4.1,Evening,Thursday,False,Strong,319.6
ORD10627,Birnin Kebbi Hub,Zuru,199.7,Motorcycle,Paved,Clear,Medium,Food,0,0.3,5.7,Afternoon,Tuesday,False,Strong,275.7
ORD10628,Birnin Kebbi Hub,Zuru,229.0,Motorcycle,Paved,Rain,High,Food,1,0.9,2.3,Midday,Friday,False,Weak,713.8
ORD10629,Birnin Kebbi Hub,Aliero,36.6,Motorcycle,Paved,Clear,Medium,Parcel,3,0.6,4.1,Morning,Tuesday,False,Weak,73.0
ORD10630,Birnin Kebbi Hub,Birnin Kebbi,4.6,Keke (Tricycle),Paved,Harmattan Dust,Low,Parcel,0,15.4,1.1,Midday,Monday,False,Weak,26.5
ORD10631,Birnin Kebbi Hub,Birnin Kebbi,4.6,Keke (Tricycle),Paved,Rain,Low,Parcel,0,1.4,1.4,Morning,Sunday,True,Strong,33.9
ORD10632,Birnin Kebbi Hub,Bunza,39.6,Motorcycle,Paved,Harmattan Dust,Medium,Parcel,0,6.2,5.1,Morning,Monday,False,Weak,70.5
ORD10633,Birnin Kebbi Hub,Argungu,70.0,Keke (Tricycle),Paved,Harmattan Dust,High,Food,0,0.3,1.9,Morning,Sunday,True,Weak,290.5
ORD10634,Birnin Kebbi Hub,Birnin Kebbi,4.6,Keke (Tricycle),Paved,Clear,High,Documents,0,2.1,1.0,Midday,Friday,False,Weak,29.7
ORD10635,Birnin Kebbi Hub,Argungu,60.4,Motorcycle,Paved,Clear,Low,Parcel,0,0.2,1.3,Evening,Monday,False,Weak,80.5
ORD10636,Birnin Kebbi Hub,Jega,45.4,Keke (Tricycle),Paved,Rain,High,Parcel,4,7.9,2.1,Midday,Tuesday,False,Weak,255.4
ORD10637,Birnin Kebbi Hub,Birnin Kebbi,3.3,Motorcycle,Paved,Rain,Low,Food,2,0.2,0.8,Evening,Tuesday,False,Weak,23.5
ORD10638,Birnin Kebbi Hub,Birnin Kebbi,5.9,Motorcycle,Paved,Clear,Low,Parcel,0,4.5,1.6,Morning,Friday,False,Weak,22.4
ORD10639,Birnin Kebbi Hub,Birnin Kebbi,4.2,Motorcycle,Paved,Clear,Medium,Bulk Goods,0,38.6,0.4,Midday,Saturday,True,Strong,44.8
ORD10640,Birnin Kebbi Hub,Birnin Kebbi,9.2,Motorcycle,Paved,Clear,Medium,Food,0,2.2,0.3,Afternoon,Saturday,True,Weak,24.3
ORD10641,Birnin Kebbi Hub,Zuru,174.1,Motorcycle,Paved,Harmattan Dust,High,Food,0,1.2,2.7,Evening,Friday,False,Strong,434.6
ORD10642,Birnin Kebbi Hub,Yauri,140.5,Motorcycle,Paved,Clear,Medium,Food,3,2.8,2.3,Afternoon,Monday,False,No Signal,218.6
ORD10643,Birnin Kebbi Hub,Birnin Kebbi,6.0,Keke (Tricycle),Paved,Clear,Medium,Parcel,1,0.3,4.9,Afternoon,Tuesday,False,Weak,35.4
ORD10644,Birnin Kebbi Hub,Birnin Kebbi,5.1,Keke (Tricycle),Paved,Clear,Medium,Parcel,2,1.5,0.9,Morning,Tuesday,False,Weak,55.9
ORD10645,Birnin Kebbi Hub,Argungu,66.5,Van,Paved,Clear,Medium,Documents,1,1.7,4.7,Afternoon,Friday,False,Weak,114.0
ORD10646,Birnin Kebbi Hub,Argungu,68.0,Truck,Paved,Clear,Low,Food,3,0.2,5.6,Midday,Monday,False,Weak,145.5
ORD10647,Birnin Kebbi Hub,Birnin Kebbi,5.0,Van,Paved,Clear,High,Parcel,0,4.6,5.1,Afternoon,Friday,False,Strong,37.5
ORD10648,Birnin Kebbi Hub,Birnin Kebbi,4.8,Motorcycle,Paved,Rain,Low,Parcel,0,5.8,2.0,Evening,Friday,False,Weak,26.3
ORD10649,Birnin Kebbi Hub,Yauri,167.7,Motorcycle,Paved,Clear,Medium,Bulk Goods,0,24.4,0.8,Morning,Wednesday,False,Strong,253.2
ORD10650,Birnin Kebbi Hub,Kamba,151.4,Van,Paved,Clear,Low,Food,1,7.9,1.6,Evening,Wednesday,False,No Signal,177.8
ORD10651,Birnin Kebbi Hub,Argungu,72.7,Motorcycle,Paved,Clear,Medium,Food,3,0.2,2.9,Evening,Wednesday,False,Weak,117.8
ORD10652,Birnin Kebbi Hub,Argungu,69.2,Van,Paved,Harmattan Dust,Medium,Parcel,0,9.4,4.2,Afternoon,Sunday,True,Weak,114.9
ORD10653,Birnin Kebbi Hub,Birnin Kebbi,5.6,Motorcycle,Paved,Clear,Medium,Bulk Goods,1,24.2,1.2,Midday,Saturday,True,Weak,45.6
ORD10654,Birnin Kebbi Hub,Birnin Kebbi,5.7,Keke (Tricycle),Paved,Clear,Medium,Parcel,3,0.2,1.4,Afternoon,Sunday,True,Weak,48.2
ORD10655,Birnin Kebbi Hub,Zuru,160.6,Motorcycle,Unpaved,Harmattan Dust,Medium,Parcel,1,4.6,2.1,Morning,Tuesday,False,No Signal,523.6
ORD10656,Birnin Kebbi Hub,Argungu,70.0,Motorcycle,Paved,Rain,High,Parcel,0,0.2,1.7,Evening,Friday,False,No Signal,238.2
ORD10657,Birnin Kebbi Hub,Bunza,52.9,Motorcycle,Unpaved,Clear,High,Bulk Goods,2,17.2,2.1,Midday,Friday,False,Weak,213.7
ORD10658,Birnin Kebbi Hub,Birnin Kebbi,3.9,Van,Paved,Clear,High,Food,0,6.4,1.8,Afternoon,Tuesday,False,Weak,28.4
ORD10659,Birnin Kebbi Hub,Aliero,37.5,Van,Unpaved,Rain,Low,Parcel,1,3.7,1.4,Afternoon,Wednesday,False,Weak,126.3
ORD10660,Birnin Kebbi Hub,Yauri,172.6,Keke (Tricycle),Paved,Clear,Medium,Parcel,1,4.4,3.1,Morning,Wednesday,False,Weak,393.1
ORD10661,Birnin Kebbi Hub,Kamba,114.5,Motorcycle,Unpaved,Clear,High,Food,3,7.2,3.0,Evening,Sunday,True,Strong,435.0
ORD10662,Birnin Kebbi Hub,Argungu,68.0,Keke (Tricycle),Paved,Harmattan Dust,Medium,Documents,1,8.7,0.7,Midday,Saturday,True,Strong,204.5
ORD10663,Birnin Kebbi Hub,Birnin Kebbi,6.0,Motorcycle,Paved,Clear,Low,Parcel,3,0.2,1.2,Midday,Thursday,False,Weak,33.0
ORD10664,Birnin Kebbi Hub,Kamba,118.9,Van,Unpaved,Clear,Low,Bulk Goods,0,27.7,5.1,Afternoon,Saturday,True,Strong,239.7
ORD10665,Birnin Kebbi Hub,Argungu,64.3,Keke (Tricycle),Paved,Clear,Medium,Food,0,1.2,2.3,Evening,Friday,False,Weak,145.8
ORD10666,Birnin Kebbi Hub,Zuru,180.5,Van,Unpaved,Harmattan Dust,Medium,Parcel,4,1.3,6.3,Afternoon,Sunday,True,Strong,561.8
ORD10667,Birnin Kebbi Hub,Bunza,46.8,Keke (Tricycle),Paved,Clear,Medium,Documents,0,5.7,1.2,Afternoon,Thursday,False,Weak,117.1
ORD10668,Birnin Kebbi Hub,Jega,63.8,Keke (Tricycle),Paved,Clear,High,Food,4,1.6,0.4,Midday,Sunday,True,Strong,225.3
ORD10669,Birnin Kebbi Hub,Birnin Kebbi,6.3,Motorcycle,Paved,Clear,Medium,Parcel,0,0.4,1.1,Afternoon,Tuesday,False,Strong,24.8
ORD10670,Birnin Kebbi Hub,Yauri,153.0,Van,Unpaved,Clear,Medium,Food,4,1.1,2.5,Morning,Monday,False,Strong,402.1
ORD10671,Birnin Kebbi Hub,Bunza,55.4,Motorcycle,Unpaved,Clear,Low,Food,2,6.1,4.7,Morning,Sunday,True,Strong,136.3
ORD10672,Birnin Kebbi Hub,Birnin Kebbi,3.1,Motorcycle,Paved,Harmattan Dust,Medium,Food,0,2.0,1.5,Evening,Monday,False,Strong,14.5
ORD10673,Birnin Kebbi Hub,Bunza,33.3,Keke (Tricycle),Paved,Clear,Low,Parcel,0,5.8,7.3,Morning,Sunday,True,Weak,68.2
ORD10674,Birnin Kebbi Hub,Birnin Kebbi,5.4,Motorcycle,Paved,Clear,Low,Parcel,0,2.9,3.7,Morning,Friday,False,No Signal,31.9
ORD10675,Birnin Kebbi Hub,Birnin Kebbi,7.6,Motorcycle,Paved,Clear,Low,Parcel,0,0.9,1.4,Morning,Thursday,False,No Signal,32.9
ORD10676,Birnin Kebbi Hub,Argungu,66.4,Van,Unpaved,Rain,Low,Food,0,4.5,0.9,Midday,Friday,False,Strong,195.5
ORD10677,Birnin Kebbi Hub,Zuru,172.2,Van,Paved,Clear,Medium,Parcel,2,2.6,2.8,Morning,Monday,False,Strong,254.3
ORD10678,Birnin Kebbi Hub,Argungu,65.4,Motorcycle,Paved,Rain,Low,Documents,0,7.3,3.2,Morning,Thursday,False,Weak,128.0
ORD10679,Birnin Kebbi Hub,Birnin Kebbi,4.6,Motorcycle,Paved,Clear,High,Parcel,3,10.2,1.0,Afternoon,Saturday,True,Weak,57.0
ORD10680,Birnin Kebbi Hub,Zuru,191.4,Keke (Tricycle),Unpaved,Clear,Low,Food,2,3.5,2.2,Midday,Friday,False,No Signal,625.6
ORD10681,Birnin Kebbi Hub,Zuru,170.2,Keke (Tricycle),Unpaved,Harmattan Dust,Low,Documents,2,3.1,2.5,Midday,Sunday,True,Weak,687.3
ORD10682,Birnin Kebbi Hub,Argungu,71.7,Motorcycle,Paved,Rain,Low,Parcel,1,2.2,3.2,Morning,Wednesday,False,Strong,136.3
ORD10683,Birnin Kebbi Hub,Bunza,52.2,Motorcycle,Unpaved,Clear,High,Parcel,2,1.4,1.6,Morning,Saturday,True,Weak,210.0
ORD10684,Birnin Kebbi Hub,Birnin Kebbi,3.6,Motorcycle,Unpaved,Harmattan Dust,Medium,Parcel,0,5.4,2.1,Morning,Tuesday,False,No Signal,37.8
ORD10685,Birnin Kebbi Hub,Birnin Kebbi,6.0,Keke (Tricycle),Paved,Clear,Medium,Food,0,3.9,1.8,Midday,Saturday,True,Strong,30.7
ORD10686,Birnin Kebbi Hub,Birnin Kebbi,9.0,Van,Paved,Clear,Low,Parcel,0,6.6,0.6,Afternoon,Sunday,True,Weak,33.6
ORD10687,Birnin Kebbi Hub,Birnin Kebbi,7.5,Motorcycle,Paved,Harmattan Dust,Low,Parcel,0,7.0,1.2,Morning,Thursday,False,Weak,31.9
ORD10688,Birnin Kebbi Hub,Jega,44.1,Keke (Tricycle),Unpaved,Harmattan Dust,Low,Parcel,0,3.9,0.5,Afternoon,Sunday,True,Weak,206.3
ORD10689,Birnin Kebbi Hub,Bunza,46.0,Truck,Paved,Clear,Low,Food,0,0.7,4.5,Midday,Wednesday,False,Strong,76.1
ORD10690,Birnin Kebbi Hub,Birnin Kebbi,5.7,Motorcycle,Paved,Clear,High,Parcel,0,8.8,1.2,Morning,Sunday,True,Weak,46.9
ORD10691,Birnin Kebbi Hub,Yauri,131.1,Motorcycle,Paved,Clear,Medium,Bulk Goods,0,28.2,4.8,Midday,Monday,False,Strong,193.8
ORD10692,Birnin Kebbi Hub,Birnin Kebbi,4.1,Keke (Tricycle),Paved,Clear,Medium,Parcel,0,2.9,2.8,Evening,Sunday,True,Strong,22.1
ORD10693,Birnin Kebbi Hub,Argungu,73.3,Keke (Tricycle),Paved,Clear,High,Parcel,0,12.7,2.9,Morning,Wednesday,False,Strong,243.9
ORD10694,Birnin Kebbi Hub,Kamba,137.3,Motorcycle,Unpaved,Harmattan Dust,Medium,Parcel,0,6.4,6.0,Afternoon,Tuesday,False,Weak,445.6
ORD10695,Birnin Kebbi Hub,Birnin Kebbi,8.1,Motorcycle,Paved,Clear,Medium,Parcel,0,3.2,1.3,Midday,Sunday,True,Weak,42.7
ORD10696,Birnin Kebbi Hub,Bunza,44.4,Keke (Tricycle),Paved,Rain,Medium,Bulk Goods,0,35.0,1.2,Morning,Saturday,True,Weak,189.8
ORD10697,Birnin Kebbi Hub,Zuru,149.2,Motorcycle,Unpaved,Clear,Medium,Parcel,1,5.4,7.2,Morning,Tuesday,False,Strong,379.6
ORD10698,Birnin Kebbi Hub,Argungu,61.2,Motorcycle,Unpaved,Clear,Medium,Food,0,7.8,1.9,Midday,Thursday,False,No Signal,169.7
ORD10699,Birnin Kebbi Hub,Argungu,66.2,Keke (Tricycle),Paved,Harmattan Dust,Low,Bulk Goods,3,52.1,3.6,Morning,Sunday,True,Strong,206.7
ORD10700,Birnin Kebbi Hub,Bunza,46.4,Keke (Tricycle),Paved,Clear,High,Documents,0,6.0,0.7,Midday,Friday,False,Weak,170.9
ORD10701,Birnin Kebbi Hub,Bunza,40.7,Keke (Tricycle),Paved,Clear,Medium,Bulk Goods,0,30.4,2.5,Evening,Saturday,True,No Signal,133.2
ORD10702,Birnin Kebbi Hub,Birnin Kebbi,6.5,Motorcycle,Paved,Clear,High,Bulk Goods,0,21.5,3.9,Evening,Sunday,True,Weak,29.1
ORD10703,Birnin Kebbi Hub,Jega,45.4,Keke (Tricycle),Unpaved,Clear,Low,Parcel,0,12.8,2.4,Afternoon,Sunday,True,Weak,172.3
ORD10704,Birnin Kebbi Hub,Yauri,129.0,Keke (Tricycle),Paved,Harmattan Dust,Low,Bulk Goods,2,50.0,2.6,Morning,Thursday,False,Strong,338.3
ORD10705,Birnin Kebbi Hub,Bunza,56.1,Keke (Tricycle),Unpaved,Clear,Low,Food,0,0.2,0.4,Midday,Saturday,True,Strong,188.1
ORD10706,Birnin Kebbi Hub,Birnin Kebbi,6.2,Motorcycle,Paved,Clear,High,Food,0,1.3,3.4,Midday,Monday,False,Strong,18.8
ORD10707,Birnin Kebbi Hub,Birnin Kebbi,4.5,Van,Paved,Clear,Low,Bulk Goods,0,42.9,2.0,Afternoon,Sunday,True,Weak,24.7
ORD10708,Birnin Kebbi Hub,Bunza,42.5,Motorcycle,Paved,Harmattan Dust,Medium,Food,0,4.3,2.4,Midday,Tuesday,False,Weak,79.2
ORD10709,Birnin Kebbi Hub,Aliero,38.3,Motorcycle,Unpaved,Clear,Medium,Parcel,0,2.4,0.8,Morning,Sunday,True,Strong,118.1
ORD10710,Birnin Kebbi Hub,Kamba,150.1,Motorcycle,Unpaved,Clear,Medium,Parcel,0,0.7,1.2,Evening,Wednesday,False,Strong,385.5
ORD10711,Birnin Kebbi Hub,Jega,55.4,Motorcycle,Paved,Rain,Medium,Parcel,1,0.2,0.6,Morning,Friday,False,Strong,130.5
ORD10712,Birnin Kebbi Hub,Kamba,125.3,Motorcycle,Paved,Harmattan Dust,High,Food,2,0.2,1.7,Evening,Thursday,False,Weak,333.0
ORD10713,Birnin Kebbi Hub,Birnin Kebbi,6.0,Van,Paved,Rain,Low,Parcel,0,5.0,3.3,Evening,Monday,False,Strong,14.6
ORD10714,Birnin Kebbi Hub,Birnin Kebbi,6.4,Motorcycle,Paved,Clear,Medium,Parcel,0,7.3,1.0,Morning,Thursday,False,Weak,22.3
ORD10715,Birnin Kebbi Hub,Zuru,193.8,Van,Paved,Rain,Low,Food,0,12.4,6.4,Evening,Tuesday,False,Weak,305.8
ORD10716,Birnin Kebbi Hub,Birnin Kebbi,8.4,Motorcycle,Paved,Clear,Medium,Bulk Goods,1,38.3,4.8,Afternoon,Monday,False,Strong,48.2
ORD10717,Birnin Kebbi Hub,Birnin Kebbi,6.5,Van,Paved,Harmattan Dust,Medium,Parcel,1,6.3,4.5,Afternoon,Friday,False,Weak,35.2
ORD10718,Birnin Kebbi Hub,Kamba,135.1,Truck,Paved,Clear,Medium,Parcel,3,0.2,2.4,Afternoon,Tuesday,False,Weak,293.1
ORD10719,Birnin Kebbi Hub,Kamba,148.0,Motorcycle,Paved,Clear,Low,Bulk Goods,0,21.9,1.8,Midday,Wednesday,False,Weak,184.9
ORD10720,Birnin Kebbi Hub,Jega,53.7,Motorcycle,Paved,Harmattan Dust,High,Parcel,1,0.7,1.6,Midday,Tuesday,False,Weak,144.1
ORD10721,Birnin Kebbi Hub,Kamba,116.1,Keke (Tricycle),Unpaved,Clear,Low,Parcel,1,0.9,6.6,Morning,Wednesday,False,Strong,376.4
ORD10722,Birnin Kebbi Hub,Kamba,123.6,Motorcycle,Unpaved,Rain,Low,Parcel,1,1.0,1.7,Morning,Thursday,False,No Signal,409.9
ORD10723,Birnin Kebbi Hub,Argungu,70.0,Motorcycle,Unpaved,Clear,Low,Parcel,0,3.9,1.2,Afternoon,Sunday,True,Strong,167.4
ORD10724,Birnin Kebbi Hub,Birnin Kebbi,3.7,Van,Unpaved,Clear,Low,Documents,0,0.3,6.2,Morning,Tuesday,False,Strong,10.7
ORD10725,Birnin Kebbi Hub,Bunza,33.1,Van,Paved,Clear,Medium,Food,0,2.0,1.8,Morning,Monday,False,Weak,56.4
ORD10726,Birnin Kebbi Hub,Yauri,191.6,Keke (Tricycle),Unpaved,Clear,Medium,Food,2,1.8,0.9,Afternoon,Tuesday,False,No Signal,777.4
ORD10727,Birnin Kebbi Hub,Kamba,158.8,Van,Unpaved,Clear,Low,Bulk Goods,1,28.1,6.0,Afternoon,Monday,False,Weak,311.8
ORD10728,Birnin Kebbi Hub,Aliero,34.4,Keke (Tricycle),Unpaved,Harmattan Dust,Low,Food,1,12.9,3.2,Morning,Friday,False,No Signal,164.8
ORD10729,Birnin Kebbi Hub,Argungu,65.5,Motorcycle,Paved,Harmattan Dust,Medium,Food,0,2.5,2.4,Morning,Thursday,False,Strong,131.4
ORD10730,Birnin Kebbi Hub,Aliero,37.7,Keke (Tricycle),Unpaved,Clear,Medium,Food,1,10.3,1.0,Afternoon,Friday,False,Strong,182.4
ORD10731,Birnin Kebbi Hub,Argungu,67.9,Van,Paved,Harmattan Dust,Medium,Bulk Goods,0,37.7,1.0,Midday,Friday,False,Weak,122.7
ORD10732,Birnin Kebbi Hub,Bunza,43.0,Keke (Tricycle),Unpaved,Clear,Low,Parcel,0,3.0,0.5,Afternoon,Sunday,True,No Signal,158.4
ORD10733,Birnin Kebbi Hub,Argungu,76.5,Keke (Tricycle),Unpaved,Clear,Medium,Food,1,12.2,0.5,Evening,Saturday,True,Strong,313.0
ORD10734,Birnin Kebbi Hub,Zuru,173.3,Van,Unpaved,Rain,Low,Bulk Goods,1,33.8,2.5,Afternoon,Tuesday,False,Weak,513.5
ORD10735,Birnin Kebbi Hub,Kamba,171.2,Van,Paved,Harmattan Dust,Medium,Food,1,0.9,0.3,Afternoon,Wednesday,False,Strong,296.9
ORD10736,Birnin Kebbi Hub,Argungu,69.0,Motorcycle,Unpaved,Harmattan Dust,Low,Parcel,1,3.3,1.4,Midday,Tuesday,False,Weak,183.1
ORD10737,Birnin Kebbi Hub,Birnin Kebbi,5.6,Motorcycle,Paved,Rain,Low,Parcel,2,6.7,1.7,Afternoon,Thursday,False,Strong,39.2
ORD10738,Birnin Kebbi Hub,Birnin Kebbi,3.3,Van,Unpaved,Clear,Low,Food,3,0.2,0.2,Morning,Friday,False,Strong,48.7
ORD10739,Birnin Kebbi Hub,Kamba,170.7,Motorcycle,Unpaved,Clear,Medium,Parcel,0,1.3,0.7,Evening,Wednesday,False,Strong,439.2
ORD10740,Birnin Kebbi Hub,Argungu,80.2,Motorcycle,Paved,Clear,High,Food,1,7.2,1.4,Afternoon,Saturday,True,Weak,187.6
ORD10741,Birnin Kebbi Hub,Zuru,165.0,Keke (Tricycle),Unpaved,Rain,Medium,Bulk Goods,0,20.0,4.3,Afternoon,Saturday,True,Strong,1021.7
ORD10742,Birnin Kebbi Hub,Birnin Kebbi,8.5,Van,Paved,Clear,Medium,Food,0,0.3,5.5,Midday,Sunday,True,Strong,14.9
ORD10743,Birnin Kebbi Hub,Zuru,210.1,Keke (Tricycle),Unpaved,Clear,Low,Food,0,8.4,1.7,Morning,Saturday,True,Strong,677.4
ORD10744,Birnin Kebbi Hub,Argungu,65.7,Motorcycle,Paved,Rain,Low,Parcel,2,3.2,3.2,Midday,Sunday,True,No Signal,139.2
ORD10745,Birnin Kebbi Hub,Birnin Kebbi,7.7,Motorcycle,Paved,Clear,Medium,Food,1,9.0,1.8,Evening,Friday,False,No Signal,30.6
ORD10746,Birnin Kebbi Hub,Birnin Kebbi,5.1,Keke (Tricycle),Paved,Clear,Low,Parcel,1,6.8,1.1,Morning,Saturday,True,Weak,45.7
ORD10747,Birnin Kebbi Hub,Birnin Kebbi,6.3,Motorcycle,Paved,Rain,High,Food,0,7.7,1.4,Evening,Monday,False,Weak,30.4
ORD10748,Birnin Kebbi Hub,Argungu,51.9,Motorcycle,Unpaved,Clear,Medium,Parcel,0,11.6,2.1,Midday,Sunday,True,Strong,149.0
ORD10749,Birnin Kebbi Hub,Birnin Kebbi,6.3,Keke (Tricycle),Paved,Rain,Medium,Documents,2,0.2,1.9,Midday,Monday,False,Weak,37.7
ORD10750,Birnin Kebbi Hub,Jega,57.5,Motorcycle,Paved,Harmattan Dust,Medium,Bulk Goods,0,26.7,2.7,Evening,Tuesday,False,No Signal,121.0
ORD10751,Birnin Kebbi Hub,Bunza,49.7,Keke (Tricycle),Paved,Clear,High,Food,1,0.8,3.4,Evening,Wednesday,False,Weak,169.4
ORD10752,Birnin Kebbi Hub,Argungu,64.5,Motorcycle,Unpaved,Clear,High,Parcel,1,1.2,1.6,Afternoon,Tuesday,False,Strong,248.6
ORD10753,Birnin Kebbi Hub,Birnin Kebbi,4.3,Van,Unpaved,Rain,Low,Parcel,0,0.2,1.3,Morning,Friday,False,Strong,25.7
ORD10754,Birnin Kebbi Hub,Birnin Kebbi,6.0,Keke (Tricycle),Paved,Rain,Low,Documents,1,1.6,0.7,Morning,Monday,False,Strong,38.8
ORD10755,Birnin Kebbi Hub,Jega,46.6,Keke (Tricycle),Paved,Clear,Low,Food,0,0.4,2.9,Midday,Wednesday,False,No Signal,101.7
ORD10756,Birnin Kebbi Hub,Bunza,41.5,Keke (Tricycle),Unpaved,Clear,Medium,Documents,0,0.4,0.6,Midday,Friday,False,Weak,173.5
ORD10757,Birnin Kebbi Hub,Jega,42.5,Truck,Unpaved,Harmattan Dust,Low,Food,0,2.3,15.2,Midday,Wednesday,False,No Signal,134.8
ORD10758,Birnin Kebbi Hub,Jega,54.7,Motorcycle,Paved,Rain,Low,Bulk Goods,0,21.4,1.9,Midday,Thursday,False,Weak,114.7
ORD10759,Birnin Kebbi Hub,Birnin Kebbi,6.8,Motorcycle,Paved,Harmattan Dust,Low,Bulk Goods,0,20.4,1.1,Midday,Thursday,False,Strong,32.4
ORD10760,Birnin Kebbi Hub,Argungu,74.1,Keke (Tricycle),Paved,Clear,Low,Parcel,0,5.7,3.6,Morning,Friday,False,Weak,145.0
ORD10761,Birnin Kebbi Hub,Bunza,41.5,Motorcycle,Unpaved,Clear,Low,Bulk Goods,1,28.0,2.3,Evening,Saturday,True,Strong,106.8
ORD10762,Birnin Kebbi Hub,Birnin Kebbi,3.5,Keke (Tricycle),Paved,Harmattan Dust,Medium,Food,0,0.6,3.7,Evening,Sunday,True,Strong,22.0
ORD10763,Birnin Kebbi Hub,Bunza,42.6,Van,Unpaved,Clear,High,Parcel,3,0.5,2.7,Midday,Tuesday,False,No Signal,197.1
ORD10764,Birnin Kebbi Hub,Zuru,183.8,Van,Unpaved,Clear,Medium,Food,0,2.8,2.3,Midday,Sunday,True,Weak,436.4
ORD10765,Birnin Kebbi Hub,Jega,61.3,Keke (Tricycle),Unpaved,Harmattan Dust,Low,Documents,0,1.2,6.1,Midday,Saturday,True,Weak,243.6
ORD10766,Birnin Kebbi Hub,Zuru,179.8,Motorcycle,Paved,Clear,Low,Documents,0,4.2,2.6,Afternoon,Tuesday,False,Strong,214.9
ORD10767,Birnin Kebbi Hub,Yauri,177.1,Keke (Tricycle),Paved,Clear,Medium,Food,0,9.2,5.4,Morning,Friday,False,No Signal,402.0
ORD10768,Birnin Kebbi Hub,Birnin Kebbi,8.9,Motorcycle,Paved,Rain,High,Bulk Goods,2,35.6,0.9,Morning,Wednesday,False,No Signal,75.7
ORD10769,Birnin Kebbi Hub,Birnin Kebbi,5.7,Van,Paved,Clear,Low,Parcel,0,0.5,2.1,Midday,Tuesday,False,Weak,10.6
ORD10770,Birnin Kebbi Hub,Yauri,125.3,Van,Unpaved,Rain,Low,Parcel,1,3.9,1.5,Midday,Sunday,True,Weak,372.3
ORD10771,Birnin Kebbi Hub,Argungu,62.8,Motorcycle,Unpaved,Clear,Low,Food,0,0.8,2.6,Afternoon,Wednesday,False,Strong,143.2
ORD10772,Birnin Kebbi Hub,Birnin Kebbi,8.4,Van,Paved,Clear,High,Food,0,1.6,3.2,Morning,Monday,False,No Signal,40.3
ORD10773,Birnin Kebbi Hub,Bunza,36.7,Motorcycle,Paved,Clear,Medium,Parcel,3,2.5,2.3,Afternoon,Tuesday,False,Strong,76.0
ORD10774,Birnin Kebbi Hub,Bunza,40.5,Keke (Tricycle),Unpaved,Harmattan Dust,Low,Parcel,0,0.5,0.7,Evening,Saturday,True,Weak,182.2
ORD10775,Birnin Kebbi Hub,Jega,43.9,Motorcycle,Paved,Rain,Low,Food,0,4.8,1.0,Evening,Thursday,False,Weak,81.8
ORD10776,Birnin Kebbi Hub,Bunza,34.6,Motorcycle,Paved,Rain,Low,Documents,0,1.5,5.8,Morning,Wednesday,False,Weak,80.0
ORD10777,Birnin Kebbi Hub,Zuru,207.6,Motorcycle,Paved,Clear,Low,Bulk Goods,2,10.9,2.3,Morning,Friday,False,Strong,248.2
ORD10778,Birnin Kebbi Hub,Argungu,75.8,Van,Paved,Harmattan Dust,Medium,Parcel,1,1.1,2.2,Evening,Wednesday,False,Strong,133.3
ORD10779,Birnin Kebbi Hub,Birnin Kebbi,5.2,Truck,Paved,Clear,Medium,Bulk Goods,1,28.2,4.3,Midday,Thursday,False,No Signal,44.4
ORD10780,Birnin Kebbi Hub,Bunza,55.4,Van,Unpaved,Clear,Low,Food,2,1.0,0.9,Afternoon,Friday,False,Strong,131.0
ORD10781,Birnin Kebbi Hub,Argungu,56.4,Truck,Paved,Harmattan Dust,Medium,Parcel,0,0.4,1.5,Morning,Friday,False,Weak,132.3
ORD10782,Birnin Kebbi Hub,Birnin Kebbi,4.4,Van,Paved,Rain,Medium,Documents,0,1.7,4.5,Midday,Saturday,True,Strong,25.7
ORD10783,Birnin Kebbi Hub,Jega,53.6,Van,Paved,Clear,Medium,Documents,0,0.8,2.2,Evening,Monday,False,No Signal,80.5
ORD10784,Birnin Kebbi Hub,Birnin Kebbi,7.2,Van,Paved,Rain,Low,Food,0,6.3,1.7,Evening,Monday,False,Strong,17.6
ORD10785,Birnin Kebbi Hub,Birnin Kebbi,6.6,Motorcycle,Paved,Rain,High,Parcel,0,3.9,1.7,Morning,Thursday,False,Weak,47.5
ORD10786,Birnin Kebbi Hub,Birnin Kebbi,4.8,Motorcycle,Paved,Clear,Low,Food,0,0.5,2.8,Morning,Friday,False,Strong,13.8
ORD10787,Birnin Kebbi Hub,Birnin Kebbi,6.7,Truck,Paved,Rain,Medium,Documents,2,2.6,1.8,Morning,Wednesday,False,Strong,59.2
ORD10788,Birnin Kebbi Hub,Yauri,172.2,Van,Paved,Clear,High,Parcel,2,0.2,1.5,Midday,Sunday,True,Strong,347.1
ORD10789,Birnin Kebbi Hub,Birnin Kebbi,9.6,Motorcycle,Paved,Clear,Medium,Food,0,2.6,3.2,Midday,Monday,False,Strong,18.4
ORD10790,Birnin Kebbi Hub,Birnin Kebbi,9.5,Truck,Paved,Clear,Medium,Documents,2,4.5,2.9,Evening,Sunday,True,No Signal,56.2
ORD10791,Birnin Kebbi Hub,Bunza,41.7,Keke (Tricycle),Paved,Harmattan Dust,Low,Documents,0,1.5,5.9,Afternoon,Tuesday,False,Strong,90.7
ORD10792,Birnin Kebbi Hub,Yauri,126.2,Motorcycle,Paved,Clear,Low,Parcel,1,1.3,1.8,Midday,Thursday,False,No Signal,155.0
ORD10793,Birnin Kebbi Hub,Yauri,174.2,Motorcycle,Paved,Rain,Low,Documents,0,10.5,4.4,Morning,Friday,False,No Signal,315.2
ORD10794,Birnin Kebbi Hub,Argungu,69.2,Motorcycle,Paved,Harmattan Dust,Low,Food,1,7.7,0.7,Afternoon,Saturday,True,Strong,124.6
ORD10795,Birnin Kebbi Hub,Bunza,53.5,Motorcycle,Paved,Clear,Medium,Food,2,3.1,3.3,Morning,Sunday,True,Weak,99.2
ORD10796,Birnin Kebbi Hub,Argungu,63.7,Keke (Tricycle),Paved,Clear,High,Documents,0,1.3,4.9,Midday,Saturday,True,Weak,210.8
ORD10797,Birnin Kebbi Hub,Jega,66.0,Motorcycle,Unpaved,Clear,High,Documents,1,4.2,2.0,Morning,Saturday,True,Weak,269.5
ORD10798,Birnin Kebbi Hub,Aliero,34.4,Motorcycle,Unpaved,Clear,Medium,Food,0,4.4,1.2,Morning,Sunday,True,Weak,102.7
ORD10799,Birnin Kebbi Hub,Jega,51.2,Motorcycle,Paved,Clear,Low,Documents,1,5.9,4.8,Morning,Monday,False,Strong,68.5
ORD10800,Birnin Kebbi Hub,Yauri,157.2,Motorcycle,Paved,Clear,Low,Food,0,7.6,1.5,Afternoon,Monday,False,No Signal,200.8
ORD10801,Birnin Kebbi Hub,Birnin Kebbi,6.6,Motorcycle,Paved,Rain,High,Bulk Goods,0,21.5,2.6,Afternoon,Friday,False,Weak,36.4
ORD10802,Birnin Kebbi Hub,Birnin Kebbi,7.1,Motorcycle,Unpaved,Clear,High,Parcel,0,6.5,4.9,Midday,Friday,False,Weak,45.7
ORD10803,Birnin Kebbi Hub,Birnin Kebbi,5.5,Keke (Tricycle),Unpaved,Clear,Medium,Documents,1,2.2,1.3,Morning,Sunday,True,Weak,53.9
ORD10804,Birnin Kebbi Hub,Jega,43.3,Truck,Unpaved,Clear,Medium,Parcel,0,2.4,5.9,Morning,Saturday,True,Strong,151.6
ORD10805,Birnin Kebbi Hub,Jega,44.6,Motorcycle,Paved,Clear,Medium,Documents,1,7.5,9.5,Morning,Wednesday,False,No Signal,85.4
ORD10806,Birnin Kebbi Hub,Kamba,153.6,Truck,Paved,Clear,Medium,Bulk Goods,2,45.9,2.1,Morning,Thursday,False,Weak,311.8
ORD10807,Birnin Kebbi Hub,Bunza,37.3,Van,Paved,Clear,Low,Food,0,1.6,2.0,Midday,Wednesday,False,Strong,37.5
ORD10808,Birnin Kebbi Hub,Bunza,36.0,Van,Paved,Clear,Low,Parcel,0,0.2,1.8,Evening,Saturday,True,Weak,45.9
ORD10809,Birnin Kebbi Hub,Jega,57.6,Keke (Tricycle),Unpaved,Clear,Low,Documents,1,1.0,0.8,Morning,Sunday,True,Strong,212.3
ORD10810,Birnin Kebbi Hub,Aliero,29.5,Motorcycle,Paved,Rain,Low,Parcel,2,4.2,3.5,Afternoon,Tuesday,False,Weak,77.5
ORD10811,Birnin Kebbi Hub,Aliero,39.9,Keke (Tricycle),Unpaved,Clear,Medium,Bulk Goods,0,37.0,0.8,Afternoon,Tuesday,False,Weak,186.5
ORD10812,Birnin Kebbi Hub,Yauri,159.3,Motorcycle,Paved,Harmattan Dust,Low,Parcel,0,2.5,1.7,Morning,Friday,False,Strong,237.1
ORD10813,Birnin Kebbi Hub,Jega,50.5,Motorcycle,Paved,Clear,High,Bulk Goods,3,18.9,0.2,Midday,Thursday,False,Strong,143.5
ORD10814,Birnin Kebbi Hub,Kamba,151.2,Motorcycle,Paved,Clear,Low,Parcel,1,7.1,6.3,Evening,Monday,False,Strong,170.9
ORD10815,Birnin Kebbi Hub,Jega,56.3,Motorcycle,Paved,Clear,High,Bulk Goods,0,41.9,1.4,Morning,Wednesday,False,Weak,153.4
ORD10816,Birnin Kebbi Hub,Jega,64.7,Motorcycle,Paved,Clear,Low,Food,0,6.7,5.7,Morning,Friday,False,No Signal,88.1
ORD10817,Birnin Kebbi Hub,Bunza,50.2,Motorcycle,Paved,Rain,Low,Food,0,0.2,5.7,Morning,Thursday,False,Weak,99.9
ORD10818,Birnin Kebbi Hub,Birnin Kebbi,6.1,Keke (Tricycle),Paved,Clear,Medium,Documents,0,1.2,7.5,Afternoon,Tuesday,False,Weak,37.6
ORD10819,Birnin Kebbi Hub,Birnin Kebbi,6.6,Keke (Tricycle),Paved,Clear,Medium,Parcel,0,2.0,0.6,Evening,Wednesday,False,No Signal,37.5
ORD10820,Birnin Kebbi Hub,Bunza,51.0,Keke (Tricycle),Unpaved,Harmattan Dust,Low,Food,0,3.3,4.7,Midday,Tuesday,False,Strong,205.4
ORD10821,Birnin Kebbi Hub,Argungu,54.2,Truck,Paved,Clear,Low,Food,0,3.8,0.5,Afternoon,Monday,False,Weak,90.7
ORD10822,Birnin Kebbi Hub,Bunza,42.1,Van,Unpaved,Clear,Medium,Food,0,0.4,3.4,Afternoon,Friday,False,Weak,113.0
ORD10823,Birnin Kebbi Hub,Kamba,134.2,Keke (Tricycle),Paved,Clear,Medium,Food,0,0.9,5.6,Midday,Wednesday,False,Weak,286.2
ORD10824,Birnin Kebbi Hub,Birnin Kebbi,2.1,Keke (Tricycle),Paved,Rain,Low,Parcel,0,0.2,2.6,Evening,Friday,False,Strong,29.2
ORD10825,Birnin Kebbi Hub,Bunza,41.9,Keke (Tricycle),Paved,Harmattan Dust,Medium,Documents,0,5.1,2.7,Afternoon,Friday,False,Weak,131.7
ORD10826,Birnin Kebbi Hub,Kamba,139.5,Truck,Unpaved,Clear,Low,Bulk Goods,0,36.7,0.1,Morning,Monday,False,Strong,362.1
ORD10827,Birnin Kebbi Hub,Argungu,72.8,Motorcycle,Paved,Clear,Low,Food,0,0.9,1.5,Evening,Thursday,False,Weak,92.1
ORD10828,Birnin Kebbi Hub,Kamba,123.9,Motorcycle,Paved,Clear,High,Parcel,0,0.4,4.0,Midday,Friday,False,Weak,253.9
ORD10829,Birnin Kebbi Hub,Birnin Kebbi,8.3,Motorcycle,Paved,Rain,Medium,Food,1,8.5,5.5,Morning,Monday,False,No Signal,45.5
ORD10830,Birnin Kebbi Hub,Argungu,70.6,Motorcycle,Paved,Clear,High,Documents,0,0.5,4.1,Midday,Wednesday,False,Strong,132.0
ORD10831,Birnin Kebbi Hub,Birnin Kebbi,7.7,Van,Paved,Harmattan Dust,High,Parcel,0,0.9,3.4,Evening,Sunday,True,Strong,29.7
ORD10832,Birnin Kebbi Hub,Birnin Kebbi,9.5,Keke (Tricycle),Paved,Clear,Medium,Parcel,2,2.4,0.2,Morning,Thursday,False,No Signal,54.6
ORD10833,Birnin Kebbi Hub,Birnin Kebbi,7.1,Motorcycle,Unpaved,Clear,Medium,Parcel,0,0.7,5.4,Morning,Wednesday,False,Strong,32.1
ORD10834,Birnin Kebbi Hub,Birnin Kebbi,5.9,Keke (Tricycle),Paved,Clear,Low,Food,0,0.4,1.3,Afternoon,Sunday,True,Weak,37.8
ORD10835,Birnin Kebbi Hub,Bunza,39.6,Truck,Paved,Clear,Low,Parcel,1,0.4,3.3,Afternoon,Monday,False,Strong,76.3
ORD10836,Birnin Kebbi Hub,Birnin Kebbi,2.7,Motorcycle,Unpaved,Rain,Low,Food,3,0.5,2.2,Evening,Tuesday,False,Weak,33.8
ORD10837,Birnin Kebbi Hub,Bunza,37.7,Motorcycle,Unpaved,Harmattan Dust,Medium,Parcel,2,0.7,1.5,Evening,Friday,False,Strong,131.5
ORD10838,Birnin Kebbi Hub,Argungu,67.8,Van,Unpaved,Clear,Low,Bulk Goods,1,18.4,4.5,Evening,Thursday,False,Strong,145.6
ORD10839,Birnin Kebbi Hub,Birnin Kebbi,4.2,Van,Paved,Clear,Medium,Documents,0,0.2,0.5,Midday,Tuesday,False,Strong,24.9
ORD10840,Birnin Kebbi Hub,Birnin Kebbi,6.1,Motorcycle,Paved,Harmattan Dust,Low,Parcel,0,2.8,1.2,Afternoon,Tuesday,False,Strong,18.0
ORD10841,Birnin Kebbi Hub,Argungu,59.8,Keke (Tricycle),Unpaved,Rain,High,Food,1,12.1,2.3,Morning,Monday,False,Weak,475.3
ORD10842,Birnin Kebbi Hub,Bunza,43.5,Motorcycle,Unpaved,Clear,High,Documents,1,6.3,1.3,Evening,Tuesday,False,Weak,162.5
ORD10843,Birnin Kebbi Hub,Zuru,185.0,Motorcycle,Paved,Clear,Low,Bulk Goods,0,16.3,2.8,Midday,Saturday,True,Strong,229.6
ORD10844,Birnin Kebbi Hub,Birnin Kebbi,7.3,Keke (Tricycle),Paved,Clear,Low,Food,0,0.2,1.1,Morning,Wednesday,False,Weak,41.0
ORD10845,Birnin Kebbi Hub,Bunza,41.5,Truck,Unpaved,Clear,Medium,Parcel,1,1.3,0.5,Morning,Monday,False,Weak,149.8
ORD10846,Birnin Kebbi Hub,Birnin Kebbi,6.9,Motorcycle,Paved,Clear,Medium,Parcel,1,1.4,3.0,Morning,Wednesday,False,Strong,29.5
ORD10847,Birnin Kebbi Hub,Birnin Kebbi,1.5,Keke (Tricycle),Paved,Clear,High,Parcel,1,0.2,1.0,Evening,Wednesday,False,Strong,18.0
ORD10848,Birnin Kebbi Hub,Argungu,72.9,Van,Paved,Clear,Low,Bulk Goods,1,16.9,0.6,Morning,Friday,False,No Signal,97.5
ORD10849,Birnin Kebbi Hub,Argungu,65.7,Van,Paved,Clear,Low,Documents,1,2.5,1.2,Morning,Tuesday,False,Strong,82.9
ORD10850,Birnin Kebbi Hub,Bunza,41.4,Motorcycle,Unpaved,Clear,Medium,Bulk Goods,0,39.1,4.7,Morning,Thursday,False,Weak,130.9
ORD10851,Birnin Kebbi Hub,Zuru,184.8,Van,Paved,Clear,Low,Parcel,0,1.5,2.6,Midday,Thursday,False,Strong,204.6
ORD10852,Birnin Kebbi Hub,Argungu,62.9,Motorcycle,Paved,Clear,High,Parcel,3,1.3,4.3,Afternoon,Monday,False,Weak,144.1
ORD10853,Birnin Kebbi Hub,Bunza,51.4,Motorcycle,Unpaved,Clear,Low,Documents,0,3.0,2.5,Morning,Saturday,True,No Signal,130.1
ORD10854,Birnin Kebbi Hub,Birnin Kebbi,3.1,Motorcycle,Paved,Clear,Medium,Bulk Goods,2,15.4,6.3,Midday,Wednesday,False,Weak,27.2
ORD10855,Birnin Kebbi Hub,Yauri,145.8,Keke (Tricycle),Unpaved,Rain,Low,Parcel,2,4.8,0.6,Midday,Saturday,True,Strong,729.2
ORD10856,Birnin Kebbi Hub,Argungu,57.1,Motorcycle,Unpaved,Rain,Medium,Food,4,0.2,1.9,Morning,Saturday,True,Strong,260.5
ORD10857,Birnin Kebbi Hub,Aliero,43.2,Van,Paved,Harmattan Dust,High,Parcel,1,5.1,2.9,Morning,Saturday,True,No Signal,125.2
ORD10858,Birnin Kebbi Hub,Birnin Kebbi,5.8,Van,Paved,Clear,High,Parcel,0,6.0,1.2,Midday,Saturday,True,Strong,23.9
ORD10859,Birnin Kebbi Hub,Bunza,46.5,Keke (Tricycle),Unpaved,Rain,Low,Parcel,2,6.8,1.0,Evening,Friday,False,Strong,252.1
ORD10860,Birnin Kebbi Hub,Argungu,57.7,Keke (Tricycle),Unpaved,Harmattan Dust,Medium,Food,0,2.3,1.1,Afternoon,Tuesday,False,Strong,290.2
ORD10861,Birnin Kebbi Hub,Bunza,49.6,Motorcycle,Paved,Clear,Medium,Parcel,1,2.4,8.0,Midday,Friday,False,No Signal,82.7
ORD10862,Birnin Kebbi Hub,Birnin Kebbi,5.3,Keke (Tricycle),Unpaved,Clear,Medium,Parcel,0,1.9,1.0,Morning,Monday,False,Strong,45.7
ORD10863,Birnin Kebbi Hub,Birnin Kebbi,7.0,Truck,Paved,Clear,Low,Parcel,0,1.3,1.1,Morning,Tuesday,False,Weak,28.0
ORD10864,Birnin Kebbi Hub,Jega,58.3,Keke (Tricycle),Unpaved,Harmattan Dust,Low,Parcel,0,4.8,2.5,Morning,Sunday,True,Strong,246.6
ORD10865,Birnin Kebbi Hub,Argungu,61.5,Motorcycle,Paved,Clear,Medium,Documents,1,2.0,2.4,Midday,Monday,False,Weak,90.0
ORD10866,Birnin Kebbi Hub,Bunza,47.7,Truck,Unpaved,Clear,Low,Parcel,1,0.4,0.2,Morning,Sunday,True,Weak,146.8
ORD10867,Birnin Kebbi Hub,Kamba,150.8,Motorcycle,Paved,Rain,Medium,Bulk Goods,3,36.8,1.1,Evening,Thursday,False,Weak,353.3
ORD10868,Birnin Kebbi Hub,Aliero,41.4,Van,Paved,Clear,Low,Parcel,0,0.3,3.7,Midday,Saturday,True,No Signal,58.7
ORD10869,Birnin Kebbi Hub,Kamba,121.0,Keke (Tricycle),Paved,Clear,Low,Parcel,0,3.3,2.7,Morning,Friday,False,Weak,236.6
ORD10870,Birnin Kebbi Hub,Birnin Kebbi,7.8,Motorcycle,Paved,Clear,Low,Parcel,0,0.8,3.8,Evening,Saturday,True,Strong,14.7
ORD10871,Birnin Kebbi Hub,Bunza,43.9,Keke (Tricycle),Unpaved,Harmattan Dust,Medium,Parcel,0,0.2,3.1,Midday,Wednesday,False,Weak,221.9
ORD10872,Birnin Kebbi Hub,Jega,56.3,Keke (Tricycle),Paved,Clear,High,Parcel,0,1.5,4.2,Afternoon,Friday,False,No Signal,197.1
ORD10873,Birnin Kebbi Hub,Jega,54.1,Motorcycle,Unpaved,Clear,Low,Parcel,0,2.3,4.1,Midday,Wednesday,False,Weak,123.1
ORD10874,Birnin Kebbi Hub,Kamba,155.9,Motorcycle,Unpaved,Clear,Medium,Documents,0,1.7,0.9,Afternoon,Sunday,True,Strong,402.4
ORD10875,Birnin Kebbi Hub,Birnin Kebbi,7.2,Motorcycle,Paved,Rain,Medium,Bulk Goods,0,44.2,1.1,Afternoon,Tuesday,False,Strong,58.5
ORD10876,Birnin Kebbi Hub,Zuru,154.6,Motorcycle,Unpaved,Clear,Low,Bulk Goods,2,28.9,2.8,Evening,Friday,False,Strong,329.4
ORD10877,Birnin Kebbi Hub,Birnin Kebbi,6.4,Motorcycle,Paved,Clear,Low,Parcel,4,5.2,0.5,Morning,Tuesday,False,Weak,45.6
ORD10878,Birnin Kebbi Hub,Jega,45.3,Keke (Tricycle),Paved,Rain,High,Bulk Goods,0,25.3,3.1,Midday,Wednesday,False,Strong,231.9
ORD10879,Birnin Kebbi Hub,Bunza,45.9,Keke (Tricycle),Unpaved,Clear,Low,Food,0,2.7,4.2,Morning,Saturday,True,Weak,169.4
ORD10880,Birnin Kebbi Hub,Birnin Kebbi,8.7,Motorcycle,Unpaved,Harmattan Dust,Medium,Bulk Goods,0,22.6,0.3,Morning,Tuesday,False,Weak,62.0
ORD10881,Birnin Kebbi Hub,Bunza,39.0,Van,Paved,Clear,Medium,Food,2,0.2,3.6,Midday,Friday,False,Weak,81.4
ORD10882,Birnin Kebbi Hub,Jega,70.6,Keke (Tricycle),Paved,Harmattan Dust,High,Parcel,2,11.3,2.9,Afternoon,Saturday,True,Weak,301.0
ORD10883,Birnin Kebbi Hub,Argungu,72.9,Keke (Tricycle),Paved,Clear,Medium,Bulk Goods,1,36.3,5.2,Midday,Tuesday,False,Strong,192.3
ORD10884,Birnin Kebbi Hub,Zuru,147.4,Keke (Tricycle),Unpaved,Clear,Medium,Bulk Goods,0,41.2,3.5,Morning,Tuesday,False,Weak,619.7
ORD10885,Birnin Kebbi Hub,Bunza,43.8,Motorcycle,Unpaved,Clear,Low,Documents,0,5.9,7.1,Afternoon,Sunday,True,Weak,96.6
ORD10886,Birnin Kebbi Hub,Yauri,165.4,Motorcycle,Paved,Clear,Low,Food,0,5.9,5.8,Midday,Saturday,True,Strong,186.9
ORD10887,Birnin Kebbi Hub,Zuru,204.8,Keke (Tricycle),Unpaved,Rain,Low,Parcel,0,3.9,3.0,Midday,Sunday,True,Weak,986.7
ORD10888,Birnin Kebbi Hub,Kamba,143.9,Motorcycle,Unpaved,Clear,Low,Parcel,0,2.4,2.0,Afternoon,Friday,False,No Signal,305.9
ORD10889,Birnin Kebbi Hub,Argungu,65.6,Motorcycle,Unpaved,Harmattan Dust,Low,Documents,0,16.2,0.9,Evening,Saturday,True,Strong,186.4
ORD10890,Birnin Kebbi Hub,Bunza,44.6,Keke (Tricycle),Unpaved,Rain,Low,Food,2,6.7,3.5,Morning,Tuesday,False,Strong,238.6
ORD10891,Birnin Kebbi Hub,Kamba,140.1,Keke (Tricycle),Unpaved,Rain,Medium,Parcel,0,7.7,1.5,Midday,Sunday,True,Strong,854.1
ORD10892,Birnin Kebbi Hub,Yauri,183.4,Motorcycle,Paved,Harmattan Dust,Low,Bulk Goods,0,39.7,4.4,Evening,Friday,False,No Signal,276.3
ORD10893,Birnin Kebbi Hub,Birnin Kebbi,3.1,Motorcycle,Paved,Clear,High,Food,2,5.1,1.7,Afternoon,Tuesday,False,Weak,38.6
ORD10894,Birnin Kebbi Hub,Yauri,192.1,Motorcycle,Unpaved,Clear,Medium,Parcel,0,6.7,5.4,Midday,Thursday,False,No Signal,500.1
ORD10895,Birnin Kebbi Hub,Kamba,127.7,Motorcycle,Unpaved,Rain,Medium,Parcel,4,2.0,3.9,Morning,Tuesday,False,No Signal,524.4
ORD10896,Birnin Kebbi Hub,Argungu,71.5,Motorcycle,Unpaved,Clear,High,Bulk Goods,0,13.9,1.9,Morning,Thursday,False,Strong,280.9
ORD10897,Birnin Kebbi Hub,Bunza,42.2,Motorcycle,Paved,Harmattan Dust,Medium,Bulk Goods,1,20.4,1.6,Morning,Friday,False,No Signal,113.2
ORD10898,Birnin Kebbi Hub,Bunza,37.6,Motorcycle,Unpaved,Clear,Medium,Bulk Goods,2,32.8,1.2,Afternoon,Sunday,True,Strong,137.2
ORD10899,Birnin Kebbi Hub,Yauri,160.9,Van,Unpaved,Clear,Medium,Parcel,0,4.5,2.0,Morning,Tuesday,False,Strong,374.3
ORD10900,Birnin Kebbi Hub,Argungu,64.9,Keke (Tricycle),Paved,Harmattan Dust,High,Parcel,1,3.2,0.2,Afternoon,Friday,False,Strong,281.7
ORD10901,Birnin Kebbi Hub,Birnin Kebbi,5.1,Motorcycle,Paved,Clear,Medium,Food,0,0.3,3.8,Evening,Monday,False,Weak,9.8
ORD10902,Birnin Kebbi Hub,Kamba,145.0,Motorcycle,Paved,Harmattan Dust,Medium,Parcel,0,1.4,1.1,Evening,Sunday,True,Weak,254.6
ORD10903,Birnin Kebbi Hub,Jega,41.3,Truck,Paved,Clear,Medium,Documents,0,2.0,1.1,Afternoon,Friday,False,No Signal,102.1
ORD10904,Birnin Kebbi Hub,Zuru,145.1,Motorcycle,Unpaved,Harmattan Dust,Medium,Bulk Goods,0,28.3,0.8,Afternoon,Wednesday,False,No Signal,484.3
ORD10905,Birnin Kebbi Hub,Yauri,154.5,Motorcycle,Paved,Clear,Low,Documents,1,0.4,4.4,Evening,Wednesday,False,Strong,175.1
ORD10906,Birnin Kebbi Hub,Argungu,62.5,Motorcycle,Paved,Clear,Medium,Documents,0,4.6,2.5,Afternoon,Friday,False,Weak,107.3
ORD10907,Birnin Kebbi Hub,Birnin Kebbi,5.6,Motorcycle,Paved,Clear,Medium,Parcel,2,0.8,1.6,Evening,Monday,False,Weak,26.9
ORD10908,Birnin Kebbi Hub,Birnin Kebbi,8.9,Keke (Tricycle),Paved,Rain,Medium,Documents,1,6.5,5.5,Morning,Wednesday,False,No Signal,43.9
ORD10909,Birnin Kebbi Hub,Birnin Kebbi,3.3,Motorcycle,Paved,Clear,Low,Documents,1,1.2,1.0,Morning,Monday,False,Weak,26.6
ORD10910,Birnin Kebbi Hub,Yauri,169.1,Van,Paved,Harmattan Dust,High,Food,2,0.5,0.5,Afternoon,Thursday,False,Weak,416.7
ORD10911,Birnin Kebbi Hub,Birnin Kebbi,4.1,Keke (Tricycle),Paved,Clear,Medium,Food,0,0.8,1.4,Evening,Thursday,False,Strong,17.9
ORD10912,Birnin Kebbi Hub,Birnin Kebbi,4.6,Motorcycle,Paved,Harmattan Dust,High,Food,1,4.5,0.9,Evening,Wednesday,False,Strong,26.0
ORD10913,Birnin Kebbi Hub,Birnin Kebbi,5.4,Keke (Tricycle),Paved,Harmattan Dust,Low,Documents,3,6.3,2.0,Midday,Friday,False,Weak,41.3
ORD10914,Birnin Kebbi Hub,Birnin Kebbi,5.0,Keke (Tricycle),Paved,Clear,Medium,Bulk Goods,2,21.1,1.6,Evening,Wednesday,False,Strong,43.5
ORD10915,Birnin Kebbi Hub,Bunza,56.6,Keke (Tricycle),Paved,Clear,High,Parcel,0,2.1,2.6,Midday,Thursday,False,Weak,191.7
ORD10916,Birnin Kebbi Hub,Birnin Kebbi,7.9,Keke (Tricycle),Paved,Clear,Low,Parcel,1,5.2,2.6,Afternoon,Tuesday,False,No Signal,44.9
ORD10917,Birnin Kebbi Hub,Birnin Kebbi,7.5,Keke (Tricycle),Paved,Harmattan Dust,Low,Bulk Goods,0,24.7,1.3,Midday,Friday,False,Weak,41.9
ORD10918,Birnin Kebbi Hub,Zuru,201.6,Van,Unpaved,Rain,Low,Parcel,0,1.1,2.5,Evening,Sunday,True,Strong,568.3
ORD10919,Birnin Kebbi Hub,Jega,43.4,Van,Unpaved,Clear,Medium,Parcel,1,5.8,4.7,Morning,Friday,False,Strong,115.9
ORD10920,Birnin Kebbi Hub,Birnin Kebbi,5.5,Motorcycle,Paved,Harmattan Dust,Low,Food,2,24.3,1.5,Morning,Monday,False,Strong,45.6
ORD10921,Birnin Kebbi Hub,Birnin Kebbi,7.4,Motorcycle,Paved,Rain,High,Bulk Goods,1,19.0,2.4,Morning,Sunday,True,No Signal,58.5
ORD10922,Birnin Kebbi Hub,Kamba,149.6,Motorcycle,Paved,Clear,Low,Documents,0,1.3,2.0,Evening,Saturday,True,Weak,181.2
ORD10923,Birnin Kebbi Hub,Bunza,43.4,Motorcycle,Unpaved,Clear,Low,Parcel,3,2.8,1.9,Morning,Sunday,True,Strong,118.2
ORD10924,Birnin Kebbi Hub,Zuru,184.7,Motorcycle,Unpaved,Clear,Medium,Bulk Goods,0,31.9,2.8,Afternoon,Friday,False,Weak,485.4
ORD10925,Birnin Kebbi Hub,Birnin Kebbi,10.6,Keke (Tricycle),Paved,Clear,Low,Parcel,0,3.6,1.1,Evening,Tuesday,False,Strong,16.2
ORD10926,Birnin Kebbi Hub,Bunza,36.4,Van,Paved,Harmattan Dust,High,Parcel,1,4.5,0.8,Morning,Monday,False,Strong,112.7
ORD10927,Birnin Kebbi Hub,Birnin Kebbi,3.3,Keke (Tricycle),Paved,Clear,Low,Bulk Goods,0,40.1,9.4,Afternoon,Monday,False,Strong,37.2
ORD10928,Birnin Kebbi Hub,Birnin Kebbi,2.8,Van,Paved,Rain,High,Parcel,0,1.9,1.0,Midday,Sunday,True,No Signal,40.2
ORD10929,Birnin Kebbi Hub,Zuru,198.2,Keke (Tricycle),Paved,Clear,Low,Documents,1,1.5,0.9,Evening,Wednesday,False,Weak,346.6
ORD10930,Birnin Kebbi Hub,Argungu,54.2,Van,Paved,Clear,Medium,Parcel,0,4.1,1.3,Morning,Thursday,False,Strong,77.3
ORD10931,Birnin Kebbi Hub,Yauri,158.9,Motorcycle,Paved,Clear,Medium,Food,0,15.5,1.1,Midday,Monday,False,Strong,244.5
ORD10932,Birnin Kebbi Hub,Bunza,44.8,Motorcycle,Unpaved,Clear,Low,Parcel,0,1.2,3.0,Midday,Wednesday,False,Weak,108.9
ORD10933,Birnin Kebbi Hub,Kamba,153.2,Motorcycle,Paved,Clear,Medium,Parcel,2,7.1,2.1,Evening,Wednesday,False,Weak,225.5
ORD10934,Birnin Kebbi Hub,Zuru,214.0,Van,Unpaved,Clear,Low,Parcel,0,0.5,1.5,Morning,Sunday,True,Strong,405.2
ORD10935,Birnin Kebbi Hub,Birnin Kebbi,7.5,Motorcycle,Paved,Clear,Medium,Bulk Goods,0,26.5,1.6,Afternoon,Thursday,False,Weak,45.9
ORD10936,Birnin Kebbi Hub,Zuru,167.3,Keke (Tricycle),Unpaved,Clear,Medium,Documents,2,4.1,4.6,Midday,Saturday,True,Strong,674.0
ORD10937,Birnin Kebbi Hub,Aliero,37.7,Motorcycle,Paved,Clear,Low,Parcel,0,4.8,1.6,Morning,Sunday,True,Weak,81.4
ORD10938,Birnin Kebbi Hub,Bunza,53.1,Motorcycle,Paved,Clear,Low,Documents,0,9.0,2.0,Evening,Sunday,True,Weak,79.0
ORD10939,Birnin Kebbi Hub,Yauri,155.9,Van,Paved,Clear,Medium,Food,4,0.4,4.7,Midday,Friday,False,Weak,239.6
ORD10940,Birnin Kebbi Hub,Birnin Kebbi,5.8,Motorcycle,Paved,Clear,Medium,Documents,1,0.9,1.7,Midday,Friday,False,Strong,24.1
ORD10941,Birnin Kebbi Hub,Argungu,60.7,Motorcycle,Unpaved,Clear,Medium,Bulk Goods,1,34.7,1.3,Midday,Wednesday,False,Strong,186.0
ORD10942,Birnin Kebbi Hub,Birnin Kebbi,7.0,Van,Paved,Clear,Low,Documents,1,6.7,2.2,Afternoon,Wednesday,False,Weak,32.2
ORD10943,Birnin Kebbi Hub,Birnin Kebbi,5.8,Keke (Tricycle),Paved,Clear,Low,Parcel,0,2.0,0.6,Evening,Sunday,True,Weak,34.5
ORD10944,Birnin Kebbi Hub,Aliero,42.7,Van,Paved,Clear,Low,Parcel,0,0.6,1.7,Midday,Saturday,True,Weak,55.1
ORD10945,Birnin Kebbi Hub,Aliero,32.0,Motorcycle,Paved,Clear,High,Bulk Goods,0,23.4,0.2,Morning,Sunday,True,Weak,103.5
ORD10946,Birnin Kebbi Hub,Bunza,36.6,Motorcycle,Unpaved,Clear,Medium,Food,3,0.8,4.0,Morning,Sunday,True,No Signal,120.6
ORD10947,Birnin Kebbi Hub,Yauri,149.9,Motorcycle,Paved,Rain,Medium,Parcel,1,3.2,4.4,Afternoon,Monday,False,No Signal,336.8
ORD10948,Birnin Kebbi Hub,Zuru,189.5,Van,Unpaved,Harmattan Dust,Low,Documents,0,0.5,2.5,Evening,Thursday,False,Strong,438.0
ORD10949,Birnin Kebbi Hub,Yauri,134.5,Motorcycle,Paved,Clear,Low,Food,0,5.2,3.0,Evening,Sunday,True,Strong,160.7
ORD10950,Birnin Kebbi Hub,Birnin Kebbi,4.6,Van,Paved,Rain,Low,Parcel,0,4.0,1.8,Midday,Tuesday,False,No Signal,9.7
ORD10951,Birnin Kebbi Hub,Birnin Kebbi,8.7,Motorcycle,Paved,Rain,Low,Food,0,7.1,1.0,Morning,Wednesday,False,No Signal,59.3
ORD10952,Birnin Kebbi Hub,Aliero,34.0,Van,Paved,Clear,High,Parcel,0,0.9,2.8,Midday,Tuesday,False,Strong,65.4
ORD10953,Birnin Kebbi Hub,Jega,57.4,Van,Unpaved,Clear,Medium,Parcel,0,2.9,4.4,Evening,Tuesday,False,Weak,137.2
ORD10954,Birnin Kebbi Hub,Yauri,139.4,Keke (Tricycle),Paved,Clear,Medium,Bulk Goods,3,18.3,1.2,Midday,Tuesday,False,Strong,332.8
ORD10955,Birnin Kebbi Hub,Zuru,209.7,Motorcycle,Paved,Clear,Medium,Bulk Goods,0,14.0,1.3,Evening,Sunday,True,Strong,307.9
ORD10956,Birnin Kebbi Hub,Yauri,171.7,Van,Paved,Clear,Low,Parcel,0,2.5,2.0,Morning,Thursday,False,No Signal,196.1
ORD10957,Birnin Kebbi Hub,Birnin Kebbi,1.6,Motorcycle,Paved,Clear,Medium,Food,4,0.2,2.1,Morning,Wednesday,False,Strong,23.5
ORD10958,Birnin Kebbi Hub,Jega,58.9,Motorcycle,Unpaved,Clear,Low,Parcel,0,1.7,9.4,Midday,Wednesday,False,Strong,121.9
ORD10959,Birnin Kebbi Hub,Birnin Kebbi,7.2,Motorcycle,Paved,Clear,Medium,Food,0,5.1,3.0,Evening,Tuesday,False,Weak,15.3
ORD10960,Birnin Kebbi Hub,Aliero,34.3,Van,Paved,Rain,Low,Bulk Goods,0,28.0,0.8,Evening,Saturday,True,Strong,70.4
ORD10961,Birnin Kebbi Hub,Bunza,52.6,Motorcycle,Paved,Harmattan Dust,Medium,Parcel,1,21.0,1.5,Afternoon,Wednesday,False,Weak,121.3
ORD10962,Birnin Kebbi Hub,Birnin Kebbi,5.6,Van,Paved,Harmattan Dust,Medium,Food,1,2.0,3.1,Morning,Thursday,False,No Signal,42.8
ORD10963,Birnin Kebbi Hub,Birnin Kebbi,8.6,Keke (Tricycle),Paved,Harmattan Dust,Low,Bulk Goods,0,22.9,1.4,Midday,Friday,False,Strong,42.2
ORD10964,Birnin Kebbi Hub,Birnin Kebbi,6.8,Keke (Tricycle),Paved,Rain,Low,Food,1,4.1,6.0,Evening,Saturday,True,Weak,37.3
ORD10965,Birnin Kebbi Hub,Argungu,67.1,Van,Paved,Clear,Medium,Parcel,1,2.6,4.1,Evening,Wednesday,False,Weak,103.9
ORD10966,Birnin Kebbi Hub,Argungu,69.0,Keke (Tricycle),Paved,Clear,Low,Food,1,2.0,4.5,Morning,Sunday,True,Strong,140.1
ORD10967,Birnin Kebbi Hub,Birnin Kebbi,7.1,Motorcycle,Paved,Harmattan Dust,Low,Documents,0,6.2,1.2,Afternoon,Saturday,True,Weak,34.2
ORD10968,Birnin Kebbi Hub,Jega,58.0,Motorcycle,Unpaved,Harmattan Dust,Low,Parcel,0,1.9,3.3,Afternoon,Sunday,True,Weak,157.0
ORD10969,Birnin Kebbi Hub,Bunza,45.1,Keke (Tricycle),Paved,Clear,Low,Food,0,3.2,4.0,Morning,Saturday,True,Strong,91.7
ORD10970,Birnin Kebbi Hub,Aliero,40.5,Motorcycle,Unpaved,Clear,Low,Food,0,0.5,9.3,Morning,Friday,False,Weak,99.1
ORD10971,Birnin Kebbi Hub,Birnin Kebbi,8.0,Keke (Tricycle),Paved,Clear,Low,Parcel,1,10.4,1.3,Afternoon,Sunday,True,Weak,41.7
ORD10972,Birnin Kebbi Hub,Aliero,35.5,Motorcycle,Paved,Clear,Medium,Food,2,2.9,5.8,Evening,Monday,False,No Signal,72.6
ORD10973,Birnin Kebbi Hub,Birnin Kebbi,7.4,Motorcycle,Unpaved,Clear,Low,Parcel,2,8.1,1.9,Midday,Thursday,False,Weak,32.9
ORD10974,Birnin Kebbi Hub,Birnin Kebbi,7.8,Keke (Tricycle),Unpaved,Harmattan Dust,High,Bulk Goods,1,35.6,2.6,Morning,Monday,False,Weak,108.6
ORD10975,Birnin Kebbi Hub,Argungu,76.4,Motorcycle,Paved,Harmattan Dust,Low,Food,1,13.5,4.6,Morning,Wednesday,False,Strong,127.4
ORD10976,Birnin Kebbi Hub,Birnin Kebbi,4.5,Van,Unpaved,Rain,Low,Food,0,1.1,0.6,Evening,Tuesday,False,Strong,34.7
ORD10977,Birnin Kebbi Hub,Bunza,39.0,Motorcycle,Paved,Clear,Medium,Food,2,2.4,0.9,Midday,Sunday,True,Strong,72.1
ORD10978,Birnin Kebbi Hub,Argungu,78.7,Van,Paved,Clear,Low,Parcel,0,3.5,3.3,Morning,Wednesday,False,Weak,98.0
ORD10979,Birnin Kebbi Hub,Argungu,69.0,Keke (Tricycle),Paved,Clear,High,Food,1,3.5,3.7,Morning,Saturday,True,Strong,235.9
ORD10980,Birnin Kebbi Hub,Birnin Kebbi,4.4,Van,Paved,Rain,Medium,Parcel,0,1.2,3.2,Afternoon,Saturday,True,Weak,24.9
ORD10981,Birnin Kebbi Hub,Kamba,118.4,Motorcycle,Paved,Harmattan Dust,Low,Bulk Goods,0,19.3,1.0,Midday,Thursday,False,Weak,178.8
ORD10982,Birnin Kebbi Hub,Kamba,112.5,Van,Paved,Clear,Low,Parcel,1,0.2,2.9,Morning,Thursday,False,Strong,123.2
ORD10983,Birnin Kebbi Hub,Aliero,36.8,Motorcycle,Paved,Rain,Medium,Parcel,0,4.5,1.8,Midday,Friday,False,Strong,90.4
ORD10984,Birnin Kebbi Hub,Birnin Kebbi,2.9,Motorcycle,Paved,Clear,Medium,Food,3,2.0,2.5,Morning,Friday,False,Weak,36.7
ORD10985,Birnin Kebbi Hub,Argungu,59.0,Truck,Unpaved,Harmattan Dust,High,Bulk Goods,0,26.6,1.2,Evening,Monday,False,Strong,332.8
ORD10986,Birnin Kebbi Hub,Jega,66.8,Motorcycle,Unpaved,Clear,Medium,Parcel,0,2.1,2.4,Midday,Sunday,True,No Signal,188.7
ORD10987,Birnin Kebbi Hub,Kamba,132.0,Van,Unpaved,Rain,Low,Bulk Goods,1,28.4,3.5,Evening,Sunday,True,Weak,401.3
ORD10988,Birnin Kebbi Hub,Bunza,61.7,Van,Paved,Clear,High,Food,1,2.6,0.6,Morning,Wednesday,False,Weak,141.2
ORD10989,Birnin Kebbi Hub,Birnin Kebbi,5.1,Motorcycle,Paved,Harmattan Dust,High,Food,1,3.2,5.1,Midday,Monday,False,No Signal,32.6
ORD10990,Birnin Kebbi Hub,Aliero,40.8,Motorcycle,Paved,Clear,Medium,Documents,1,9.4,0.9,Morning,Tuesday,False,Strong,88.9
ORD10991,Birnin Kebbi Hub,Bunza,38.9,Keke (Tricycle),Unpaved,Clear,Low,Food,1,4.6,1.0,Midday,Monday,False,Weak,140.4
ORD10992,Birnin Kebbi Hub,Bunza,50.6,Motorcycle,Unpaved,Clear,Medium,Food,0,2.4,2.1,Morning,Thursday,False,Strong,127.0
ORD10993,Birnin Kebbi Hub,Yauri,192.2,Motorcycle,Paved,Rain,Low,Parcel,0,0.4,1.9,Morning,Tuesday,False,Weak,338.8
ORD10994,Birnin Kebbi Hub,Argungu,80.1,Motorcycle,Paved,Clear,Medium,Parcel,0,1.3,4.5,Evening,Thursday,False,Strong,115.9
ORD10995,Birnin Kebbi Hub,Bunza,44.2,Keke (Tricycle),Paved,Rain,Low,Food,0,0.6,0.8,Afternoon,Friday,False,Weak,134.8
ORD10996,Birnin Kebbi Hub,Birnin Kebbi,5.1,Motorcycle,Unpaved,Clear,High,Parcel,0,3.5,3.0,Morning,Thursday,False,Strong,29.5
ORD10997,Birnin Kebbi Hub,Birnin Kebbi,7.0,Van,Paved,Clear,Medium,Parcel,0,3.8,4.3,Morning,Thursday,False,Weak,30.0
ORD10998,Birnin Kebbi Hub,Argungu,64.2,Motorcycle,Unpaved,Harmattan Dust,Low,Documents,0,0.2,0.9,Morning,Friday,False,No Signal,175.7
ORD10999,Birnin Kebbi Hub,Zuru,216.7,Truck,Unpaved,Rain,High,Parcel,1,7.6,1.2,Afternoon,Wednesday,False,Weak,1495.4
ORD11000,Birnin Kebbi Hub,Kamba,153.5,Motorcycle,Paved,Clear,Medium,Food,0,1.4,2.8,Midday,Sunday,True,Strong,212.9
ORD11001,Birnin Kebbi Hub,Zuru,185.1,Keke (Tricycle),Paved,Clear,Medium,Parcel,0,0.8,2.0,Afternoon,Tuesday,False,Strong,406.0
ORD11002,Birnin Kebbi Hub,Bunza,54.7,Motorcycle,Unpaved,Clear,Low,Parcel,0,1.1,4.8,Morning,Sunday,True,Weak,123.7
ORD11003,Birnin Kebbi Hub,Kamba,95.2,Motorcycle,Paved,Clear,Medium,Documents,0,0.4,4.0,Evening,Thursday,False,No Signal,142.5
ORD11004,Birnin Kebbi Hub,Bunza,41.2,Van,Paved,Clear,Low,Bulk Goods,3,58.5,1.6,Morning,Sunday,True,Strong,89.4
ORD11005,Birnin Kebbi Hub,Kamba,138.8,Motorcycle,Paved,Clear,Medium,Food,0,20.5,3.9,Afternoon,Monday,False,No Signal,217.7
ORD11006,Birnin Kebbi Hub,Jega,52.3,Motorcycle,Paved,Rain,Low,Food,0,5.7,3.4,Afternoon,Tuesday,False,Weak,107.4
ORD11007,Birnin Kebbi Hub,Kamba,156.2,Keke (Tricycle),Unpaved,Clear,Low,Parcel,1,1.1,3.1,Afternoon,Thursday,False,Weak,516.6
ORD11008,Birnin Kebbi Hub,Argungu,59.4,Keke (Tricycle),Unpaved,Clear,Low,Bulk Goods,3,45.1,6.4,Morning,Friday,False,No Signal,231.5
ORD11009,Birnin Kebbi Hub,Zuru,191.1,Keke (Tricycle),Unpaved,Clear,High,Parcel,1,2.0,4.0,Evening,Thursday,False,Strong,1104.6
ORD11010,Birnin Kebbi Hub,Birnin Kebbi,3.6,Keke (Tricycle),Unpaved,Harmattan Dust,Low,Bulk Goods,1,11.1,2.8,Morning,Saturday,True,Weak,44.3
ORD11011,Birnin Kebbi Hub,Kamba,151.8,Motorcycle,Paved,Harmattan Dust,Medium,Food,0,15.0,3.8,Morning,Monday,False,No Signal,296.2
ORD11012,Birnin Kebbi Hub,Bunza,48.9,Van,Paved,Clear,Medium,Parcel,1,2.0,3.8,Midday,Tuesday,False,Strong,79.0
ORD11013,Birnin Kebbi Hub,Kamba,139.9,Keke (Tricycle),Paved,Harmattan Dust,Medium,Food,3,2.0,1.7,Afternoon,Sunday,True,Strong,411.0
ORD11014,Birnin Kebbi Hub,Birnin Kebbi,8.2,Motorcycle,Paved,Clear,Medium,Food,0,4.3,3.1,Morning,Wednesday,False,No Signal,37.6
ORD11015,Birnin Kebbi Hub,Argungu,66.3,Motorcycle,Paved,Clear,High,Parcel,2,1.4,3.1,Evening,Thursday,False,Strong,153.7
ORD11016,Birnin Kebbi Hub,Bunza,42.2,Keke (Tricycle),Paved,Rain,High,Parcel,3,1.2,1.0,Afternoon,Saturday,True,Weak,248.8
ORD11017,Birnin Kebbi Hub,Bunza,43.1,Keke (Tricycle),Paved,Rain,Low,Food,0,1.6,3.6,Morning,Saturday,True,Weak,133.9
ORD11018,Birnin Kebbi Hub,Kamba,151.9,Motorcycle,Paved,Harmattan Dust,Medium,Bulk Goods,1,28.6,2.3,Evening,Sunday,True,Strong,284.0
ORD11019,Birnin Kebbi Hub,Bunza,41.8,Motorcycle,Paved,Clear,High,Food,0,2.6,0.3,Midday,Sunday,True,Weak,93.6
ORD11020,Birnin Kebbi Hub,Jega,56.2,Motorcycle,Unpaved,Clear,Medium,Bulk Goods,1,40.5,1.2,Morning,Wednesday,False,Weak,186.2
ORD11021,Birnin Kebbi Hub,Bunza,37.9,Keke (Tricycle),Unpaved,Rain,High,Bulk Goods,0,32.3,3.1,Midday,Sunday,True,Weak,306.7
ORD11022,Birnin Kebbi Hub,Jega,45.5,Motorcycle,Paved,Clear,High,Bulk Goods,1,40.0,4.2,Morning,Sunday,True,Weak,138.9
ORD11023,Birnin Kebbi Hub,Birnin Kebbi,7.9,Van,Paved,Rain,Low,Parcel,0,2.5,1.2,Midday,Monday,False,No Signal,34.1
ORD11024,Birnin Kebbi Hub,Bunza,42.9,Motorcycle,Unpaved,Rain,Medium,Food,0,4.3,3.0,Evening,Sunday,True,Weak,178.0
ORD11025,Birnin Kebbi Hub,Kamba,111.7,Motorcycle,Unpaved,Rain,Medium,Food,0,0.2,1.2,Midday,Sunday,True,Strong,445.4
ORD11026,Birnin Kebbi Hub,Yauri,149.4,Van,Unpaved,Harmattan Dust,Medium,Parcel,2,1.0,1.0,Midday,Sunday,True,Strong,450.7
ORD11027,Birnin Kebbi Hub,Bunza,46.0,Van,Paved,Clear,Medium,Food,1,6.3,4.4,Afternoon,Monday,False,Strong,79.6
ORD11028,Birnin Kebbi Hub,Birnin Kebbi,3.2,Motorcycle,Paved,Clear,Low,Parcel,1,3.8,4.3,Evening,Wednesday,False,Strong,22.2
ORD11029,Birnin Kebbi Hub,Jega,49.9,Motorcycle,Unpaved,Harmattan Dust,High,Parcel,0,6.1,3.4,Midday,Wednesday,False,Weak,247.3
ORD11030,Birnin Kebbi Hub,Birnin Kebbi,6.9,Motorcycle,Paved,Harmattan Dust,Medium,Documents,4,2.3,4.8,Morning,Wednesday,False,Weak,40.9
ORD11031,Birnin Kebbi Hub,Argungu,72.4,Van,Paved,Clear,Medium,Bulk Goods,1,12.9,2.7,Midday,Wednesday,False,Weak,109.7
ORD11032,Birnin Kebbi Hub,Argungu,77.6,Van,Paved,Clear,High,Documents,2,0.9,3.7,Morning,Saturday,True,Strong,170.4
ORD11033,Birnin Kebbi Hub,Argungu,53.5,Motorcycle,Paved,Clear,Medium,Documents,0,0.2,1.0,Afternoon,Tuesday,False,Weak,84.9
ORD11034,Birnin Kebbi Hub,Jega,59.0,Van,Paved,Harmattan Dust,Medium,Bulk Goods,0,17.2,3.7,Midday,Monday,False,Weak,107.3
ORD11035,Birnin Kebbi Hub,Bunza,41.2,Keke (Tricycle),Unpaved,Clear,Medium,Parcel,0,0.2,4.0,Morning,Tuesday,False,Strong,171.4
ORD11036,Birnin Kebbi Hub,Yauri,173.6,Motorcycle,Paved,Harmattan Dust,Medium,Bulk Goods,0,34.0,2.8,Morning,Tuesday,False,Strong,344.2
ORD11037,Birnin Kebbi Hub,Yauri,181.9,Motorcycle,Paved,Harmattan Dust,High,Parcel,1,3.4,4.4,Morning,Tuesday,False,Strong,460.1
ORD11038,Birnin Kebbi Hub,Bunza,36.7,Keke (Tricycle),Paved,Clear,Medium,Bulk Goods,0,27.0,4.4,Afternoon,Friday,False,Weak,115.6
ORD11039,Birnin Kebbi Hub,Argungu,64.4,Motorcycle,Unpaved,Rain,High,Parcel,4,4.3,2.1,Evening,Sunday,True,Strong,390.0
ORD11040,Birnin Kebbi Hub,Birnin Kebbi,2.4,Motorcycle,Paved,Clear,Medium,Food,0,1.9,1.9,Midday,Sunday,True,Weak,17.5
ORD11041,Birnin Kebbi Hub,Yauri,154.3,Truck,Unpaved,Clear,Low,Parcel,1,2.3,2.3,Midday,Tuesday,False,Strong,396.4
ORD11042,Birnin Kebbi Hub,Birnin Kebbi,8.1,Truck,Paved,Rain,Medium,Bulk Goods,1,30.6,4.7,Afternoon,Tuesday,False,Strong,52.3
ORD11043,Birnin Kebbi Hub,Zuru,196.4,Keke (Tricycle),Unpaved,Clear,High,Documents,1,1.9,0.4,Afternoon,Wednesday,False,Strong,1144.1
ORD11044,Birnin Kebbi Hub,Jega,46.6,Motorcycle,Unpaved,Harmattan Dust,Medium,Documents,0,0.7,2.2,Midday,Friday,False,No Signal,166.0
ORD11045,Birnin Kebbi Hub,Kamba,136.0,Van,Paved,Clear,Medium,Food,0,1.4,0.2,Afternoon,Tuesday,False,Strong,201.1
ORD11046,Birnin Kebbi Hub,Bunza,52.4,Motorcycle,Paved,Clear,Low,Parcel,0,21.5,3.0,Afternoon,Saturday,True,Weak,88.4
ORD11047,Birnin Kebbi Hub,Birnin Kebbi,4.8,Motorcycle,Unpaved,Harmattan Dust,Medium,Parcel,2,1.6,2.2,Morning,Tuesday,False,Strong,42.4
ORD11048,Birnin Kebbi Hub,Jega,56.9,Motorcycle,Paved,Clear,Low,Food,0,0.6,1.5,Midday,Saturday,True,Weak,71.7
ORD11049,Birnin Kebbi Hub,Zuru,169.4,Motorcycle,Paved,Clear,Low,Bulk Goods,0,28.6,6.1,Evening,Monday,False,Weak,202.7
ORD11050,Birnin Kebbi Hub,Aliero,31.6,Keke (Tricycle),Paved,Clear,Medium,Parcel,0,2.4,2.6,Morning,Friday,False,Strong,77.0
ORD11051,Birnin Kebbi Hub,Argungu,50.9,Motorcycle,Paved,Harmattan Dust,High,Parcel,0,2.7,3.0,Morning,Monday,False,Strong,139.8
ORD11052,Birnin Kebbi Hub,Bunza,46.6,Keke (Tricycle),Unpaved,Rain,Low,Parcel,0,0.9,1.5,Morning,Tuesday,False,Strong,234.0
ORD11053,Birnin Kebbi Hub,Birnin Kebbi,6.4,Motorcycle,Paved,Clear,Low,Documents,0,1.5,3.0,Midday,Tuesday,False,Weak,14.9
ORD11054,Birnin Kebbi Hub,Argungu,64.2,Van,Paved,Clear,Low,Food,2,1.7,3.0,Midday,Saturday,True,Weak,105.4
ORD11055,Birnin Kebbi Hub,Bunza,40.7,Keke (Tricycle),Unpaved,Harmattan Dust,Low,Food,1,8.8,2.2,Morning,Monday,False,No Signal,194.7
ORD11056,Birnin Kebbi Hub,Bunza,40.1,Motorcycle,Paved,Clear,Medium,Parcel,2,3.7,0.7,Morning,Monday,False,No Signal,93.1
ORD11057,Birnin Kebbi Hub,Jega,67.7,Motorcycle,Unpaved,Clear,Medium,Documents,1,1.2,2.0,Midday,Tuesday,False,Strong,178.8
ORD11058,Birnin Kebbi Hub,Zuru,202.7,Keke (Tricycle),Unpaved,Clear,Medium,Parcel,0,9.0,5.3,Afternoon,Wednesday,False,Weak,799.6
ORD11059,Birnin Kebbi Hub,Jega,56.1,Keke (Tricycle),Unpaved,Rain,Medium,Parcel,4,2.3,6.2,Morning,Monday,False,Weak,372.8
ORD11060,Birnin Kebbi Hub,Bunza,47.7,Keke (Tricycle),Paved,Harmattan Dust,Medium,Parcel,0,0.4,4.0,Evening,Wednesday,False,Weak,137.9
ORD11061,Birnin Kebbi Hub,Argungu,63.0,Motorcycle,Unpaved,Clear,High,Parcel,0,2.6,3.7,Morning,Thursday,False,Strong,250.2
ORD11062,Birnin Kebbi Hub,Argungu,71.5,Van,Paved,Harmattan Dust,Low,Food,2,4.1,2.3,Evening,Friday,False,Strong,111.7
ORD11063,Birnin Kebbi Hub,Bunza,43.2,Motorcycle,Unpaved,Clear,High,Bulk Goods,3,20.6,0.8,Afternoon,Monday,False,Weak,194.5
ORD11064,Birnin Kebbi Hub,Bunza,37.8,Keke (Tricycle),Paved,Harmattan Dust,High,Food,1,10.7,2.0,Midday,Tuesday,False,No Signal,165.6
ORD11065,Birnin Kebbi Hub,Birnin Kebbi,3.3,Van,Paved,Harmattan Dust,Low,Documents,1,1.8,1.8,Midday,Tuesday,False,Weak,13.7
ORD11066,Birnin Kebbi Hub,Kamba,149.6,Motorcycle,Paved,Clear,Low,Parcel,0,3.7,0.5,Midday,Wednesday,False,Weak,186.8
ORD11067,Birnin Kebbi Hub,Aliero,43.3,Motorcycle,Unpaved,Rain,High,Bulk Goods,0,26.9,1.1,Midday,Thursday,False,No Signal,271.4
ORD11068,Birnin Kebbi Hub,Birnin Kebbi,7.7,Motorcycle,Paved,Rain,High,Food,1,3.3,6.9,Morning,Saturday,True,Weak,46.1
ORD11069,Birnin Kebbi Hub,Jega,50.2,Truck,Paved,Harmattan Dust,High,Parcel,1,1.7,3.6,Midday,Saturday,True,Weak,168.1
ORD11070,Birnin Kebbi Hub,Kamba,127.3,Motorcycle,Unpaved,Rain,High,Bulk Goods,0,27.1,0.9,Morning,Thursday,False,Strong,743.3
ORD11071,Birnin Kebbi Hub,Yauri,192.3,Keke (Tricycle),Paved,Rain,Low,Food,0,2.0,1.6,Evening,Friday,False,Strong,510.7
ORD11072,Birnin Kebbi Hub,Birnin Kebbi,2.5,Motorcycle,Unpaved,Clear,Medium,Parcel,0,5.1,5.6,Morning,Sunday,True,Strong,20.7
ORD11073,Birnin Kebbi Hub,Argungu,59.5,Van,Paved,Harmattan Dust,Medium,Bulk Goods,0,17.9,2.3,Afternoon,Saturday,True,Weak,121.5
ORD11074,Birnin Kebbi Hub,Jega,50.6,Keke (Tricycle),Unpaved,Clear,High,Food,0,0.2,0.9,Afternoon,Thursday,False,Strong,298.2
ORD11075,Birnin Kebbi Hub,Argungu,67.2,Keke (Tricycle),Paved,Rain,Medium,Parcel,0,4.0,1.9,Midday,Tuesday,False,Strong,224.6
ORD11076,Birnin Kebbi Hub,Kamba,109.6,Van,Paved,Clear,Low,Food,0,5.2,3.2,Morning,Wednesday,False,No Signal,120.8
ORD11077,Birnin Kebbi Hub,Jega,53.7,Motorcycle,Unpaved,Clear,High,Parcel,1,5.5,2.7,Midday,Sunday,True,No Signal,211.1
ORD11078,Birnin Kebbi Hub,Bunza,37.9,Motorcycle,Unpaved,Clear,Medium,Documents,0,3.0,0.9,Midday,Friday,False,No Signal,112.7
ORD11079,Birnin Kebbi Hub,Argungu,69.3,Motorcycle,Paved,Clear,Medium,Documents,0,1.8,1.8,Afternoon,Tuesday,False,Strong,107.8
ORD11080,Birnin Kebbi Hub,Birnin Kebbi,7.9,Motorcycle,Paved,Clear,High,Parcel,0,0.2,2.6,Evening,Tuesday,False,Strong,23.5
ORD11081,Birnin Kebbi Hub,Bunza,45.4,Keke (Tricycle),Paved,Clear,Low,Food,1,0.6,0.8,Midday,Monday,False,Strong,96.1
ORD11082,Birnin Kebbi Hub,Argungu,63.0,Motorcycle,Paved,Rain,Low,Parcel,2,3.0,0.6,Midday,Sunday,True,Weak,127.1
ORD11083,Birnin Kebbi Hub,Zuru,187.2,Motorcycle,Unpaved,Harmattan Dust,Medium,Parcel,1,1.2,5.6,Morning,Saturday,True,Weak,594.3
ORD11084,Birnin Kebbi Hub,Kamba,155.2,Motorcycle,Paved,Clear,Medium,Documents,0,1.4,5.1,Midday,Sunday,True,Strong,226.6
ORD11085,Birnin Kebbi Hub,Argungu,59.8,Keke (Tricycle),Unpaved,Clear,High,Bulk Goods,3,37.5,1.5,Evening,Thursday,False,Weak,382.6
ORD11086,Birnin Kebbi Hub,Birnin Kebbi,7.7,Motorcycle,Paved,Rain,Low,Parcel,2,8.3,3.7,Evening,Thursday,False,Strong,46.8
ORD11087,Birnin Kebbi Hub,Birnin Kebbi,4.8,Motorcycle,Paved,Harmattan Dust,High,Food,3,1.7,3.1,Morning,Friday,False,Strong,45.7
ORD11088,Birnin Kebbi Hub,Birnin Kebbi,4.6,Keke (Tricycle),Paved,Clear,Medium,Bulk Goods,0,42.1,5.3,Afternoon,Sunday,True,Strong,55.7
ORD11089,Birnin Kebbi Hub,Bunza,44.0,Motorcycle,Paved,Harmattan Dust,High,Food,0,3.2,5.5,Morning,Tuesday,False,Weak,136.7
ORD11090,Birnin Kebbi Hub,Birnin Kebbi,4.5,Keke (Tricycle),Paved,Clear,Low,Parcel,0,1.3,3.1,Evening,Saturday,True,No Signal,25.2
ORD11091,Birnin Kebbi Hub,Yauri,182.2,Van,Paved,Clear,High,Food,0,2.0,3.1,Afternoon,Monday,False,Strong,351.0
ORD11092,Birnin Kebbi Hub,Bunza,45.5,Motorcycle,Paved,Clear,Low,Food,3,5.2,1.9,Afternoon,Saturday,True,Strong,78.2
ORD11093,Birnin Kebbi Hub,Jega,47.1,Keke (Tricycle),Paved,Harmattan Dust,Low,Bulk Goods,1,27.1,1.9,Midday,Tuesday,False,Strong,126.3
ORD11094,Birnin Kebbi Hub,Bunza,47.8,Motorcycle,Paved,Harmattan Dust,Low,Food,0,2.5,4.7,Morning,Wednesday,False,No Signal,82.8
ORD11095,Birnin Kebbi Hub,Aliero,36.3,Keke (Tricycle),Unpaved,Clear,Medium,Parcel,0,0.2,8.1,Midday,Wednesday,False,Strong,145.4
ORD11096,Birnin Kebbi Hub,Birnin Kebbi,3.5,Motorcycle,Unpaved,Clear,Medium,Food,1,1.2,0.7,Evening,Tuesday,False,Weak,21.9
ORD11097,Birnin Kebbi Hub,Birnin Kebbi,4.6,Motorcycle,Paved,Clear,Low,Food,2,1.4,3.9,Morning,Monday,False,Strong,33.4
ORD11098,Birnin Kebbi Hub,Birnin Kebbi,5.2,Van,Paved,Harmattan Dust,High,Parcel,0,3.9,4.4,Evening,Friday,False,Strong,18.8
ORD11099,Birnin Kebbi Hub,Yauri,162.0,Keke (Tricycle),Unpaved,Rain,Low,Food,0,2.9,3.5,Morning,Tuesday,False,Weak,801.7
ORD11100,Birnin Kebbi Hub,Bunza,48.6,Keke (Tricycle),Unpaved,Clear,Medium,Food,1,4.8,2.3,Midday,Saturday,True,No Signal,225.4
ORD11101,Birnin Kebbi Hub,Zuru,188.2,Keke (Tricycle),Unpaved,Harmattan Dust,Low,Parcel,0,7.3,1.6,Evening,Monday,False,Weak,755.0
ORD11102,Birnin Kebbi Hub,Birnin Kebbi,4.6,Van,Paved,Rain,Medium,Food,0,7.6,6.0,Midday,Saturday,True,No Signal,26.8
ORD11103,Birnin Kebbi Hub,Kamba,168.5,Motorcycle,Unpaved,Clear,High,Bulk Goods,0,20.0,2.0,Midday,Thursday,False,Strong,635.3
ORD11104,Birnin Kebbi Hub,Zuru,193.4,Van,Paved,Clear,Medium,Food,1,0.2,3.7,Morning,Thursday,False,Weak,257.4
ORD11105,Birnin Kebbi Hub,Bunza,45.8,Keke (Tricycle),Unpaved,Harmattan Dust,High,Parcel,0,7.4,5.0,Midday,Wednesday,False,Strong,335.5
ORD11106,Birnin Kebbi Hub,Birnin Kebbi,8.4,Keke (Tricycle),Paved,Rain,Low,Bulk Goods,0,14.7,5.5,Afternoon,Friday,False,Strong,41.2
ORD11107,Birnin Kebbi Hub,Zuru,204.2,Van,Unpaved,Rain,Medium,Parcel,1,9.6,2.5,Morning,Monday,False,Strong,732.9
ORD11108,Birnin Kebbi Hub,Bunza,44.4,Keke (Tricycle),Paved,Clear,Medium,Bulk Goods,3,14.8,1.0,Midday,Sunday,True,Strong,132.3
ORD11109,Birnin Kebbi Hub,Yauri,195.6,Van,Unpaved,Rain,High,Food,3,5.1,2.9,Afternoon,Thursday,False,Weak,1036.6
ORD11110,Birnin Kebbi Hub,Kamba,152.9,Motorcycle,Paved,Clear,Medium,Documents,0,3.0,1.7,Morning,Thursday,False,Strong,222.8
ORD11111,Birnin Kebbi Hub,Birnin Kebbi,10.4,Motorcycle,Paved,Clear,Medium,Parcel,1,4.5,4.9,Morning,Wednesday,False,No Signal,39.7
ORD11112,Birnin Kebbi Hub,Zuru,186.8,Keke (Tricycle),Unpaved,Rain,Medium,Parcel,0,9.1,2.2,Midday,Wednesday,False,Strong,1132.9
ORD11113,Birnin Kebbi Hub,Jega,52.1,Motorcycle,Paved,Clear,Low,Food,2,1.4,0.4,Morning,Sunday,True,Weak,88.6
ORD11114,Birnin Kebbi Hub,Kamba,159.7,Motorcycle,Paved,Clear,Low,Food,2,5.4,4.3,Morning,Sunday,True,Weak,217.3
ORD11115,Birnin Kebbi Hub,Birnin Kebbi,7.1,Keke (Tricycle),Paved,Clear,Medium,Food,0,1.8,0.6,Afternoon,Friday,False,Strong,30.5
ORD11116,Birnin Kebbi Hub,Argungu,55.7,Keke (Tricycle),Paved,Harmattan Dust,Low,Bulk Goods,0,42.1,2.1,Midday,Friday,False,No Signal,155.6
ORD11117,Birnin Kebbi Hub,Jega,48.6,Keke (Tricycle),Paved,Rain,High,Parcel,0,0.3,3.0,Morning,Wednesday,False,Strong,244.6
ORD11118,Birnin Kebbi Hub,Birnin Kebbi,3.5,Motorcycle,Paved,Harmattan Dust,Medium,Parcel,0,2.6,1.9,Evening,Saturday,True,Strong,18.3
ORD11119,Birnin Kebbi Hub,Argungu,66.7,Truck,Paved,Clear,Low,Bulk Goods,3,36.7,2.3,Evening,Tuesday,False,Weak,148.8
ORD11120,Birnin Kebbi Hub,Birnin Kebbi,9.9,Keke (Tricycle),Paved,Clear,High,Food,3,0.7,0.7,Morning,Wednesday,False,Weak,71.8
ORD11121,Birnin Kebbi Hub,Jega,57.7,Van,Paved,Clear,Low,Parcel,2,13.7,2.0,Morning,Thursday,False,Weak,93.0
ORD11122,Birnin Kebbi Hub,Argungu,59.0,Keke (Tricycle),Unpaved,Rain,Low,Documents,1,8.8,4.2,Evening,Tuesday,False,Strong,298.4
ORD11123,Birnin Kebbi Hub,Yauri,167.1,Van,Paved,Rain,Low,Bulk Goods,0,31.6,2.5,Midday,Saturday,True,Strong,270.3
ORD11124,Birnin Kebbi Hub,Jega,54.8,Motorcycle,Unpaved,Harmattan Dust,Medium,Parcel,0,2.4,4.1,Midday,Saturday,True,Strong,177.8
ORD11125,Birnin Kebbi Hub,Birnin Kebbi,6.1,Keke (Tricycle),Paved,Clear,Medium,Parcel,1,3.4,2.8,Midday,Thursday,False,Weak,27.8
ORD11126,Birnin Kebbi Hub,Argungu,87.9,Keke (Tricycle),Unpaved,Clear,Medium,Parcel,1,2.3,2.2,Evening,Saturday,True,Strong,360.1
ORD11127,Birnin Kebbi Hub,Birnin Kebbi,6.8,Keke (Tricycle),Paved,Clear,Medium,Parcel,0,0.3,2.8,Afternoon,Friday,False,Weak,37.4
ORD11128,Birnin Kebbi Hub,Birnin Kebbi,8.5,Keke (Tricycle),Paved,Harmattan Dust,High,Food,0,3.0,2.0,Morning,Tuesday,False,Weak,60.0
ORD11129,Birnin Kebbi Hub,Birnin Kebbi,4.0,Keke (Tricycle),Paved,Clear,Low,Parcel,0,0.2,1.0,Morning,Wednesday,False,Weak,20.2
ORD11130,Birnin Kebbi Hub,Birnin Kebbi,5.6,Keke (Tricycle),Paved,Clear,Medium,Parcel,2,2.6,0.8,Morning,Thursday,False,Weak,45.0
ORD11131,Birnin Kebbi Hub,Jega,58.6,Motorcycle,Unpaved,Harmattan Dust,Medium,Food,2,5.1,0.6,Morning,Saturday,True,Weak,220.9
ORD11132,Birnin Kebbi Hub,Kamba,146.6,Keke (Tricycle),Paved,Clear,Low,Food,0,23.5,5.2,Midday,Wednesday,False,Weak,275.2
ORD11133,Birnin Kebbi Hub,Zuru,189.2,Keke (Tricycle),Unpaved,Clear,High,Bulk Goods,1,49.3,0.3,Afternoon,Tuesday,False,Strong,1112.8
ORD11134,Birnin Kebbi Hub,Jega,50.4,Van,Unpaved,Harmattan Dust,Medium,Parcel,0,1.0,3.3,Midday,Friday,False,Strong,144.2
ORD11135,Birnin Kebbi Hub,Argungu,65.6,Motorcycle,Unpaved,Rain,Medium,Food,0,0.4,0.9,Evening,Friday,False,Weak,266.7
ORD11136,Birnin Kebbi Hub,Zuru,191.3,Motorcycle,Paved,Rain,Medium,Parcel,0,7.9,0.5,Morning,Saturday,True,No Signal,439.9
ORD11137,Birnin Kebbi Hub,Kamba,163.0,Keke (Tricycle),Unpaved,Clear,Medium,Documents,1,5.9,2.7,Midday,Saturday,True,Strong,655.8
ORD11138,Birnin Kebbi Hub,Argungu,58.6,Motorcycle,Unpaved,Clear,Low,Documents,2,13.5,2.8,Midday,Saturday,True,Weak,138.6
ORD11139,Birnin Kebbi Hub,Jega,59.0,Van,Unpaved,Clear,Low,Bulk Goods,0,27.9,3.7,Midday,Wednesday,False,Weak,109.2
ORD11140,Birnin Kebbi Hub,Birnin Kebbi,8.4,Motorcycle,Unpaved,Clear,Medium,Documents,0,0.5,1.0,Evening,Wednesday,False,Strong,24.6
ORD11141,Birnin Kebbi Hub,Bunza,37.6,Keke (Tricycle),Unpaved,Clear,Low,Parcel,2,0.5,3.4,Evening,Monday,False,Strong,139.4
ORD11142,Birnin Kebbi Hub,Birnin Kebbi,9.1,Motorcycle,Paved,Rain,High,Parcel,1,11.2,0.9,Midday,Monday,False,Weak,61.1
ORD11143,Birnin Kebbi Hub,Birnin Kebbi,4.4,Motorcycle,Paved,Rain,Medium,Bulk Goods,3,28.9,3.0,Midday,Tuesday,False,Strong,52.8
ORD11144,Birnin Kebbi Hub,Birnin Kebbi,4.2,Motorcycle,Paved,Rain,Low,Parcel,1,3.8,0.9,Morning,Saturday,True,Strong,36.4
ORD11145,Birnin Kebbi Hub,Argungu,62.8,Keke (Tricycle),Paved,Clear,Medium,Food,0,8.5,5.5,Afternoon,Friday,False,Weak,157.2
ORD11146,Birnin Kebbi Hub,Argungu,59.6,Van,Unpaved,Clear,Medium,Parcel,0,0.4,0.6,Afternoon,Thursday,False,Strong,151.5
ORD11147,Birnin Kebbi Hub,Birnin Kebbi,4.8,Van,Paved,Clear,Low,Documents,0,3.5,2.2,Evening,Saturday,True,Strong,13.3
ORD11148,Birnin Kebbi Hub,Argungu,63.1,Keke (Tricycle),Paved,Harmattan Dust,Medium,Food,0,0.3,1.7,Midday,Thursday,False,Strong,180.6
ORD11149,Birnin Kebbi Hub,Argungu,83.2,Motorcycle,Paved,Clear,Low,Food,4,1.7,1.0,Afternoon,Wednesday,False,Weak,127.8
ORD11150,Birnin Kebbi Hub,Argungu,56.2,Keke (Tricycle),Unpaved,Clear,Medium,Parcel,2,17.1,2.2,Midday,Wednesday,False,Weak,251.5
ORD11151,Birnin Kebbi Hub,Kamba,150.0,Van,Paved,Clear,Low,Documents,1,2.4,1.2,Morning,Monday,False,Strong,173.1
ORD11152,Birnin Kebbi Hub,Jega,59.7,Motorcycle,Paved,Harmattan Dust,Medium,Food,0,0.6,2.3,Afternoon,Sunday,True,Strong,126.9
ORD11153,Birnin Kebbi Hub,Argungu,60.3,Keke (Tricycle),Paved,Clear,Low,Parcel,2,4.7,2.7,Morning,Saturday,True,Strong,128.5
ORD11154,Birnin Kebbi Hub,Jega,52.2,Keke (Tricycle),Unpaved,Harmattan Dust,High,Parcel,3,0.2,0.3,Midday,Sunday,True,Weak,401.7
ORD11155,Birnin Kebbi Hub,Yauri,206.8,Motorcycle,Unpaved,Clear,Low,Food,1,2.8,1.0,Evening,Friday,False,Strong,427.9
ORD11156,Birnin Kebbi Hub,Bunza,47.4,Keke (Tricycle),Unpaved,Clear,Medium,Food,1,2.1,2.5,Evening,Thursday,False,Weak,204.9
ORD11157,Birnin Kebbi Hub,Yauri,165.3,Keke (Tricycle),Paved,Rain,Medium,Bulk Goods,3,23.2,2.7,Evening,Saturday,True,No Signal,581.2
ORD11158,Birnin Kebbi Hub,Bunza,49.9,Keke (Tricycle),Paved,Harmattan Dust,Low,Parcel,0,5.3,3.5,Morning,Wednesday,False,Strong,124.7
ORD11159,Birnin Kebbi Hub,Aliero,31.4,Keke (Tricycle),Unpaved,Rain,Low,Documents,1,4.3,2.5,Morning,Thursday,False,Strong,173.6
ORD11160,Birnin Kebbi Hub,Kamba,124.8,Keke (Tricycle),Unpaved,Harmattan Dust,Low,Documents,2,5.3,2.0,Midday,Thursday,False,Strong,506.8
ORD11161,Birnin Kebbi Hub,Jega,58.6,Keke (Tricycle),Unpaved,Clear,Low,Parcel,2,6.7,1.7,Evening,Tuesday,False,Weak,211.4
ORD11162,Birnin Kebbi Hub,Birnin Kebbi,5.4,Truck,Paved,Clear,Low,Documents,0,0.2,6.4,Evening,Saturday,True,Strong,16.7
ORD11163,Birnin Kebbi Hub,Jega,46.2,Motorcycle,Unpaved,Harmattan Dust,Low,Parcel,1,12.1,1.5,Evening,Saturday,True,Weak,151.6
ORD11164,Birnin Kebbi Hub,Argungu,56.4,Keke (Tricycle),Paved,Clear,High,Parcel,1,0.6,2.2,Morning,Tuesday,False,Strong,191.8
ORD11165,Birnin Kebbi Hub,Zuru,198.9,Motorcycle,Unpaved,Clear,High,Parcel,0,0.2,2.6,Morning,Monday,False,Strong,728.9
ORD11166,Birnin Kebbi Hub,Jega,58.0,Van,Unpaved,Rain,Low,Food,2,1.0,7.3,Morning,Tuesday,False,Weak,186.0
ORD11167,Birnin Kebbi Hub,Yauri,135.6,Truck,Unpaved,Harmattan Dust,Medium,Parcel,0,0.2,2.7,Midday,Wednesday,False,Weak,531.4
ORD11168,Birnin Kebbi Hub,Bunza,45.3,Motorcycle,Unpaved,Clear,Low,Parcel,1,3.7,0.7,Morning,Sunday,True,No Signal,126.1
ORD11169,Birnin Kebbi Hub,Bunza,42.4,Motorcycle,Unpaved,Clear,High,Parcel,0,0.6,1.7,Evening,Sunday,True,Weak,176.6
ORD11170,Birnin Kebbi Hub,Jega,47.9,Motorcycle,Paved,Clear,Medium,Food,0,2.8,3.1,Midday,Thursday,False,Weak,83.7
ORD11171,Birnin Kebbi Hub,Zuru,192.0,Motorcycle,Unpaved,Clear,High,Documents,1,1.3,2.6,Evening,Saturday,True,Strong,708.2
ORD11172,Birnin Kebbi Hub,Bunza,35.7,Keke (Tricycle),Unpaved,Clear,Medium,Documents,2,3.3,0.7,Midday,Saturday,True,No Signal,170.5
ORD11173,Birnin Kebbi Hub,Argungu,62.8,Keke (Tricycle),Unpaved,Clear,High,Parcel,1,1.7,7.7,Morning,Tuesday,False,Weak,374.9
ORD11174,Birnin Kebbi Hub,Jega,59.7,Motorcycle,Paved,Clear,High,Parcel,4,0.5,3.0,Morning,Thursday,False,Weak,149.0
ORD11175,Birnin Kebbi Hub,Bunza,46.7,Motorcycle,Paved,Rain,Medium,Food,1,0.6,3.1,Evening,Monday,False,Strong,103.0
ORD11176,Birnin Kebbi Hub,Birnin Kebbi,4.1,Keke (Tricycle),Paved,Rain,Low,Documents,0,4.5,2.7,Morning,Monday,False,Weak,25.7
ORD11177,Birnin Kebbi Hub,Argungu,61.0,Keke (Tricycle),Paved,Clear,Low,Food,0,1.1,2.0,Evening,Thursday,False,No Signal,116.1
ORD11178,Birnin Kebbi Hub,Birnin Kebbi,5.8,Truck,Paved,Clear,Low,Parcel,2,5.5,2.6,Midday,Sunday,True,Weak,61.4
ORD11179,Birnin Kebbi Hub,Argungu,68.6,Keke (Tricycle),Paved,Harmattan Dust,Low,Parcel,2,0.3,1.8,Morning,Thursday,False,Strong,170.1
ORD11180,Birnin Kebbi Hub,Aliero,37.3,Motorcycle,Paved,Clear,Low,Parcel,2,2.6,6.1,Afternoon,Tuesday,False,Weak,63.7
ORD11181,Birnin Kebbi Hub,Jega,41.9,Van,Unpaved,Clear,High,Food,0,4.6,0.1,Afternoon,Friday,False,No Signal,164.2
ORD11182,Birnin Kebbi Hub,Birnin Kebbi,7.5,Motorcycle,Paved,Clear,Medium,Parcel,0,3.8,2.1,Midday,Thursday,False,Strong,27.0
ORD11183,Birnin Kebbi Hub,Birnin Kebbi,5.0,Van,Unpaved,Clear,Medium,Food,0,6.1,4.5,Afternoon,Friday,False,Weak,24.0
ORD11184,Birnin Kebbi Hub,Birnin Kebbi,6.9,Keke (Tricycle),Unpaved,Clear,High,Food,0,3.8,3.2,Midday,Wednesday,False,Strong,56.5
ORD11185,Birnin Kebbi Hub,Argungu,50.4,Motorcycle,Paved,Rain,Low,Parcel,2,5.6,3.0,Midday,Tuesday,False,Strong,101.3
ORD11186,Birnin Kebbi Hub,Birnin Kebbi,2.1,Keke (Tricycle),Paved,Rain,Low,Food,0,0.2,1.0,Midday,Monday,False,Weak,9.1
ORD11187,Birnin Kebbi Hub,Bunza,46.0,Motorcycle,Unpaved,Clear,Medium,Parcel,1,0.8,1.9,Afternoon,Friday,False,Weak,145.5
ORD11188,Birnin Kebbi Hub,Birnin Kebbi,7.4,Motorcycle,Paved,Clear,Medium,Documents,1,4.7,1.6,Midday,Friday,False,Strong,29.4
ORD11189,Birnin Kebbi Hub,Argungu,65.7,Truck,Paved,Clear,Low,Food,1,2.8,1.5,Morning,Tuesday,False,No Signal,123.4
ORD11190,Birnin Kebbi Hub,Birnin Kebbi,5.4,Motorcycle,Paved,Clear,High,Food,3,7.2,3.4,Afternoon,Wednesday,False,Weak,34.7
ORD11191,Birnin Kebbi Hub,Argungu,71.7,Keke (Tricycle),Paved,Clear,High,Food,1,0.9,1.4,Morning,Saturday,True,No Signal,262.4
ORD11192,Birnin Kebbi Hub,Birnin Kebbi,6.8,Van,Paved,Harmattan Dust,Medium,Parcel,2,5.5,1.9,Morning,Friday,False,Weak,41.3
ORD11193,Birnin Kebbi Hub,Birnin Kebbi,6.8,Motorcycle,Unpaved,Clear,Medium,Documents,2,1.8,1.2,Midday,Wednesday,False,Strong,44.7
ORD11194,Birnin Kebbi Hub,Birnin Kebbi,1.5,Motorcycle,Unpaved,Clear,Low,Food,3,1.7,1.7,Morning,Friday,False,No Signal,30.8
ORD11195,Birnin Kebbi Hub,Argungu,66.6,Keke (Tricycle),Paved,Clear,High,Parcel,0,0.3,0.8,Afternoon,Tuesday,False,Weak,227.2
ORD11196,Birnin Kebbi Hub,Birnin Kebbi,4.5,Motorcycle,Paved,Clear,Low,Food,0,0.4,0.4,Midday,Wednesday,False,Weak,19.1
ORD11197,Birnin Kebbi Hub,Aliero,35.9,Van,Paved,Rain,Low,Food,4,2.5,2.1,Evening,Saturday,True,Weak,116.8
ORD11198,Birnin Kebbi Hub,Argungu,69.2,Van,Unpaved,Clear,Low,Parcel,1,1.5,2.8,Evening,Monday,False,Weak,151.3
ORD11199,Birnin Kebbi Hub,Kamba,115.4,Keke (Tricycle),Paved,Harmattan Dust,Low,Parcel,0,5.0,3.5,Evening,Sunday,True,Weak,269.7
ORD11200,Birnin Kebbi Hub,Zuru,186.9,Keke (Tricycle),Paved,Clear,Medium,Bulk Goods,0,36.7,2.1,Morning,Monday,False,Strong,428.4
ORD11201,Birnin Kebbi Hub,Jega,62.9,Motorcycle,Paved,Clear,Low,Parcel,0,5.6,5.6,Evening,Sunday,True,Weak,75.5
ORD11202,Birnin Kebbi Hub,Bunza,49.1,Keke (Tricycle),Unpaved,Clear,Medium,Bulk Goods,2,19.8,3.8,Afternoon,Wednesday,False,Weak,225.4
ORD11203,Birnin Kebbi Hub,Birnin Kebbi,7.8,Motorcycle,Paved,Clear,Low,Food,0,0.4,0.9,Midday,Thursday,False,No Signal,33.2
ORD11204,Birnin Kebbi Hub,Birnin Kebbi,9.5,Van,Paved,Rain,Low,Food,1,1.5,2.0,Evening,Friday,False,Strong,29.9
ORD11205,Birnin Kebbi Hub,Argungu,63.1,Keke (Tricycle),Paved,Clear,Low,Parcel,1,0.4,0.9,Midday,Thursday,False,Strong,124.3
ORD11206,Birnin Kebbi Hub,Kamba,161.3,Motorcycle,Paved,Clear,Medium,Parcel,0,1.4,1.9,Evening,Friday,False,Weak,235.3
ORD11207,Birnin Kebbi Hub,Bunza,51.1,Motorcycle,Paved,Rain,Low,Food,2,4.6,1.0,Evening,Tuesday,False,Weak,110.9
ORD11208,Birnin Kebbi Hub,Aliero,33.3,Keke (Tricycle),Unpaved,Harmattan Dust,Low,Bulk Goods,2,38.3,1.8,Evening,Sunday,True,Weak,184.6
ORD11209,Birnin Kebbi Hub,Jega,68.9,Keke (Tricycle),Paved,Clear,Low,Food,2,2.9,1.0,Afternoon,Friday,False,Strong,152.9
ORD11210,Birnin Kebbi Hub,Argungu,60.7,Keke (Tricycle),Paved,Rain,Medium,Parcel,0,1.0,5.5,Midday,Wednesday,False,No Signal,210.1
ORD11211,Birnin Kebbi Hub,Argungu,64.1,Keke (Tricycle),Paved,Clear,Medium,Food,4,1.4,2.7,Evening,Sunday,True,Strong,170.2
ORD11212,Birnin Kebbi Hub,Yauri,178.4,Keke (Tricycle),Paved,Clear,Low,Parcel,0,4.6,1.3,Evening,Sunday,True,Strong,319.6
ORD11213,Birnin Kebbi Hub,Kamba,104.8,Keke (Tricycle),Unpaved,Harmattan Dust,Low,Parcel,1,5.0,7.0,Afternoon,Monday,False,Strong,431.4
ORD11214,Birnin Kebbi Hub,Yauri,173.8,Keke (Tricycle),Paved,Clear,Low,Food,1,0.2,1.0,Morning,Friday,False,Strong,307.0
ORD11215,Birnin Kebbi Hub,Yauri,159.9,Keke (Tricycle),Paved,Rain,Low,Parcel,0,4.7,0.3,Evening,Monday,False,Weak,443.7
ORD11216,Birnin Kebbi Hub,Birnin Kebbi,5.1,Keke (Tricycle),Unpaved,Clear,High,Bulk Goods,2,26.1,4.3,Midday,Saturday,True,Weak,73.5
ORD11217,Birnin Kebbi Hub,Yauri,188.9,Motorcycle,Unpaved,Harmattan Dust,Low,Parcel,1,1.6,1.4,Morning,Tuesday,False,Strong,490.3
ORD11218,Birnin Kebbi Hub,Argungu,64.4,Van,Unpaved,Clear,Low,Food,3,1.6,1.0,Midday,Friday,False,Strong,153.6
ORD11219,Birnin Kebbi Hub,Jega,52.6,Van,Unpaved,Clear,Medium,Bulk Goods,0,40.5,2.9,Evening,Wednesday,False,No Signal,138.5
ORD11220,Birnin Kebbi Hub,Aliero,32.0,Van,Unpaved,Harmattan Dust,Medium,Documents,0,14.5,1.5,Afternoon,Saturday,True,Weak,125.5
ORD11221,Birnin Kebbi Hub,Aliero,33.8,Keke (Tricycle),Paved,Rain,High,Parcel,0,0.5,0.7,Afternoon,Sunday,True,Strong,186.6
ORD11222,Birnin Kebbi Hub,Argungu,66.3,Motorcycle,Unpaved,Clear,Medium,Bulk Goods,0,41.5,2.3,Midday,Friday,False,Strong,205.1
ORD11223,Birnin Kebbi Hub,Bunza,45.0,Van,Unpaved,Clear,Low,Parcel,0,5.4,1.9,Morning,Monday,False,Weak,106.5
ORD11224,Birnin Kebbi Hub,Kamba,145.2,Motorcycle,Unpaved,Clear,Low,Food,3,0.9,5.1,Morning,Wednesday,False,Strong,315.7
ORD11225,Birnin Kebbi Hub,Aliero,38.0,Keke (Tricycle),Paved,Rain,Medium,Food,0,7.7,2.2,Morning,Monday,False,No Signal,157.4
ORD11226,Birnin Kebbi Hub,Birnin Kebbi,9.4,Truck,Paved,Rain,Low,Parcel,0,8.5,3.9,Evening,Friday,False,Weak,21.7
ORD11227,Birnin Kebbi Hub,Argungu,65.2,Motorcycle,Paved,Rain,Medium,Food,0,0.6,0.8,Midday,Thursday,False,Weak,142.2
ORD11228,Birnin Kebbi Hub,Jega,58.9,Keke (Tricycle),Paved,Rain,Low,Parcel,0,6.3,1.0,Afternoon,Monday,False,Strong,169.6
ORD11229,Birnin Kebbi Hub,Birnin Kebbi,7.8,Motorcycle,Paved,Clear,Low,Food,0,0.2,5.7,Afternoon,Tuesday,False,Weak,10.3
ORD11230,Birnin Kebbi Hub,Birnin Kebbi,5.5,Keke (Tricycle),Unpaved,Clear,Medium,Parcel,1,0.2,0.4,Midday,Monday,False,Strong,39.7
ORD11231,Birnin Kebbi Hub,Birnin Kebbi,7.0,Motorcycle,Paved,Clear,Low,Food,0,1.5,3.9,Evening,Saturday,True,Weak,25.9
ORD11232,Birnin Kebbi Hub,Birnin Kebbi,5.7,Keke (Tricycle),Paved,Harmattan Dust,Low,Parcel,2,7.5,1.3,Evening,Friday,False,Weak,38.6
ORD11233,Birnin Kebbi Hub,Kamba,118.8,Motorcycle,Paved,Clear,Medium,Documents,0,0.2,2.3,Afternoon,Monday,False,Strong,173.1
ORD11234,Birnin Kebbi Hub,Jega,61.9,Motorcycle,Paved,Rain,Medium,Food,2,5.4,0.7,Morning,Wednesday,False,Strong,161.9
ORD11235,Birnin Kebbi Hub,Yauri,143.1,Motorcycle,Paved,Clear,High,Documents,0,0.2,0.5,Afternoon,Saturday,True,Weak,308.3
ORD11236,Birnin Kebbi Hub,Jega,41.5,Van,Unpaved,Clear,Low,Documents,0,0.2,3.0,Morning,Monday,False,Weak,88.8
ORD11237,Birnin Kebbi Hub,Birnin Kebbi,6.1,Van,Paved,Harmattan Dust,High,Documents,0,1.4,2.2,Morning,Wednesday,False,Weak,21.3
ORD11238,Birnin Kebbi Hub,Yauri,179.2,Keke (Tricycle),Unpaved,Clear,Low,Food,0,4.3,2.2,Morning,Monday,False,No Signal,584.6
ORD11239,Birnin Kebbi Hub,Birnin Kebbi,4.7,Keke (Tricycle),Paved,Clear,Medium,Parcel,0,1.3,6.7,Evening,Friday,False,Strong,18.6
ORD11240,Birnin Kebbi Hub,Argungu,66.9,Keke (Tricycle),Unpaved,Clear,High,Food,2,5.5,2.8,Evening,Friday,False,Weak,407.9
ORD11241,Birnin Kebbi Hub,Jega,50.6,Van,Paved,Clear,Low,Documents,2,4.2,2.1,Afternoon,Monday,False,Weak,87.1
ORD11242,Birnin Kebbi Hub,Birnin Kebbi,3.9,Motorcycle,Paved,Clear,Low,Food,0,0.3,2.0,Midday,Tuesday,False,Weak,10.3
ORD11243,Birnin Kebbi Hub,Birnin Kebbi,8.8,Motorcycle,Paved,Clear,High,Bulk Goods,0,17.0,2.6,Morning,Monday,False,Strong,39.7
ORD11244,Birnin Kebbi Hub,Yauri,179.7,Keke (Tricycle),Unpaved,Harmattan Dust,Medium,Bulk Goods,0,37.7,5.9,Morning,Monday,False,Weak,914.4
ORD11245,Birnin Kebbi Hub,Birnin Kebbi,4.5,Motorcycle,Paved,Clear,Medium,Food,3,0.2,4.1,Afternoon,Sunday,True,Weak,30.8
ORD11246,Birnin Kebbi Hub,Jega,51.6,Motorcycle,Unpaved,Harmattan Dust,Low,Food,1,0.2,2.2,Midday,Saturday,True,Strong,146.9
ORD11247,Birnin Kebbi Hub,Bunza,41.5,Motorcycle,Unpaved,Clear,Medium,Food,0,3.6,1.8,Midday,Saturday,True,Strong,121.2
ORD11248,Birnin Kebbi Hub,Zuru,172.3,Keke (Tricycle),Paved,Clear,Medium,Food,1,0.5,0.3,Afternoon,Wednesday,False,Weak,393.9
ORD11249,Birnin Kebbi Hub,Birnin Kebbi,7.6,Motorcycle,Paved,Harmattan Dust,Medium,Parcel,0,3.3,2.0,Evening,Sunday,True,Weak,41.2
ORD11250,Birnin Kebbi Hub,Aliero,31.9,Keke (Tricycle),Paved,Clear,Low,Documents,0,0.2,2.0,Morning,Sunday,True,No Signal,90.6
ORD11251,Birnin Kebbi Hub,Birnin Kebbi,6.0,Van,Unpaved,Rain,Low,Food,1,0.4,3.4,Morning,Monday,False,Strong,37.0
ORD11252,Birnin Kebbi Hub,Zuru,180.4,Truck,Unpaved,Clear,Medium,Parcel,3,2.2,10.6,Morning,Tuesday,False,No Signal,596.6
ORD11253,Birnin Kebbi Hub,Kamba,146.1,Motorcycle,Paved,Clear,Low,Parcel,0,2.6,0.4,Afternoon,Wednesday,False,Strong,176.5
ORD11254,Birnin Kebbi Hub,Yauri,185.9,Motorcycle,Unpaved,Clear,High,Parcel,0,4.3,4.1,Evening,Sunday,True,Strong,676.8
ORD11255,Birnin Kebbi Hub,Argungu,63.8,Motorcycle,Paved,Harmattan Dust,High,Parcel,0,1.2,5.0,Afternoon,Tuesday,False,Strong,166.1
ORD11256,Birnin Kebbi Hub,Birnin Kebbi,5.3,Keke (Tricycle),Paved,Rain,Low,Documents,1,1.9,6.0,Morning,Tuesday,False,Strong,24.0
ORD11257,Birnin Kebbi Hub,Birnin Kebbi,5.6,Van,Unpaved,Clear,Low,Food,0,3.9,2.3,Midday,Sunday,True,Strong,26.4
ORD11258,Birnin Kebbi Hub,Argungu,69.3,Van,Unpaved,Clear,Low,Parcel,0,2.8,6.6,Evening,Thursday,False,Strong,118.3
ORD11259,Birnin Kebbi Hub,Birnin Kebbi,4.3,Motorcycle,Unpaved,Harmattan Dust,Medium,Bulk Goods,1,13.8,2.6,Midday,Friday,False,Strong,36.7
ORD11260,Birnin Kebbi Hub,Birnin Kebbi,5.3,Motorcycle,Paved,Clear,Low,Food,0,4.1,0.7,Afternoon,Monday,False,Strong,23.5
ORD11261,Birnin Kebbi Hub,Jega,62.8,Motorcycle,Unpaved,Harmattan Dust,Medium,Parcel,2,6.3,1.6,Morning,Friday,False,Strong,222.4
ORD11262,Birnin Kebbi Hub,Kamba,125.3,Keke (Tricycle),Paved,Harmattan Dust,Medium,Parcel,0,1.4,2.6,Evening,Saturday,True,No Signal,354.4
ORD11263,Birnin Kebbi Hub,Argungu,83.4,Keke (Tricycle),Paved,Clear,Medium,Parcel,0,3.3,1.8,Morning,Friday,False,No Signal,202.9
ORD11264,Birnin Kebbi Hub,Jega,59.6,Motorcycle,Paved,Harmattan Dust,Low,Food,0,3.9,2.4,Morning,Thursday,False,Strong,102.6
ORD11265,Birnin Kebbi Hub,Bunza,51.2,Motorcycle,Paved,Clear,High,Parcel,3,3.0,1.3,Afternoon,Tuesday,False,Strong,131.8
ORD11266,Birnin Kebbi Hub,Birnin Kebbi,5.4,Motorcycle,Paved,Rain,Medium,Parcel,2,6.1,1.8,Morning,Monday,False,No Signal,37.5
ORD11267,Birnin Kebbi Hub,Zuru,199.0,Keke (Tricycle),Unpaved,Clear,Low,Parcel,0,9.0,0.6,Midday,Saturday,True,Weak,631.8
ORD11268,Birnin Kebbi Hub,Birnin Kebbi,5.0,Keke (Tricycle),Paved,Clear,High,Food,1,1.9,7.1,Evening,Saturday,True,Weak,40.6
ORD11269,Birnin Kebbi Hub,Birnin Kebbi,6.8,Van,Paved,Rain,Low,Food,0,3.2,1.3,Evening,Saturday,True,Weak,28.6
ORD11270,Birnin Kebbi Hub,Bunza,38.3,Van,Paved,Clear,Low,Parcel,2,5.7,0.7,Morning,Wednesday,False,Strong,73.0
ORD11271,Birnin Kebbi Hub,Zuru,191.4,Keke (Tricycle),Unpaved,Harmattan Dust,Low,Bulk Goods,2,37.0,3.9,Midday,Tuesday,False,Strong,789.2
ORD11272,Birnin Kebbi Hub,Jega,55.9,Keke (Tricycle),Paved,Rain,Medium,Documents,0,0.6,2.9,Afternoon,Sunday,True,No Signal,207.0
ORD11273,Birnin Kebbi Hub,Kamba,138.7,Keke (Tricycle),Unpaved,Clear,Medium,Food,0,1.8,1.9,Morning,Wednesday,False,No Signal,561.4
ORD11274,Birnin Kebbi Hub,Birnin Kebbi,7.2,Motorcycle,Paved,Clear,Low,Parcel,0,8.5,1.4,Morning,Thursday,False,Strong,35.1
ORD11275,Birnin Kebbi Hub,Yauri,153.6,Van,Unpaved,Clear,Low,Parcel,0,5.2,2.6,Midday,Monday,False,Weak,285.8
ORD11276,Birnin Kebbi Hub,Argungu,52.4,Keke (Tricycle),Unpaved,Clear,High,Bulk Goods,0,23.4,1.3,Midday,Wednesday,False,Weak,320.1
ORD11277,Birnin Kebbi Hub,Jega,55.4,Motorcycle,Unpaved,Clear,Medium,Parcel,0,0.4,0.6,Midday,Friday,False,Weak,155.1
ORD11278,Birnin Kebbi Hub,Birnin Kebbi,7.9,Keke (Tricycle),Paved,Clear,High,Parcel,0,2.3,0.7,Morning,Friday,False,Strong,44.3
ORD11279,Birnin Kebbi Hub,Argungu,66.0,Motorcycle,Paved,Clear,Low,Food,3,7.2,3.2,Evening,Saturday,True,No Signal,101.5
ORD11280,Birnin Kebbi Hub,Yauri,172.7,Van,Paved,Clear,Low,Parcel,2,6.7,0.4,Morning,Thursday,False,Strong,197.5
ORD11281,Birnin Kebbi Hub,Bunza,43.8,Motorcycle,Unpaved,Clear,Low,Documents,1,7.1,0.8,Morning,Sunday,True,Weak,124.2
ORD11282,Birnin Kebbi Hub,Birnin Kebbi,8.7,Van,Paved,Clear,Medium,Food,1,5.0,3.0,Evening,Sunday,True,Strong,31.4
ORD11283,Birnin Kebbi Hub,Argungu,50.4,Keke (Tricycle),Paved,Clear,Low,Food,0,1.3,3.2,Morning,Thursday,False,Strong,100.7
ORD11284,Birnin Kebbi Hub,Bunza,43.8,Motorcycle,Unpaved,Clear,High,Parcel,0,2.3,2.1,Afternoon,Monday,False,Strong,173.0
ORD11285,Birnin Kebbi Hub,Kamba,157.2,Motorcycle,Paved,Clear,Low,Bulk Goods,0,18.9,5.8,Evening,Tuesday,False,Weak,180.3
ORD11286,Birnin Kebbi Hub,Birnin Kebbi,5.3,Motorcycle,Paved,Rain,Medium,Bulk Goods,0,30.7,1.8,Midday,Friday,False,Strong,29.7
ORD11287,Birnin Kebbi Hub,Birnin Kebbi,3.7,Motorcycle,Paved,Clear,High,Parcel,0,4.2,2.2,Evening,Tuesday,False,No Signal,16.2
ORD11288,Birnin Kebbi Hub,Jega,49.3,Motorcycle,Unpaved,Harmattan Dust,Low,Food,0,2.3,0.4,Evening,Saturday,True,Strong,139.5
ORD11289,Birnin Kebbi Hub,Birnin Kebbi,9.5,Truck,Paved,Clear,Medium,Documents,0,1.0,3.6,Morning,Wednesday,False,Strong,29.5
ORD11290,Birnin Kebbi Hub,Zuru,194.0,Motorcycle,Unpaved,Harmattan Dust,Medium,Parcel,0,8.3,5.7,Morning,Saturday,True,Weak,617.4
ORD11291,Birnin Kebbi Hub,Birnin Kebbi,7.9,Van,Paved,Clear,Low,Bulk Goods,0,26.4,2.7,Evening,Sunday,True,No Signal,32.4
ORD11292,Birnin Kebbi Hub,Bunza,45.0,Keke (Tricycle),Unpaved,Clear,Low,Parcel,0,0.6,3.7,Midday,Wednesday,False,No Signal,161.5
ORD11293,Birnin Kebbi Hub,Birnin Kebbi,4.4,Keke (Tricycle),Unpaved,Clear,High,Food,2,0.9,1.1,Afternoon,Tuesday,False,Weak,55.8
ORD11294,Birnin Kebbi Hub,Bunza,45.5,Motorcycle,Unpaved,Rain,High,Food,1,5.6,6.3,Evening,Friday,False,Strong,260.5
ORD11295,Birnin Kebbi Hub,Aliero,26.6,Motorcycle,Unpaved,Rain,Low,Parcel,0,4.8,1.8,Afternoon,Wednesday,False,Strong,102.9
ORD11296,Birnin Kebbi Hub,Birnin Kebbi,5.9,Keke (Tricycle),Paved,Clear,Low,Documents,2,6.0,1.9,Midday,Saturday,True,Weak,36.9
ORD11297,Birnin Kebbi Hub,Birnin Kebbi,4.2,Keke (Tricycle),Paved,Rain,Low,Parcel,3,2.8,6.1,Evening,Tuesday,False,Strong,23.3
ORD11298,Birnin Kebbi Hub,Birnin Kebbi,6.9,Keke (Tricycle),Paved,Clear,High,Parcel,2,3.5,1.7,Evening,Sunday,True,Strong,39.5
ORD11299,Birnin Kebbi Hub,Birnin Kebbi,4.5,Keke (Tricycle),Paved,Clear,Low,Parcel,2,2.7,2.6,Evening,Saturday,True,Strong,37.9
ORD11300,Birnin Kebbi Hub,Argungu,69.7,Motorcycle,Paved,Clear,Low,Parcel,0,1.0,0.8,Evening,Monday,False,Weak,87.6
ORD11301,Birnin Kebbi Hub,Yauri,198.2,Motorcycle,Unpaved,Clear,Medium,Bulk Goods,3,39.9,1.9,Afternoon,Friday,False,Weak,547.3
ORD11302,Birnin Kebbi Hub,Birnin Kebbi,6.4,Motorcycle,Paved,Rain,Low,Parcel,1,7.1,0.9,Morning,Saturday,True,Weak,35.8
ORD11303,Birnin Kebbi Hub,Aliero,25.6,Keke (Tricycle),Paved,Clear,Medium,Food,0,4.6,1.0,Morning,Thursday,False,No Signal,69.0
ORD11304,Birnin Kebbi Hub,Birnin Kebbi,5.6,Van,Paved,Rain,Low,Food,0,2.2,0.4,Morning,Friday,False,Strong,22.4
ORD11305,Birnin Kebbi Hub,Birnin Kebbi,3.7,Keke (Tricycle),Paved,Harmattan Dust,Low,Parcel,2,0.3,1.3,Midday,Saturday,True,Weak,33.9
ORD11306,Birnin Kebbi Hub,Argungu,53.7,Motorcycle,Unpaved,Clear,Low,Parcel,0,0.2,0.8,Afternoon,Friday,False,Strong,120.1
ORD11307,Birnin Kebbi Hub,Argungu,69.8,Van,Unpaved,Clear,Low,Food,1,9.4,0.9,Evening,Saturday,True,Weak,166.5
ORD11308,Birnin Kebbi Hub,Birnin Kebbi,10.0,Van,Paved,Clear,Low,Parcel,0,3.6,3.7,Evening,Wednesday,False,Strong,9.0
ORD11309,Birnin Kebbi Hub,Birnin Kebbi,6.9,Motorcycle,Paved,Rain,Low,Food,0,7.3,1.4,Midday,Friday,False,No Signal,31.5
ORD11310,Birnin Kebbi Hub,Birnin Kebbi,2.1,Van,Paved,Harmattan Dust,High,Food,0,11.1,3.0,Afternoon,Saturday,True,Weak,20.7
ORD11311,Birnin Kebbi Hub,Yauri,137.6,Keke (Tricycle),Paved,Harmattan Dust,Medium,Bulk Goods,0,26.0,0.8,Morning,Wednesday,False,Weak,400.0
ORD11312,Birnin Kebbi Hub,Jega,57.8,Motorcycle,Paved,Clear,Low,Parcel,0,1.1,3.7,Midday,Wednesday,False,Strong,75.2
ORD11313,Birnin Kebbi Hub,Yauri,177.5,Motorcycle,Unpaved,Harmattan Dust,Medium,Parcel,0,4.2,5.7,Midday,Saturday,True,Strong,565.0
ORD11314,Birnin Kebbi Hub,Birnin Kebbi,7.3,Keke (Tricycle),Paved,Clear,Medium,Bulk Goods,0,26.4,2.1,Morning,Sunday,True,Strong,46.9
ORD11315,Birnin Kebbi Hub,Jega,55.8,Van,Paved,Harmattan Dust,Low,Food,0,3.7,0.7,Morning,Sunday,True,No Signal,96.7
ORD11316,Birnin Kebbi Hub,Argungu,56.7,Motorcycle,Unpaved,Clear,Low,Parcel,0,1.3,1.4,Morning,Friday,False,Strong,125.1
ORD11317,Birnin Kebbi Hub,Kamba,133.2,Motorcycle,Unpaved,Clear,Low,Food,2,2.1,1.6,Afternoon,Saturday,True,Weak,290.9
ORD11318,Birnin Kebbi Hub,Birnin Kebbi,11.2,Motorcycle,Paved,Harmattan Dust,Low,Parcel,0,4.7,3.9,Morning,Thursday,False,Strong,40.1
ORD11319,Birnin Kebbi Hub,Birnin Kebbi,5.0,Keke (Tricycle),Paved,Rain,Medium,Documents,4,0.8,1.4,Morning,Friday,False,No Signal,63.7
ORD11320,Birnin Kebbi Hub,Bunza,41.6,Van,Paved,Clear,High,Food,0,2.2,1.6,Afternoon,Friday,False,Strong,85.8
ORD11321,Birnin Kebbi Hub,Bunza,42.4,Keke (Tricycle),Unpaved,Clear,Medium,Documents,3,2.2,5.1,Morning,Wednesday,False,Weak,190.7
ORD11322,Birnin Kebbi Hub,Birnin Kebbi,6.0,Motorcycle,Paved,Harmattan Dust,High,Parcel,0,2.9,2.9,Midday,Wednesday,False,Weak,21.5
ORD11323,Birnin Kebbi Hub,Kamba,152.4,Motorcycle,Paved,Clear,Medium,Bulk Goods,0,11.6,2.4,Morning,Tuesday,False,Strong,229.9
ORD11324,Birnin Kebbi Hub,Birnin Kebbi,5.1,Motorcycle,Paved,Clear,Medium,Parcel,1,0.5,2.2,Afternoon,Saturday,True,Strong,32.5
ORD11325,Birnin Kebbi Hub,Zuru,163.6,Motorcycle,Unpaved,Clear,Low,Parcel,0,9.6,0.3,Evening,Tuesday,False,Strong,350.4
ORD11326,Birnin Kebbi Hub,Birnin Kebbi,6.5,Motorcycle,Paved,Clear,Medium,Bulk Goods,0,30.6,3.4,Evening,Wednesday,False,Strong,32.5
ORD11327,Birnin Kebbi Hub,Zuru,154.1,Van,Paved,Clear,Low,Documents,0,4.8,0.4,Evening,Sunday,True,Weak,171.6
ORD11328,Birnin Kebbi Hub,Birnin Kebbi,6.0,Keke (Tricycle),Paved,Rain,Medium,Food,1,3.4,1.1,Morning,Wednesday,False,No Signal,48.7
ORD11329,Birnin Kebbi Hub,Birnin Kebbi,5.4,Keke (Tricycle),Unpaved,Clear,High,Food,0,10.8,2.2,Evening,Thursday,False,Weak,55.2
ORD11330,Birnin Kebbi Hub,Argungu,58.7,Motorcycle,Unpaved,Rain,High,Food,1,0.8,2.0,Afternoon,Monday,False,Strong,336.4
ORD11331,Birnin Kebbi Hub,Birnin Kebbi,8.2,Van,Paved,Clear,Low,Parcel,0,6.0,4.4,Midday,Tuesday,False,Weak,13.2
ORD11332,Birnin Kebbi Hub,Kamba,152.0,Motorcycle,Unpaved,Clear,Low,Parcel,0,4.0,2.5,Afternoon,Thursday,False,Weak,311.5
ORD11333,Birnin Kebbi Hub,Argungu,70.0,Keke (Tricycle),Unpaved,Harmattan Dust,Medium,Parcel,0,2.4,1.9,Midday,Saturday,True,Strong,362.3
ORD11334,Birnin Kebbi Hub,Birnin Kebbi,5.3,Motorcycle,Paved,Harmattan Dust,Low,Parcel,3,4.4,0.8,Afternoon,Friday,False,Weak,35.8
ORD11335,Birnin Kebbi Hub,Birnin Kebbi,4.8,Keke (Tricycle),Paved,Clear,Medium,Food,1,1.9,2.4,Morning,Wednesday,False,No Signal,45.9
ORD11336,Birnin Kebbi Hub,Birnin Kebbi,5.4,Motorcycle,Paved,Harmattan Dust,Medium,Food,1,0.9,0.1,Morning,Tuesday,False,Strong,35.7
ORD11337,Birnin Kebbi Hub,Argungu,61.4,Van,Unpaved,Clear,High,Parcel,2,3.9,3.1,Afternoon,Monday,False,Strong,240.3
ORD11338,Birnin Kebbi Hub,Bunza,50.2,Van,Paved,Clear,Low,Bulk Goods,2,20.0,1.4,Midday,Sunday,True,Weak,78.0
ORD11339,Birnin Kebbi Hub,Bunza,48.1,Motorcycle,Paved,Harmattan Dust,High,Parcel,2,1.6,7.8,Morning,Thursday,False,Weak,131.4
ORD11340,Birnin Kebbi Hub,Bunza,45.4,Keke (Tricycle),Paved,Harmattan Dust,Low,Food,0,2.5,2.3,Morning,Sunday,True,Weak,114.9
ORD11341,Birnin Kebbi Hub,Birnin Kebbi,7.8,Motorcycle,Paved,Harmattan Dust,Low,Bulk Goods,1,17.6,1.4,Afternoon,Friday,False,Weak,33.2
ORD11342,Birnin Kebbi Hub,Bunza,43.6,Motorcycle,Paved,Rain,High,Parcel,2,1.4,3.4,Midday,Thursday,False,Weak,145.7
ORD11343,Birnin Kebbi Hub,Birnin Kebbi,8.8,Keke (Tricycle),Paved,Harmattan Dust,Low,Parcel,3,1.8,1.2,Midday,Monday,False,Weak,51.8
ORD11344,Birnin Kebbi Hub,Argungu,63.0,Motorcycle,Unpaved,Clear,Medium,Food,0,4.2,2.9,Evening,Wednesday,False,Strong,171.6
ORD11345,Birnin Kebbi Hub,Argungu,60.8,Keke (Tricycle),Unpaved,Clear,High,Parcel,1,0.3,0.7,Morning,Wednesday,False,No Signal,375.1
ORD11346,Birnin Kebbi Hub,Jega,56.1,Motorcycle,Unpaved,Clear,Low,Food,0,0.8,1.2,Morning,Tuesday,False,Weak,128.6
ORD11347,Birnin Kebbi Hub,Argungu,66.9,Motorcycle,Unpaved,Clear,Low,Parcel,0,2.4,6.9,Morning,Sunday,True,Strong,149.8
ORD11348,Birnin Kebbi Hub,Aliero,31.8,Motorcycle,Paved,Clear,Medium,Documents,0,3.4,1.7,Morning,Saturday,True,No Signal,69.9
ORD11349,Birnin Kebbi Hub,Birnin Kebbi,5.0,Motorcycle,Paved,Harmattan Dust,Medium,Parcel,3,4.9,0.4,Evening,Monday,False,Weak,25.1
ORD11350,Birnin Kebbi Hub,Argungu,70.7,Keke (Tricycle),Unpaved,Clear,Low,Documents,3,8.9,1.0,Afternoon,Saturday,True,Weak,272.2
ORD11351,Birnin Kebbi Hub,Yauri,202.6,Keke (Tricycle),Paved,Clear,Low,Parcel,3,2.1,4.9,Afternoon,Thursday,False,Strong,376.0
ORD11352,Birnin Kebbi Hub,Jega,51.0,Motorcycle,Paved,Rain,Medium,Parcel,0,2.8,1.1,Midday,Tuesday,False,No Signal,132.4
ORD11353,Birnin Kebbi Hub,Kamba,159.2,Keke (Tricycle),Paved,Clear,Low,Food,0,0.5,1.4,Midday,Wednesday,False,Strong,280.5
ORD11354,Birnin Kebbi Hub,Yauri,138.5,Motorcycle,Paved,Clear,Low,Food,2,3.5,2.1,Afternoon,Wednesday,False,Strong,174.4
ORD11355,Birnin Kebbi Hub,Jega,62.6,Motorcycle,Unpaved,Clear,Medium,Parcel,4,0.4,2.4,Midday,Sunday,True,Strong,178.5
ORD11356,Birnin Kebbi Hub,Birnin Kebbi,2.9,Motorcycle,Paved,Clear,Medium,Food,1,4.2,3.7,Midday,Thursday,False,Strong,19.1
ORD11357,Birnin Kebbi Hub,Aliero,30.6,Keke (Tricycle),Paved,Rain,Low,Bulk Goods,3,21.4,1.4,Evening,Saturday,True,Strong,126.0
ORD11358,Birnin Kebbi Hub,Aliero,28.1,Keke (Tricycle),Paved,Clear,Low,Food,0,1.6,2.1,Evening,Friday,False,Weak,60.0
ORD11359,Birnin Kebbi Hub,Jega,52.8,Van,Unpaved,Clear,High,Food,0,0.2,0.2,Afternoon,Thursday,False,Weak,201.7
ORD11360,Birnin Kebbi Hub,Birnin Kebbi,6.1,Van,Paved,Rain,Medium,Parcel,0,1.5,1.3,Morning,Friday,False,Strong,30.1
ORD11361,Birnin Kebbi Hub,Kamba,142.3,Van,Paved,Rain,Medium,Documents,0,1.6,1.8,Afternoon,Monday,False,Strong,278.7
ORD11362,Birnin Kebbi Hub,Jega,74.4,Van,Unpaved,Clear,Low,Parcel,0,2.7,5.1,Morning,Saturday,True,No Signal,157.0
ORD11363,Birnin Kebbi Hub,Zuru,179.4,Motorcycle,Paved,Rain,Low,Documents,1,1.8,4.1,Morning,Thursday,False,Strong,317.3
ORD11364,Birnin Kebbi Hub,Birnin Kebbi,5.9,Keke (Tricycle),Unpaved,Clear,Medium,Food,0,0.2,2.9,Midday,Wednesday,False,No Signal,41.9
ORD11365,Birnin Kebbi Hub,Kamba,147.9,Motorcycle,Unpaved,Clear,Low,Bulk Goods,0,22.1,3.0,Evening,Sunday,True,Strong,314.6
ORD11366,Birnin Kebbi Hub,Zuru,212.8,Motorcycle,Unpaved,Clear,High,Parcel,0,1.1,5.0,Midday,Monday,False,Weak,771.0
ORD11367,Birnin Kebbi Hub,Aliero,30.7,Van,Paved,Harmattan Dust,Medium,Parcel,0,2.1,0.4,Morning,Monday,False,Strong,68.0
ORD11368,Birnin Kebbi Hub,Birnin Kebbi,5.0,Motorcycle,Paved,Clear,Medium,Parcel,0,2.8,2.0,Morning,Tuesday,False,Weak,27.5
ORD11369,Birnin Kebbi Hub,Jega,54.0,Truck,Paved,Rain,Low,Food,4,3.9,1.6,Midday,Saturday,True,Weak,187.1
ORD11370,Birnin Kebbi Hub,Aliero,33.8,Keke (Tricycle),Unpaved,Harmattan Dust,Low,Food,0,0.4,5.8,Midday,Wednesday,False,Strong,134.1
ORD11371,Birnin Kebbi Hub,Jega,64.2,Motorcycle,Paved,Harmattan Dust,Low,Bulk Goods,1,40.6,3.4,Morning,Wednesday,False,Strong,127.8
ORD11372,Birnin Kebbi Hub,Argungu,46.3,Motorcycle,Paved,Clear,High,Food,1,12.6,6.5,Midday,Monday,False,Strong,103.3
ORD11373,Birnin Kebbi Hub,Bunza,38.3,Van,Paved,Clear,Medium,Food,0,3.4,0.3,Morning,Tuesday,False,Weak,74.6
ORD11374,Birnin Kebbi Hub,Argungu,68.7,Motorcycle,Paved,Clear,Medium,Parcel,2,19.8,4.6,Midday,Sunday,True,Weak,129.9
ORD11375,Birnin Kebbi Hub,Birnin Kebbi,8.2,Keke (Tricycle),Paved,Rain,High,Parcel,2,3.8,4.7,Morning,Wednesday,False,Strong,58.2
ORD11376,Birnin Kebbi Hub,Zuru,192.8,Van,Paved,Clear,Medium,Parcel,3,4.2,9.3,Midday,Wednesday,False,Weak,266.3
ORD11377,Birnin Kebbi Hub,Zuru,172.3,Keke (Tricycle),Paved,Clear,Low,Bulk Goods,0,33.3,4.1,Midday,Wednesday,False,Strong,321.0
ORD11378,Birnin Kebbi Hub,Argungu,61.7,Motorcycle,Unpaved,Rain,Low,Parcel,0,4.2,4.9,Evening,Thursday,False,Strong,203.9
ORD11379,Birnin Kebbi Hub,Birnin Kebbi,4.1,Keke (Tricycle),Unpaved,Clear,Low,Bulk Goods,0,30.6,6.6,Afternoon,Thursday,False,Weak,38.1
ORD11380,Birnin Kebbi Hub,Bunza,46.6,Van,Unpaved,Clear,Medium,Parcel,0,2.2,1.1,Evening,Thursday,False,Strong,123.0
ORD11381,Birnin Kebbi Hub,Kamba,140.1,Van,Unpaved,Clear,Low,Bulk Goods,0,37.3,6.1,Morning,Sunday,True,Strong,277.3
ORD11382,Birnin Kebbi Hub,Birnin Kebbi,4.8,Motorcycle,Paved,Clear,Low,Food,1,7.9,1.0,Evening,Wednesday,False,No Signal,41.3
ORD11383,Birnin Kebbi Hub,Zuru,179.9,Keke (Tricycle),Unpaved,Rain,Medium,Parcel,3,4.8,1.6,Morning,Sunday,True,No Signal,1122.9
ORD11384,Birnin Kebbi Hub,Birnin Kebbi,7.8,Motorcycle,Paved,Clear,Medium,Food,1,0.2,1.7,Midday,Sunday,True,Weak,25.0
ORD11385,Birnin Kebbi Hub,Jega,59.7,Keke (Tricycle),Paved,Rain,High,Parcel,0,1.4,3.3,Midday,Thursday,False,Weak,298.3
ORD11386,Birnin Kebbi Hub,Aliero,44.6,Keke (Tricycle),Paved,Harmattan Dust,Low,Bulk Goods,0,36.9,1.8,Midday,Sunday,True,Strong,132.9
ORD11387,Birnin Kebbi Hub,Birnin Kebbi,3.8,Keke (Tricycle),Paved,Clear,Low,Parcel,0,1.5,1.8,Evening,Saturday,True,Strong,23.9
ORD11388,Birnin Kebbi Hub,Birnin Kebbi,8.8,Keke (Tricycle),Paved,Rain,Medium,Parcel,0,1.9,4.4,Midday,Saturday,True,Weak,31.4
ORD11389,Birnin Kebbi Hub,Jega,56.1,Motorcycle,Paved,Harmattan Dust,Low,Food,3,1.2,2.0,Evening,Saturday,True,Strong,87.2
ORD11390,Birnin Kebbi Hub,Argungu,45.3,Van,Unpaved,Harmattan Dust,High,Parcel,0,9.0,4.4,Morning,Sunday,True,Weak,203.6
ORD11391,Birnin Kebbi Hub,Aliero,37.6,Motorcycle,Paved,Rain,High,Food,1,8.4,3.5,Evening,Wednesday,False,No Signal,133.0
ORD11392,Birnin Kebbi Hub,Zuru,209.8,Truck,Paved,Clear,Low,Food,0,3.4,3.2,Afternoon,Friday,False,Strong,292.8
ORD11393,Birnin Kebbi Hub,Argungu,51.1,Motorcycle,Unpaved,Clear,Medium,Parcel,0,3.8,1.8,Evening,Friday,False,Strong,141.3
ORD11394,Birnin Kebbi Hub,Birnin Kebbi,3.5,Motorcycle,Paved,Harmattan Dust,Low,Bulk Goods,0,40.1,2.0,Evening,Tuesday,False,Strong,42.9
ORD11395,Birnin Kebbi Hub,Birnin Kebbi,7.7,Motorcycle,Paved,Rain,Medium,Food,1,0.2,2.1,Afternoon,Wednesday,False,Strong,36.1
ORD11396,Birnin Kebbi Hub,Bunza,40.3,Motorcycle,Unpaved,Clear,Low,Food,0,0.2,1.8,Afternoon,Saturday,True,Weak,94.1
ORD11397,Birnin Kebbi Hub,Argungu,65.7,Van,Unpaved,Harmattan Dust,Low,Documents,0,5.4,0.4,Midday,Wednesday,False,Strong,167.7
ORD11398,Birnin Kebbi Hub,Birnin Kebbi,8.0,Truck,Paved,Rain,Low,Documents,0,0.6,7.2,Midday,Thursday,False,Strong,26.1
ORD11399,Birnin Kebbi Hub,Bunza,51.1,Motorcycle,Paved,Clear,High,Food,0,0.8,0.5,Morning,Tuesday,False,Weak,117.0
ORD11400,Birnin Kebbi Hub,Kamba,118.3,Motorcycle,Paved,Clear,Low,Bulk Goods,2,15.4,0.9,Evening,Thursday,False,No Signal,151.6
ORD11401,Birnin Kebbi Hub,Bunza,46.9,Keke (Tricycle),Unpaved,Clear,Low,Bulk Goods,1,41.8,3.5,Midday,Sunday,True,Strong,191.4
ORD11402,Birnin Kebbi Hub,Birnin Kebbi,6.4,Motorcycle,Paved,Clear,Medium,Parcel,0,2.1,0.7,Morning,Sunday,True,Weak,31.4
ORD11403,Birnin Kebbi Hub,Jega,55.4,Motorcycle,Unpaved,Clear,Low,Parcel,0,12.9,1.0,Morning,Saturday,True,Weak,143.9
ORD11404,Birnin Kebbi Hub,Birnin Kebbi,4.8,Keke (Tricycle),Paved,Clear,Low,Food,0,1.2,2.3,Evening,Wednesday,False,Strong,16.7
ORD11405,Birnin Kebbi Hub,Birnin Kebbi,7.0,Van,Unpaved,Clear,High,Parcel,0,2.5,3.2,Morning,Saturday,True,Strong,50.8
ORD11406,Birnin Kebbi Hub,Bunza,53.0,Motorcycle,Paved,Harmattan Dust,Medium,Documents,0,10.8,8.8,Midday,Sunday,True,Strong,99.9
ORD11407,Birnin Kebbi Hub,Zuru,158.9,Keke (Tricycle),Paved,Rain,Low,Parcel,0,2.6,2.5,Afternoon,Wednesday,False,Strong,437.6
ORD11408,Birnin Kebbi Hub,Jega,59.5,Motorcycle,Paved,Harmattan Dust,Low,Parcel,0,1.6,3.3,Morning,Monday,False,Weak,112.5
ORD11409,Birnin Kebbi Hub,Birnin Kebbi,3.6,Motorcycle,Paved,Rain,Low,Parcel,2,0.2,0.9,Morning,Saturday,True,No Signal,48.5
ORD11410,Birnin Kebbi Hub,Birnin Kebbi,7.2,Motorcycle,Paved,Rain,Low,Parcel,0,13.4,2.7,Evening,Monday,False,Weak,41.2
ORD11411,Birnin Kebbi Hub,Aliero,30.1,Motorcycle,Paved,Harmattan Dust,Medium,Parcel,0,1.5,3.1,Morning,Friday,False,Strong,60.8
ORD11412,Birnin Kebbi Hub,Yauri,120.9,Keke (Tricycle),Paved,Clear,Medium,Bulk Goods,0,33.5,5.1,Morning,Friday,False,Strong,301.1
ORD11413,Birnin Kebbi Hub,Birnin Kebbi,6.6,Motorcycle,Paved,Harmattan Dust,High,Parcel,0,0.6,8.8,Afternoon,Wednesday,False,No Signal,32.8
ORD11414,Birnin Kebbi Hub,Bunza,43.7,Keke (Tricycle),Paved,Clear,High,Parcel,2,3.5,3.0,Evening,Tuesday,False,Strong,160.9
ORD11415,Birnin Kebbi Hub,Bunza,44.2,Motorcycle,Paved,Harmattan Dust,High,Parcel,1,1.5,1.1,Midday,Saturday,True,No Signal,135.8
ORD11416,Birnin Kebbi Hub,Bunza,45.6,Truck,Paved,Harmattan Dust,Low,Parcel,1,6.5,3.8,Evening,Thursday,False,Strong,101.9
ORD11417,Birnin Kebbi Hub,Zuru,171.2,Motorcycle,Paved,Clear,Low,Bulk Goods,0,21.3,1.4,Morning,Friday,False,Weak,218.5
ORD11418,Birnin Kebbi Hub,Yauri,179.5,Keke (Tricycle),Paved,Rain,High,Documents,0,3.4,2.4,Afternoon,Tuesday,False,Strong,877.0
ORD11419,Birnin Kebbi Hub,Bunza,42.0,Keke (Tricycle),Paved,Clear,Low,Documents,0,1.0,0.6,Midday,Tuesday,False,No Signal,92.7
ORD11420,Birnin Kebbi Hub,Bunza,43.2,Van,Paved,Clear,High,Parcel,1,1.7,2.8,Evening,Tuesday,False,Strong,95.8
ORD11421,Birnin Kebbi Hub,Aliero,29.7,Truck,Unpaved,Clear,Medium,Bulk Goods,2,28.3,2.7,Evening,Thursday,False,Weak,127.3
ORD11422,Birnin Kebbi Hub,Zuru,204.5,Motorcycle,Unpaved,Clear,Low,Food,0,0.9,3.1,Midday,Tuesday,False,Weak,420.6
ORD11423,Birnin Kebbi Hub,Birnin Kebbi,4.9,Van,Paved,Clear,Low,Parcel,2,0.5,4.8,Midday,Thursday,False,Weak,32.8
ORD11424,Birnin Kebbi Hub,Birnin Kebbi,4.9,Keke (Tricycle),Paved,Clear,Medium,Food,2,8.3,10.7,Morning,Tuesday,False,Weak,38.0
ORD11425,Birnin Kebbi Hub,Kamba,140.5,Motorcycle,Unpaved,Clear,High,Documents,2,1.6,5.9,Midday,Thursday,False,Weak,521.8
ORD11426,Birnin Kebbi Hub,Jega,57.4,Motorcycle,Paved,Rain,Low,Bulk Goods,0,19.8,1.8,Midday,Sunday,True,Weak,118.1
ORD11427,Birnin Kebbi Hub,Zuru,157.5,Motorcycle,Unpaved,Clear,Low,Food,1,6.0,4.5,Evening,Saturday,True,Strong,327.8
ORD11428,Birnin Kebbi Hub,Kamba,142.4,Keke (Tricycle),Unpaved,Rain,High,Bulk Goods,4,44.6,1.3,Midday,Tuesday,False,Strong,1135.4
ORD11429,Birnin Kebbi Hub,Argungu,64.7,Motorcycle,Unpaved,Rain,Low,Bulk Goods,2,22.2,1.0,Afternoon,Monday,False,Weak,236.2
ORD11430,Birnin Kebbi Hub,Kamba,147.6,Van,Unpaved,Clear,High,Documents,1,0.4,1.5,Afternoon,Monday,False,Strong,502.6
ORD11431,Birnin Kebbi Hub,Bunza,47.9,Motorcycle,Unpaved,Harmattan Dust,Low,Bulk Goods,1,30.4,0.7,Evening,Saturday,True,Weak,160.9
ORD11432,Birnin Kebbi Hub,Birnin Kebbi,5.1,Motorcycle,Paved,Rain,High,Bulk Goods,1,21.8,0.9,Morning,Sunday,True,Weak,42.5
ORD11433,Birnin Kebbi Hub,Yauri,174.1,Motorcycle,Unpaved,Clear,Low,Documents,2,4.3,0.7,Evening,Friday,False,Strong,360.8
ORD11434,Birnin Kebbi Hub,Yauri,143.1,Motorcycle,Unpaved,Clear,Medium,Bulk Goods,0,19.5,4.3,Afternoon,Tuesday,False,Strong,381.7
ORD11435,Birnin Kebbi Hub,Yauri,175.3,Motorcycle,Unpaved,Clear,Medium,Parcel,2,0.2,1.2,Afternoon,Friday,False,Strong,461.1
ORD11436,Birnin Kebbi Hub,Bunza,34.3,Motorcycle,Paved,Rain,Medium,Food,3,4.9,3.2,Evening,Wednesday,False,No Signal,103.0
ORD11437,Birnin Kebbi Hub,Bunza,44.8,Keke (Tricycle),Unpaved,Clear,Low,Parcel,0,1.4,4.5,Morning,Monday,False,Strong,138.1
ORD11438,Birnin Kebbi Hub,Bunza,43.5,Motorcycle,Unpaved,Clear,Low,Parcel,0,7.3,1.5,Morning,Friday,False,Strong,104.1
ORD11439,Birnin Kebbi Hub,Bunza,47.7,Motorcycle,Unpaved,Clear,High,Documents,0,2.7,1.5,Evening,Friday,False,No Signal,199.6
ORD11440,Birnin Kebbi Hub,Bunza,48.6,Truck,Unpaved,Harmattan Dust,Medium,Food,0,4.9,1.8,Evening,Monday,False,Strong,197.1
ORD11441,Birnin Kebbi Hub,Yauri,150.2,Keke (Tricycle),Unpaved,Clear,Medium,Food,1,2.2,4.3,Evening,Friday,False,Strong,596.8
ORD11442,Birnin Kebbi Hub,Argungu,61.9,Motorcycle,Paved,Clear,Low,Food,1,0.4,1.4,Afternoon,Thursday,False,Strong,91.7
ORD11443,Birnin Kebbi Hub,Jega,57.9,Motorcycle,Paved,Clear,High,Parcel,0,4.6,3.4,Afternoon,Thursday,False,Weak,122.0
ORD11444,Birnin Kebbi Hub,Bunza,42.3,Motorcycle,Unpaved,Rain,Medium,Documents,0,1.3,3.3,Morning,Thursday,False,Strong,174.7
ORD11445,Birnin Kebbi Hub,Argungu,62.3,Keke (Tricycle),Paved,Harmattan Dust,Medium,Food,0,4.2,2.8,Midday,Saturday,True,Strong,194.6
ORD11446,Birnin Kebbi Hub,Argungu,55.7,Motorcycle,Unpaved,Rain,High,Parcel,1,4.1,2.4,Afternoon,Thursday,False,Strong,328.5
ORD11447,Birnin Kebbi Hub,Bunza,41.9,Motorcycle,Paved,Harmattan Dust,Low,Food,0,2.9,2.2,Midday,Thursday,False,Weak,69.4
ORD11448,Birnin Kebbi Hub,Bunza,51.6,Motorcycle,Unpaved,Clear,Low,Parcel,0,3.2,2.4,Morning,Wednesday,False,Strong,121.7
ORD11449,Birnin Kebbi Hub,Birnin Kebbi,3.8,Van,Paved,Clear,High,Bulk Goods,0,45.5,2.2,Morning,Saturday,True,Strong,28.4
ORD11450,Birnin Kebbi Hub,Yauri,139.5,Keke (Tricycle),Paved,Harmattan Dust,Low,Food,1,2.0,0.7,Evening,Friday,False,Strong,311.5
ORD11451,Birnin Kebbi Hub,Birnin Kebbi,5.3,Van,Paved,Clear,Low,Food,1,1.3,0.9,Midday,Tuesday,False,Strong,24.4
ORD11452,Birnin Kebbi Hub,Kamba,119.4,Truck,Unpaved,Clear,Low,Bulk Goods,1,18.3,0.7,Midday,Thursday,False,Weak,329.6
ORD11453,Birnin Kebbi Hub,Yauri,213.3,Motorcycle,Unpaved,Clear,Medium,Parcel,1,11.7,1.4,Morning,Sunday,True,Strong,562.0
ORD11454,Birnin Kebbi Hub,Birnin Kebbi,5.0,Keke (Tricycle),Paved,Clear,Medium,Bulk Goods,0,41.2,2.0,Afternoon,Thursday,False,Weak,56.1
ORD11455,Birnin Kebbi Hub,Bunza,44.3,Motorcycle,Unpaved,Rain,Low,Documents,0,2.9,2.1,Midday,Sunday,True,Weak,161.8
ORD11456,Birnin Kebbi Hub,Argungu,70.0,Motorcycle,Paved,Clear,Low,Documents,0,7.5,0.7,Evening,Sunday,True,No Signal,97.0
ORD11457,Birnin Kebbi Hub,Bunza,44.1,Truck,Paved,Harmattan Dust,Medium,Documents,0,4.3,0.5,Afternoon,Saturday,True,Strong,111.5
ORD11458,Birnin Kebbi Hub,Birnin Kebbi,5.3,Motorcycle,Paved,Rain,High,Food,0,0.5,6.7,Morning,Wednesday,False,Weak,25.0
ORD11459,Birnin Kebbi Hub,Kamba,143.6,Van,Unpaved,Clear,High,Documents,0,1.9,3.0,Morning,Tuesday,False,Strong,488.1
ORD11460,Birnin Kebbi Hub,Argungu,61.3,Van,Paved,Clear,High,Bulk Goods,0,28.8,0.9,Afternoon,Monday,False,Weak,135.7
ORD11461,Birnin Kebbi Hub,Birnin Kebbi,6.8,Keke (Tricycle),Paved,Clear,Low,Parcel,2,9.1,2.1,Morning,Thursday,False,No Signal,64.4
ORD11462,Birnin Kebbi Hub,Birnin Kebbi,7.6,Van,Paved,Clear,High,Food,2,2.5,2.0,Midday,Monday,False,Weak,40.5
ORD11463,Birnin Kebbi Hub,Argungu,61.7,Motorcycle,Paved,Clear,High,Parcel,0,1.5,1.8,Afternoon,Sunday,True,Weak,150.3
ORD11464,Birnin Kebbi Hub,Birnin Kebbi,6.6,Truck,Paved,Clear,Medium,Documents,0,4.0,1.7,Morning,Monday,False,Strong,28.8
ORD11465,Birnin Kebbi Hub,Bunza,53.9,Keke (Tricycle),Paved,Clear,Medium,Food,0,11.0,1.5,Morning,Wednesday,False,Strong,127.8
ORD11466,Birnin Kebbi Hub,Bunza,48.3,Motorcycle,Unpaved,Clear,Low,Bulk Goods,0,34.0,4.9,Midday,Sunday,True,Strong,129.0
ORD11467,Birnin Kebbi Hub,Zuru,177.3,Motorcycle,Paved,Clear,Low,Parcel,1,0.5,6.0,Midday,Wednesday,False,Strong,192.1
ORD11468,Birnin Kebbi Hub,Birnin Kebbi,6.9,Motorcycle,Paved,Clear,Medium,Food,0,1.5,4.3,Morning,Sunday,True,No Signal,37.5
ORD11469,Birnin Kebbi Hub,Aliero,38.9,Motorcycle,Paved,Rain,Medium,Parcel,1,8.0,3.0,Evening,Wednesday,False,Strong,83.4
ORD11470,Birnin Kebbi Hub,Zuru,166.1,Motorcycle,Unpaved,Clear,Low,Documents,0,5.8,3.1,Midday,Saturday,True,No Signal,349.4
ORD11471,Birnin Kebbi Hub,Kamba,170.7,Keke (Tricycle),Paved,Clear,Low,Bulk Goods,1,26.0,2.1,Morning,Sunday,True,No Signal,337.9
ORD11472,Birnin Kebbi Hub,Aliero,35.4,Van,Unpaved,Clear,High,Food,0,10.3,1.0,Afternoon,Friday,False,Strong,129.5
ORD11473,Birnin Kebbi Hub,Birnin Kebbi,8.1,Keke (Tricycle),Paved,Harmattan Dust,Medium,Food,0,7.7,5.2,Afternoon,Tuesday,False,No Signal,44.8
ORD11474,Birnin Kebbi Hub,Argungu,67.0,Keke (Tricycle),Unpaved,Clear,Medium,Parcel,3,1.7,3.2,Evening,Saturday,True,Strong,282.2
ORD11475,Birnin Kebbi Hub,Jega,59.2,Motorcycle,Unpaved,Clear,Medium,Parcel,3,3.9,5.3,Morning,Sunday,True,Strong,173.1
ORD11476,Birnin Kebbi Hub,Birnin Kebbi,7.7,Motorcycle,Paved,Clear,Medium,Documents,0,1.6,5.4,Afternoon,Monday,False,Weak,19.7
ORD11477,Birnin Kebbi Hub,Argungu,53.5,Keke (Tricycle),Paved,Clear,Medium,Parcel,1,1.8,2.6,Afternoon,Sunday,True,No Signal,144.0
ORD11478,Birnin Kebbi Hub,Birnin Kebbi,4.7,Motorcycle,Paved,Clear,Medium,Food,3,0.8,2.5,Midday,Sunday,True,Weak,21.1
ORD11479,Birnin Kebbi Hub,Yauri,156.8,Motorcycle,Paved,Clear,Low,Parcel,1,5.4,1.4,Morning,Sunday,True,Strong,199.8
ORD11480,Birnin Kebbi Hub,Aliero,32.5,Keke (Tricycle),Unpaved,Clear,Low,Parcel,0,2.7,1.4,Evening,Wednesday,False,Strong,111.6
ORD11481,Birnin Kebbi Hub,Birnin Kebbi,6.5,Motorcycle,Paved,Clear,Low,Parcel,1,3.2,2.3,Morning,Tuesday,False,No Signal,28.3
ORD11482,Birnin Kebbi Hub,Bunza,48.4,Motorcycle,Unpaved,Harmattan Dust,Low,Parcel,0,3.8,10.8,Midday,Sunday,True,Strong,135.6
ORD11483,Birnin Kebbi Hub,Birnin Kebbi,11.8,Motorcycle,Unpaved,Clear,Medium,Bulk Goods,0,36.5,0.5,Morning,Wednesday,False,Strong,65.0
ORD11484,Birnin Kebbi Hub,Birnin Kebbi,4.3,Motorcycle,Unpaved,Clear,Medium,Food,0,11.1,4.3,Midday,Thursday,False,Strong,27.4
ORD11485,Birnin Kebbi Hub,Birnin Kebbi,3.4,Motorcycle,Paved,Harmattan Dust,Low,Parcel,1,1.0,2.3,Morning,Monday,False,Weak,26.4
ORD11486,Birnin Kebbi Hub,Kamba,145.4,Motorcycle,Paved,Clear,Medium,Food,4,4.0,5.1,Evening,Saturday,True,Strong,225.5
ORD11487,Birnin Kebbi Hub,Kamba,144.3,Motorcycle,Unpaved,Rain,Low,Documents,0,0.5,1.3,Evening,Friday,False,Weak,455.1
ORD11488,Birnin Kebbi Hub,Birnin Kebbi,4.0,Motorcycle,Paved,Clear,Low,Parcel,1,1.0,1.7,Midday,Tuesday,False,Weak,27.2
ORD11489,Birnin Kebbi Hub,Birnin Kebbi,7.0,Motorcycle,Paved,Clear,Low,Food,1,7.4,4.2,Midday,Thursday,False,Weak,9.3
ORD11490,Birnin Kebbi Hub,Aliero,35.0,Keke (Tricycle),Unpaved,Clear,High,Parcel,2,4.3,2.2,Afternoon,Sunday,True,Strong,238.1
ORD11491,Birnin Kebbi Hub,Jega,39.7,Truck,Paved,Harmattan Dust,Medium,Parcel,0,11.7,2.1,Morning,Wednesday,False,Weak,108.1
ORD11492,Birnin Kebbi Hub,Kamba,124.1,Motorcycle,Unpaved,Clear,High,Documents,3,4.4,5.7,Morning,Thursday,False,Strong,461.2
ORD11493,Birnin Kebbi Hub,Argungu,61.5,Keke (Tricycle),Paved,Clear,Medium,Documents,1,0.8,5.9,Midday,Wednesday,False,No Signal,145.7
ORD11494,Birnin Kebbi Hub,Birnin Kebbi,5.6,Motorcycle,Paved,Harmattan Dust,Low,Parcel,0,0.2,0.5,Midday,Tuesday,False,Weak,24.6
ORD11495,Birnin Kebbi Hub,Bunza,50.8,Motorcycle,Paved,Harmattan Dust,Low,Food,1,2.0,0.7,Morning,Sunday,True,Strong,95.8
ORD11496,Birnin Kebbi Hub,Birnin Kebbi,6.0,Van,Unpaved,Clear,High,Parcel,3,1.1,8.3,Afternoon,Friday,False,Weak,42.9
ORD11497,Birnin Kebbi Hub,Zuru,183.7,Keke (Tricycle),Unpaved,Clear,High,Bulk Goods,2,21.7,1.6,Evening,Friday,False,Strong,1068.1
ORD11498,Birnin Kebbi Hub,Kamba,142.2,Van,Paved,Rain,High,Documents,0,5.3,1.1,Midday,Saturday,True,Strong,420.1
ORD11499,Birnin Kebbi Hub,Birnin Kebbi,6.9,Keke (Tricycle),Paved,Clear,Low,Parcel,2,5.6,1.1,Evening,Saturday,True,Weak,31.3
ORD11500,Birnin Kebbi Hub,Bunza,45.8,Motorcycle,Paved,Rain,Low,Parcel,0,1.9,0.9,Morning,Saturday,True,Weak,109.5
ORD11501,Birnin Kebbi Hub,Bunza,54.2,Motorcycle,Unpaved,Clear,Medium,Documents,1,0.2,1.2,Afternoon,Thursday,False,Strong,153.2
ORD11502,Birnin Kebbi Hub,Birnin Kebbi,7.6,Motorcycle,Paved,Rain,Medium,Documents,0,3.5,0.4,Midday,Sunday,True,Strong,33.9
ORD11503,Birnin Kebbi Hub,Birnin Kebbi,7.6,Keke (Tricycle),Paved,Rain,Low,Bulk Goods,0,21.9,2.4,Evening,Thursday,False,No Signal,47.8
ORD11504,Birnin Kebbi Hub,Zuru,187.3,Van,Unpaved,Harmattan Dust,Medium,Parcel,0,3.1,2.5,Morning,Saturday,True,No Signal,562.3
ORD11505,Birnin Kebbi Hub,Yauri,152.7,Keke (Tricycle),Unpaved,Clear,Medium,Parcel,0,1.2,1.6,Midday,Thursday,False,No Signal,606.4
ORD11506,Birnin Kebbi Hub,Zuru,167.1,Motorcycle,Unpaved,Harmattan Dust,Medium,Parcel,2,1.3,6.1,Morning,Monday,False,No Signal,553.8
ORD11507,Birnin Kebbi Hub,Yauri,183.1,Motorcycle,Paved,Clear,Low,Parcel,0,10.9,4.0,Evening,Saturday,True,Strong,217.0
ORD11508,Birnin Kebbi Hub,Bunza,43.3,Van,Paved,Clear,Medium,Bulk Goods,0,29.1,2.2,Midday,Saturday,True,Strong,61.5
ORD11509,Birnin Kebbi Hub,Birnin Kebbi,5.7,Motorcycle,Paved,Clear,Low,Documents,0,0.7,1.1,Evening,Friday,False,Strong,15.0
ORD11510,Birnin Kebbi Hub,Birnin Kebbi,8.2,Motorcycle,Paved,Clear,Medium,Parcel,0,1.2,1.4,Evening,Monday,False,Strong,11.8
ORD11511,Birnin Kebbi Hub,Kamba,162.8,Keke (Tricycle),Unpaved,Harmattan Dust,Medium,Parcel,0,1.7,1.6,Morning,Wednesday,False,No Signal,814.8
ORD11512,Birnin Kebbi Hub,Birnin Kebbi,7.4,Keke (Tricycle),Unpaved,Clear,Medium,Parcel,2,4.1,3.3,Morning,Monday,False,Strong,55.7
ORD11513,Birnin Kebbi Hub,Birnin Kebbi,7.0,Keke (Tricycle),Paved,Clear,High,Parcel,0,4.4,5.6,Midday,Saturday,True,Strong,27.3
ORD11514,Birnin Kebbi Hub,Birnin Kebbi,4.3,Keke (Tricycle),Paved,Clear,Low,Parcel,0,2.9,3.8,Afternoon,Thursday,False,Weak,20.3
ORD11515,Birnin Kebbi Hub,Jega,43.1,Keke (Tricycle),Unpaved,Clear,Low,Documents,0,19.7,0.5,Evening,Thursday,False,Strong,150.8
ORD11516,Birnin Kebbi Hub,Jega,50.2,Motorcycle,Paved,Clear,High,Parcel,0,11.5,1.8,Evening,Saturday,True,Strong,120.7
ORD11517,Birnin Kebbi Hub,Jega,50.1,Motorcycle,Unpaved,Clear,High,Parcel,2,1.0,4.3,Midday,Thursday,False,Weak,199.0
ORD11518,Birnin Kebbi Hub,Birnin Kebbi,5.7,Motorcycle,Paved,Harmattan Dust,Low,Food,2,2.3,1.7,Evening,Saturday,True,Strong,23.3
ORD11519,Birnin Kebbi Hub,Kamba,136.2,Truck,Unpaved,Clear,High,Parcel,0,9.9,1.3,Midday,Monday,False,Strong,602.9
ORD11520,Birnin Kebbi Hub,Bunza,55.0,Truck,Unpaved,Clear,Medium,Parcel,1,2.9,1.2,Morning,Wednesday,False,No Signal,196.9
ORD11521,Birnin Kebbi Hub,Jega,59.2,Motorcycle,Paved,Clear,Medium,Parcel,0,1.1,1.2,Morning,Sunday,True,Strong,97.6
ORD11522,Birnin Kebbi Hub,Birnin Kebbi,5.0,Motorcycle,Paved,Clear,Medium,Documents,1,0.4,3.4,Midday,Thursday,False,Strong,11.3
ORD11523,Birnin Kebbi Hub,Bunza,31.4,Van,Paved,Rain,Medium,Food,0,1.8,2.7,Evening,Thursday,False,Strong,67.7
ORD11524,Birnin Kebbi Hub,Bunza,39.3,Motorcycle,Paved,Rain,Low,Food,0,8.5,2.9,Morning,Monday,False,Weak,81.4
ORD11525,Birnin Kebbi Hub,Jega,59.0,Van,Unpaved,Clear,Low,Food,0,1.3,2.5,Midday,Saturday,True,Weak,125.0
ORD11526,Birnin Kebbi Hub,Birnin Kebbi,8.4,Van,Paved,Clear,Low,Food,0,1.7,2.8,Evening,Sunday,True,Strong,17.3
ORD11527,Birnin Kebbi Hub,Birnin Kebbi,6.0,Keke (Tricycle),Paved,Clear,Medium,Food,1,0.9,1.7,Morning,Friday,False,Weak,25.7
ORD11528,Birnin Kebbi Hub,Birnin Kebbi,6.8,Motorcycle,Paved,Clear,Medium,Parcel,3,1.2,1.5,Evening,Friday,False,No Signal,36.4
ORD11529,Birnin Kebbi Hub,Argungu,71.8,Keke (Tricycle),Paved,Harmattan Dust,Medium,Parcel,0,0.5,0.9,Evening,Monday,False,Strong,195.9
ORD11530,Birnin Kebbi Hub,Birnin Kebbi,2.8,Motorcycle,Paved,Clear,Low,Parcel,3,0.2,2.0,Morning,Thursday,False,Weak,41.2
ORD11531,Birnin Kebbi Hub,Birnin Kebbi,5.6,Keke (Tricycle),Unpaved,Clear,Medium,Parcel,0,2.0,3.3,Afternoon,Friday,False,No Signal,45.7
ORD11532,Birnin Kebbi Hub,Argungu,66.8,Keke (Tricycle),Paved,Clear,Medium,Food,4,2.7,3.2,Afternoon,Tuesday,False,Strong,187.2
ORD11533,Birnin Kebbi Hub,Birnin Kebbi,6.4,Motorcycle,Paved,Harmattan Dust,Medium,Parcel,0,0.2,2.4,Morning,Wednesday,False,Strong,25.7
ORD11534,Birnin Kebbi Hub,Jega,47.5,Motorcycle,Unpaved,Clear,Low,Documents,0,1.0,1.7,Morning,Friday,False,No Signal,112.8
ORD11535,Birnin Kebbi Hub,Argungu,67.1,Motorcycle,Paved,Harmattan Dust,Medium,Parcel,1,3.6,0.6,Morning,Sunday,True,No Signal,135.8
ORD11536,Birnin Kebbi Hub,Birnin Kebbi,9.3,Truck,Paved,Harmattan Dust,Low,Bulk Goods,0,40.3,1.6,Midday,Friday,False,Strong,26.9
ORD11537,Birnin Kebbi Hub,Yauri,154.4,Motorcycle,Paved,Clear,Low,Food,0,8.6,3.3,Midday,Monday,False,Weak,185.8
ORD11538,Birnin Kebbi Hub,Kamba,141.9,Van,Unpaved,Clear,Medium,Bulk Goods,0,29.0,3.4,Evening,Sunday,True,Strong,329.3
ORD11539,Birnin Kebbi Hub,Birnin Kebbi,10.1,Keke (Tricycle),Paved,Rain,Low,Documents,0,0.2,5.6,Morning,Sunday,True,Weak,49.2
ORD11540,Birnin Kebbi Hub,Birnin Kebbi,2.8,Keke (Tricycle),Paved,Rain,High,Bulk Goods,2,23.4,7.0,Evening,Friday,False,No Signal,47.1
ORD11541,Birnin Kebbi Hub,Zuru,195.3,Motorcycle,Paved,Rain,Low,Food,0,0.8,7.5,Afternoon,Sunday,True,Weak,331.4
ORD11542,Birnin Kebbi Hub,Zuru,149.1,Keke (Tricycle),Unpaved,Clear,High,Food,2,3.1,1.2,Evening,Thursday,False,Weak,870.5
ORD11543,Birnin Kebbi Hub,Jega,52.2,Motorcycle,Unpaved,Clear,Low,Food,0,1.4,0.9,Midday,Friday,False,Strong,115.0
ORD11544,Birnin Kebbi Hub,Birnin Kebbi,8.7,Motorcycle,Paved,Clear,Low,Bulk Goods,0,19.7,1.1,Afternoon,Wednesday,False,Strong,36.5
ORD11545,Birnin Kebbi Hub,Jega,60.3,Van,Paved,Harmattan Dust,Low,Bulk Goods,0,34.2,2.3,Midday,Tuesday,False,Weak,86.5
ORD11546,Birnin Kebbi Hub,Argungu,71.9,Motorcycle,Paved,Clear,Medium,Food,0,6.9,0.5,Morning,Thursday,False,Strong,118.2
ORD11547,Birnin Kebbi Hub,Kamba,133.0,Van,Unpaved,Harmattan Dust,Medium,Bulk Goods,3,29.5,1.0,Morning,Thursday,False,Strong,427.7
ORD11548,Birnin Kebbi Hub,Yauri,171.0,Motorcycle,Paved,Clear,Low,Bulk Goods,0,17.6,6.7,Morning,Saturday,True,Weak,207.0
ORD11549,Birnin Kebbi Hub,Birnin Kebbi,2.8,Motorcycle,Paved,Harmattan Dust,Medium,Parcel,0,2.5,0.5,Afternoon,Thursday,False,Strong,29.5
ORD11550,Birnin Kebbi Hub,Yauri,135.1,Motorcycle,Paved,Rain,Medium,Bulk Goods,0,15.2,7.5,Midday,Saturday,True,Weak,302.7
ORD11551,Birnin Kebbi Hub,Kamba,141.2,Motorcycle,Paved,Harmattan Dust,Low,Food,2,0.2,4.5,Evening,Wednesday,False,No Signal,206.2
ORD11552,Birnin Kebbi Hub,Bunza,39.8,Motorcycle,Unpaved,Rain,Medium,Documents,3,2.3,2.7,Afternoon,Monday,False,Weak,191.8
ORD11553,Birnin Kebbi Hub,Yauri,176.8,Motorcycle,Unpaved,Clear,Medium,Food,0,0.2,3.7,Morning,Sunday,True,Strong,454.2
ORD11554,Birnin Kebbi Hub,Kamba,118.1,Motorcycle,Unpaved,Clear,Medium,Bulk Goods,3,13.3,9.7,Evening,Tuesday,False,Weak,312.1
ORD11555,Birnin Kebbi Hub,Birnin Kebbi,4.5,Truck,Paved,Clear,High,Food,0,12.7,1.1,Morning,Wednesday,False,Weak,37.6
ORD11556,Birnin Kebbi Hub,Argungu,63.7,Motorcycle,Paved,Clear,Medium,Food,0,2.1,1.7,Afternoon,Saturday,True,Weak,115.3
ORD11557,Birnin Kebbi Hub,Aliero,41.7,Motorcycle,Unpaved,Clear,High,Food,3,9.8,0.9,Midday,Monday,False,Weak,174.7
ORD11558,Birnin Kebbi Hub,Aliero,35.2,Van,Unpaved,Clear,Low,Food,3,9.1,2.9,Evening,Wednesday,False,Strong,86.5
ORD11559,Birnin Kebbi Hub,Bunza,44.8,Motorcycle,Paved,Clear,Low,Bulk Goods,0,41.3,2.1,Evening,Monday,False,Strong,76.1
ORD11560,Birnin Kebbi Hub,Bunza,46.5,Van,Paved,Clear,Medium,Documents,2,5.7,1.3,Afternoon,Wednesday,False,Weak,93.2
ORD11561,Birnin Kebbi Hub,Aliero,43.9,Keke (Tricycle),Paved,Clear,Medium,Bulk Goods,0,42.0,1.1,Evening,Thursday,False,Strong,125.6
ORD11562,Birnin Kebbi Hub,Bunza,44.8,Truck,Unpaved,Rain,Low,Food,0,9.0,1.9,Morning,Monday,False,Weak,177.2
ORD11563,Birnin Kebbi Hub,Birnin Kebbi,8.5,Keke (Tricycle),Paved,Clear,Medium,Bulk Goods,1,33.3,1.4,Afternoon,Tuesday,False,Weak,70.6
ORD11564,Birnin Kebbi Hub,Zuru,179.2,Truck,Paved,Clear,Low,Food,2,0.2,0.4,Evening,Monday,False,Strong,282.3
ORD11565,Birnin Kebbi Hub,Bunza,45.5,Motorcycle,Paved,Clear,High,Food,0,6.0,1.8,Afternoon,Monday,False,Strong,105.1
ORD11566,Birnin Kebbi Hub,Aliero,38.3,Motorcycle,Unpaved,Harmattan Dust,Low,Bulk Goods,0,24.3,2.2,Afternoon,Saturday,True,No Signal,135.2
ORD11567,Birnin Kebbi Hub,Jega,50.2,Motorcycle,Paved,Rain,Low,Bulk Goods,0,25.2,0.9,Evening,Sunday,True,Strong,110.4
ORD11568,Birnin Kebbi Hub,Argungu,70.4,Van,Unpaved,Rain,High,Documents,0,6.9,0.3,Evening,Saturday,True,Strong,373.1
ORD11569,Birnin Kebbi Hub,Birnin Kebbi,6.3,Van,Unpaved,Clear,Medium,Parcel,0,1.5,3.6,Midday,Wednesday,False,Strong,15.5
ORD11570,Birnin Kebbi Hub,Aliero,31.3,Motorcycle,Unpaved,Clear,High,Parcel,2,1.7,1.3,Evening,Friday,False,Weak,127.0
ORD11571,Birnin Kebbi Hub,Birnin Kebbi,4.0,Keke (Tricycle),Paved,Clear,Low,Documents,1,1.1,5.2,Morning,Wednesday,False,Weak,27.0
ORD11572,Birnin Kebbi Hub,Birnin Kebbi,3.6,Motorcycle,Paved,Clear,Low,Documents,0,2.3,3.3,Midday,Thursday,False,Strong,19.1
ORD11573,Birnin Kebbi Hub,Bunza,46.1,Motorcycle,Paved,Clear,Medium,Food,1,1.7,1.8,Midday,Wednesday,False,Weak,76.3
ORD11574,Birnin Kebbi Hub,Birnin Kebbi,5.6,Van,Paved,Clear,Low,Documents,1,2.8,0.9,Evening,Thursday,False,Strong,25.9
ORD11575,Birnin Kebbi Hub,Jega,65.6,Motorcycle,Paved,Clear,Medium,Parcel,0,4.9,3.3,Morning,Wednesday,False,Strong,108.2
ORD11576,Birnin Kebbi Hub,Birnin Kebbi,4.4,Keke (Tricycle),Paved,Clear,Low,Parcel,0,0.8,7.7,Midday,Saturday,True,Strong,14.4
ORD11577,Birnin Kebbi Hub,Kamba,148.7,Motorcycle,Unpaved,Clear,Low,Food,2,1.9,3.2,Midday,Thursday,False,Weak,323.4
ORD11578,Birnin Kebbi Hub,Bunza,42.7,Motorcycle,Unpaved,Rain,Medium,Food,1,1.9,1.7,Midday,Friday,False,Strong,180.8
ORD11579,Birnin Kebbi Hub,Jega,67.3,Motorcycle,Paved,Clear,Medium,Food,1,17.7,1.1,Evening,Wednesday,False,Strong,114.1
ORD11580,Birnin Kebbi Hub,Birnin Kebbi,5.2,Keke (Tricycle),Paved,Clear,Medium,Bulk Goods,2,20.7,1.2,Afternoon,Saturday,True,Strong,50.8
ORD11581,Birnin Kebbi Hub,Zuru,199.3,Keke (Tricycle),Paved,Clear,Low,Parcel,2,0.4,1.8,Morning,Sunday,True,Strong,382.1
ORD11582,Birnin Kebbi Hub,Bunza,48.5,Motorcycle,Paved,Clear,Low,Parcel,1,9.1,5.6,Midday,Monday,False,Strong,73.0
ORD11583,Birnin Kebbi Hub,Argungu,49.8,Motorcycle,Unpaved,Clear,Medium,Documents,1,2.3,0.9,Afternoon,Sunday,True,Strong,155.6
ORD11584,Birnin Kebbi Hub,Bunza,43.8,Keke (Tricycle),Unpaved,Clear,Medium,Food,2,10.1,0.3,Morning,Friday,False,No Signal,207.1
ORD11585,Birnin Kebbi Hub,Bunza,42.1,Keke (Tricycle),Unpaved,Rain,Low,Parcel,2,2.6,2.0,Morning,Wednesday,False,Weak,235.4
ORD11586,Birnin Kebbi Hub,Birnin Kebbi,6.7,Van,Paved,Rain,High,Food,3,7.8,3.0,Afternoon,Wednesday,False,Weak,50.2
ORD11587,Birnin Kebbi Hub,Jega,47.9,Van,Paved,Clear,Low,Food,0,5.1,1.2,Morning,Thursday,False,Strong,67.0
ORD11588,Birnin Kebbi Hub,Argungu,56.6,Motorcycle,Paved,Clear,Medium,Parcel,0,0.7,1.2,Morning,Saturday,True,No Signal,99.3
ORD11589,Birnin Kebbi Hub,Birnin Kebbi,6.5,Keke (Tricycle),Paved,Harmattan Dust,Low,Food,2,2.9,1.4,Morning,Wednesday,False,Strong,39.8
ORD11590,Birnin Kebbi Hub,Birnin Kebbi,8.1,Van,Paved,Clear,High,Food,0,2.7,2.4,Morning,Tuesday,False,Weak,42.2
ORD11591,Birnin Kebbi Hub,Argungu,69.8,Keke (Tricycle),Paved,Harmattan Dust,Low,Food,0,4.1,4.8,Midday,Monday,False,Weak,145.8
ORD11592,Birnin Kebbi Hub,Argungu,53.8,Motorcycle,Unpaved,Harmattan Dust,Medium,Parcel,0,10.3,5.6,Midday,Saturday,True,Weak,192.9
ORD11593,Birnin Kebbi Hub,Argungu,76.4,Motorcycle,Paved,Clear,Low,Food,0,9.2,0.9,Evening,Thursday,False,Strong,93.1
ORD11594,Birnin Kebbi Hub,Yauri,135.5,Motorcycle,Paved,Harmattan Dust,Low,Documents,0,2.8,1.7,Midday,Sunday,True,Strong,197.4
ORD11595,Birnin Kebbi Hub,Yauri,164.8,Motorcycle,Paved,Clear,Low,Bulk Goods,1,17.8,4.8,Afternoon,Sunday,True,No Signal,215.1
ORD11596,Birnin Kebbi Hub,Argungu,62.5,Keke (Tricycle),Unpaved,Harmattan Dust,Medium,Parcel,0,1.0,3.7,Morning,Thursday,False,Strong,324.6
ORD11597,Birnin Kebbi Hub,Birnin Kebbi,6.6,Van,Paved,Harmattan Dust,Low,Parcel,2,0.8,1.5,Midday,Tuesday,False,No Signal,51.7
ORD11598,Birnin Kebbi Hub,Birnin Kebbi,3.9,Truck,Paved,Harmattan Dust,Medium,Parcel,0,7.3,4.3,Morning,Tuesday,False,Strong,14.6
ORD11599,Birnin Kebbi Hub,Kamba,140.6,Motorcycle,Unpaved,Harmattan Dust,High,Bulk Goods,2,51.3,7.2,Midday,Wednesday,False,Weak,675.2
ORD11600,Birnin Kebbi Hub,Birnin Kebbi,4.8,Van,Paved,Clear,Medium,Parcel,2,1.5,3.8,Midday,Thursday,False,Strong,27.3
ORD11601,Birnin Kebbi Hub,Argungu,59.4,Motorcycle,Unpaved,Clear,Medium,Parcel,0,11.5,2.2,Evening,Monday,False,Weak,158.9
ORD11602,Birnin Kebbi Hub,Yauri,177.1,Motorcycle,Paved,Clear,Low,Parcel,3,0.8,1.8,Evening,Wednesday,False,Weak,222.2
ORD11603,Birnin Kebbi Hub,Kamba,144.8,Keke (Tricycle),Unpaved,Clear,High,Parcel,0,5.3,3.7,Morning,Sunday,True,Strong,837.3
ORD11604,Birnin Kebbi Hub,Argungu,68.1,Motorcycle,Unpaved,Clear,Medium,Documents,0,7.2,1.9,Morning,Wednesday,False,Weak,190.0
ORD11605,Birnin Kebbi Hub,Bunza,40.8,Motorcycle,Paved,Clear,Medium,Bulk Goods,0,23.5,4.4,Evening,Friday,False,Strong,75.2
ORD11606,Birnin Kebbi Hub,Birnin Kebbi,4.2,Motorcycle,Paved,Harmattan Dust,Medium,Parcel,2,1.3,5.2,Midday,Thursday,False,Strong,10.1
ORD11607,Birnin Kebbi Hub,Jega,55.4,Keke (Tricycle),Unpaved,Clear,Low,Parcel,0,13.6,3.6,Morning,Tuesday,False,Strong,196.0
ORD11608,Birnin Kebbi Hub,Zuru,182.5,Motorcycle,Paved,Harmattan Dust,High,Parcel,1,0.2,3.3,Afternoon,Saturday,True,No Signal,488.5
ORD11609,Birnin Kebbi Hub,Argungu,59.0,Motorcycle,Unpaved,Clear,Medium,Documents,0,1.6,1.0,Afternoon,Tuesday,False,Weak,165.5
ORD11610,Birnin Kebbi Hub,Argungu,61.6,Motorcycle,Paved,Rain,High,Parcel,1,7.0,4.8,Evening,Thursday,False,Strong,198.3
ORD11611,Birnin Kebbi Hub,Birnin Kebbi,8.8,Keke (Tricycle),Paved,Clear,Low,Documents,0,1.7,1.6,Midday,Tuesday,False,No Signal,28.7
ORD11612,Birnin Kebbi Hub,Birnin Kebbi,6.1,Motorcycle,Paved,Clear,High,Bulk Goods,0,21.3,6.7,Evening,Wednesday,False,Strong,17.1
ORD11613,Birnin Kebbi Hub,Birnin Kebbi,4.4,Van,Paved,Clear,Low,Food,1,11.5,4.4,Evening,Tuesday,False,Weak,28.0
ORD11614,Birnin Kebbi Hub,Kamba,151.7,Motorcycle,Unpaved,Clear,Medium,Parcel,1,2.4,2.4,Morning,Saturday,True,Weak,394.3
ORD11615,Birnin Kebbi Hub,Kamba,138.0,Motorcycle,Paved,Clear,Low,Parcel,2,2.3,1.4,Midday,Tuesday,False,Strong,171.4
ORD11616,Birnin Kebbi Hub,Argungu,70.8,Keke (Tricycle),Unpaved,Clear,Medium,Food,2,0.2,2.7,Afternoon,Monday,False,Weak,307.4
ORD11617,Birnin Kebbi Hub,Jega,48.6,Motorcycle,Paved,Clear,Medium,Parcel,2,2.3,3.5,Evening,Friday,False,Weak,97.2
ORD11618,Birnin Kebbi Hub,Jega,68.3,Motorcycle,Unpaved,Harmattan Dust,Low,Bulk Goods,1,30.3,0.6,Afternoon,Saturday,True,Strong,212.3
ORD11619,Birnin Kebbi Hub,Aliero,40.9,Motorcycle,Unpaved,Harmattan Dust,High,Bulk Goods,0,34.5,4.3,Evening,Thursday,False,Strong,202.0
ORD11620,Birnin Kebbi Hub,Birnin Kebbi,8.1,Keke (Tricycle),Paved,Clear,High,Documents,3,6.6,4.6,Evening,Saturday,True,Weak,55.6
ORD11621,Birnin Kebbi Hub,Birnin Kebbi,5.9,Van,Paved,Clear,Low,Parcel,0,4.0,3.2,Morning,Sunday,True,Strong,15.6
ORD11622,Birnin Kebbi Hub,Jega,61.7,Motorcycle,Unpaved,Rain,Low,Parcel,2,4.2,2.1,Evening,Saturday,True,Strong,199.0
ORD11623,Birnin Kebbi Hub,Jega,71.9,Van,Unpaved,Clear,High,Parcel,0,15.6,1.3,Evening,Friday,False,Weak,253.8
ORD11624,Birnin Kebbi Hub,Jega,49.3,Keke (Tricycle),Unpaved,Rain,Low,Parcel,3,1.4,1.9,Afternoon,Sunday,True,Weak,272.3
ORD11625,Birnin Kebbi Hub,Aliero,38.5,Van,Paved,Clear,High,Documents,0,0.5,3.2,Morning,Friday,False,Strong,75.5
ORD11626,Birnin Kebbi Hub,Bunza,37.1,Motorcycle,Paved,Clear,Low,Food,0,1.4,0.4,Afternoon,Wednesday,False,Weak,58.8
ORD11627,Birnin Kebbi Hub,Jega,60.9,Motorcycle,Paved,Rain,High,Food,2,3.3,2.2,Morning,Friday,False,No Signal,210.7
ORD11628,Birnin Kebbi Hub,Birnin Kebbi,8.3,Motorcycle,Paved,Clear,Medium,Documents,0,3.3,3.9,Evening,Tuesday,False,No Signal,24.0
ORD11629,Birnin Kebbi Hub,Argungu,69.2,Motorcycle,Unpaved,Harmattan Dust,Low,Parcel,1,8.6,2.8,Midday,Monday,False,Strong,191.0
ORD11630,Birnin Kebbi Hub,Bunza,50.4,Keke (Tricycle),Paved,Harmattan Dust,Medium,Parcel,1,5.6,5.5,Midday,Sunday,True,Weak,153.1
ORD11631,Birnin Kebbi Hub,Kamba,131.0,Keke (Tricycle),Unpaved,Rain,Medium,Parcel,4,7.6,0.4,Midday,Monday,False,Strong,830.3
ORD11632,Birnin Kebbi Hub,Jega,54.0,Van,Unpaved,Clear,Low,Parcel,1,0.6,4.8,Afternoon,Tuesday,False,Weak,128.6
ORD11633,Birnin Kebbi Hub,Aliero,36.9,Keke (Tricycle),Unpaved,Clear,Medium,Food,2,2.4,3.4,Evening,Monday,False,Strong,162.1
ORD11634,Birnin Kebbi Hub,Argungu,64.7,Van,Paved,Clear,Medium,Parcel,0,2.1,3.9,Evening,Sunday,True,Weak,96.2
ORD11635,Birnin Kebbi Hub,Birnin Kebbi,3.9,Van,Paved,Clear,Medium,Bulk Goods,1,18.6,2.2,Evening,Thursday,False,Weak,24.2
ORD11636,Birnin Kebbi Hub,Jega,55.7,Keke (Tricycle),Unpaved,Harmattan Dust,Low,Parcel,0,5.1,1.0,Midday,Sunday,True,No Signal,243.7
ORD11637,Birnin Kebbi Hub,Birnin Kebbi,3.4,Motorcycle,Unpaved,Rain,Low,Food,0,15.8,1.0,Midday,Tuesday,False,Weak,38.1
ORD11638,Birnin Kebbi Hub,Bunza,49.9,Keke (Tricycle),Unpaved,Clear,Medium,Food,0,1.3,0.3,Morning,Friday,False,Strong,198.8
ORD11639,Birnin Kebbi Hub,Birnin Kebbi,7.4,Keke (Tricycle),Paved,Rain,High,Bulk Goods,1,33.2,1.0,Afternoon,Monday,False,No Signal,90.9
ORD11640,Birnin Kebbi Hub,Bunza,48.1,Motorcycle,Unpaved,Clear,Low,Food,0,2.0,0.5,Evening,Thursday,False,Strong,110.0
ORD11641,Birnin Kebbi Hub,Birnin Kebbi,2.3,Keke (Tricycle),Paved,Clear,Low,Bulk Goods,0,26.4,2.9,Evening,Thursday,False,Weak,31.7
ORD11642,Birnin Kebbi Hub,Jega,49.1,Keke (Tricycle),Paved,Harmattan Dust,Low,Bulk Goods,1,20.8,11.0,Midday,Monday,False,Weak,133.0
ORD11643,Birnin Kebbi Hub,Birnin Kebbi,10.6,Motorcycle,Paved,Clear,Medium,Parcel,0,3.4,1.8,Midday,Friday,False,No Signal,36.3
ORD11644,Birnin Kebbi Hub,Birnin Kebbi,7.1,Motorcycle,Paved,Clear,High,Parcel,1,0.2,1.0,Midday,Thursday,False,Weak,33.8
ORD11645,Birnin Kebbi Hub,Birnin Kebbi,6.2,Keke (Tricycle),Paved,Rain,Medium,Parcel,0,3.4,3.0,Afternoon,Friday,False,Strong,38.8
ORD11646,Birnin Kebbi Hub,Birnin Kebbi,7.7,Motorcycle,Paved,Harmattan Dust,High,Parcel,0,1.1,1.0,Morning,Wednesday,False,Strong,36.2
ORD11647,Birnin Kebbi Hub,Jega,64.6,Motorcycle,Paved,Clear,Low,Bulk Goods,2,13.7,1.0,Morning,Thursday,False,Strong,106.8
ORD11648,Birnin Kebbi Hub,Bunza,47.5,Van,Unpaved,Rain,Low,Parcel,2,4.2,2.6,Afternoon,Sunday,True,Strong,176.8
ORD11649,Birnin Kebbi Hub,Yauri,149.7,Motorcycle,Unpaved,Harmattan Dust,High,Parcel,0,4.6,0.7,Afternoon,Friday,False,Weak,705.3
ORD11650,Birnin Kebbi Hub,Jega,52.4,Van,Unpaved,Clear,Medium,Parcel,0,0.5,2.5,Evening,Saturday,True,Weak,139.8
ORD11651,Birnin Kebbi Hub,Birnin Kebbi,7.4,Keke (Tricycle),Paved,Clear,Low,Food,1,5.0,1.5,Midday,Thursday,False,Strong,44.7
ORD11652,Birnin Kebbi Hub,Bunza,45.4,Keke (Tricycle),Paved,Clear,Low,Parcel,0,3.7,1.4,Morning,Thursday,False,Weak,94.4
ORD11653,Birnin Kebbi Hub,Yauri,126.5,Keke (Tricycle),Paved,Clear,Low,Parcel,1,3.2,6.1,Morning,Saturday,True,Weak,244.8
ORD11654,Birnin Kebbi Hub,Birnin Kebbi,5.9,Van,Paved,Clear,High,Food,0,0.2,4.6,Evening,Wednesday,False,Weak,14.2
ORD11655,Birnin Kebbi Hub,Birnin Kebbi,5.1,Motorcycle,Unpaved,Clear,Medium,Parcel,0,4.6,3.6,Afternoon,Sunday,True,Strong,30.3
ORD11656,Birnin Kebbi Hub,Argungu,60.4,Keke (Tricycle),Unpaved,Clear,Medium,Parcel,3,0.4,1.9,Midday,Friday,False,Weak,266.6
ORD11657,Birnin Kebbi Hub,Birnin Kebbi,5.2,Truck,Paved,Rain,Low,Parcel,0,1.7,6.5,Morning,Saturday,True,Strong,14.0
ORD11658,Birnin Kebbi Hub,Argungu,66.4,Motorcycle,Unpaved,Rain,Low,Parcel,0,10.6,2.2,Morning,Wednesday,False,Weak,224.5
ORD11659,Birnin Kebbi Hub,Birnin Kebbi,4.8,Truck,Paved,Harmattan Dust,Medium,Documents,0,1.5,3.9,Midday,Thursday,False,Weak,19.1
ORD11660,Birnin Kebbi Hub,Aliero,33.7,Motorcycle,Unpaved,Clear,Low,Food,0,1.7,1.4,Midday,Thursday,False,Strong,77.1
ORD11661,Birnin Kebbi Hub,Bunza,36.9,Van,Unpaved,Harmattan Dust,Medium,Bulk Goods,3,20.6,0.9,Morning,Sunday,True,No Signal,172.3
ORD11662,Birnin Kebbi Hub,Birnin Kebbi,7.4,Motorcycle,Unpaved,Clear,Low,Bulk Goods,0,31.8,1.3,Evening,Friday,False,Weak,41.4
ORD11663,Birnin Kebbi Hub,Bunza,55.2,Motorcycle,Paved,Rain,Medium,Food,0,0.3,1.2,Morning,Friday,False,Weak,128.2
ORD11664,Birnin Kebbi Hub,Aliero,38.2,Motorcycle,Paved,Clear,Low,Food,1,8.6,6.7,Midday,Thursday,False,Weak,54.3
ORD11665,Birnin Kebbi Hub,Aliero,31.5,Keke (Tricycle),Paved,Clear,Low,Food,3,1.4,1.6,Evening,Thursday,False,Strong,88.2
ORD11666,Birnin Kebbi Hub,Zuru,183.4,Keke (Tricycle),Paved,Clear,Low,Parcel,4,10.1,3.4,Midday,Sunday,True,Weak,352.2
ORD11667,Birnin Kebbi Hub,Birnin Kebbi,6.6,Van,Paved,Clear,High,Bulk Goods,0,34.4,1.1,Evening,Tuesday,False,Weak,28.7
ORD11668,Birnin Kebbi Hub,Jega,65.4,Motorcycle,Paved,Clear,High,Food,1,3.9,1.7,Afternoon,Thursday,False,Strong,144.1
ORD11669,Birnin Kebbi Hub,Argungu,63.3,Motorcycle,Paved,Clear,Low,Documents,3,1.6,1.6,Midday,Monday,False,No Signal,103.4
ORD11670,Birnin Kebbi Hub,Birnin Kebbi,7.2,Keke (Tricycle),Paved,Clear,Low,Food,1,0.2,0.7,Morning,Friday,False,Strong,35.1
ORD11671,Birnin Kebbi Hub,Bunza,52.4,Keke (Tricycle),Paved,Harmattan Dust,Medium,Parcel,0,3.2,0.6,Midday,Friday,False,Strong,157.6
ORD11672,Birnin Kebbi Hub,Birnin Kebbi,7.5,Motorcycle,Paved,Clear,Medium,Food,0,1.2,1.4,Afternoon,Thursday,False,Weak,31.7
ORD11673,Birnin Kebbi Hub,Jega,49.6,Motorcycle,Paved,Rain,Low,Bulk Goods,1,21.9,0.9,Evening,Wednesday,False,Strong,106.7
ORD11674,Birnin Kebbi Hub,Birnin Kebbi,4.4,Motorcycle,Paved,Clear,Low,Parcel,3,0.3,3.3,Afternoon,Monday,False,No Signal,47.2
ORD11675,Birnin Kebbi Hub,Birnin Kebbi,4.5,Keke (Tricycle),Paved,Clear,Medium,Parcel,0,5.3,1.5,Evening,Saturday,True,Strong,19.1
ORD11676,Birnin Kebbi Hub,Bunza,43.9,Motorcycle,Unpaved,Rain,Low,Documents,0,1.3,1.2,Morning,Wednesday,False,Weak,155.8
ORD11677,Birnin Kebbi Hub,Argungu,69.5,Motorcycle,Paved,Harmattan Dust,Medium,Documents,1,2.0,2.5,Evening,Saturday,True,Strong,137.6
ORD11678,Birnin Kebbi Hub,Argungu,51.5,Motorcycle,Unpaved,Clear,Low,Documents,1,3.5,0.5,Evening,Sunday,True,No Signal,136.0
ORD11679,Birnin Kebbi Hub,Aliero,29.2,Van,Unpaved,Rain,Low,Documents,0,1.8,1.4,Midday,Tuesday,False,Strong,90.4
ORD11680,Birnin Kebbi Hub,Argungu,60.6,Keke (Tricycle),Paved,Rain,High,Bulk Goods,0,48.4,3.3,Midday,Saturday,True,Weak,341.9
ORD11681,Birnin Kebbi Hub,Birnin Kebbi,7.6,Truck,Paved,Harmattan Dust,Low,Food,1,7.7,4.0,Evening,Tuesday,False,Strong,31.8
ORD11682,Birnin Kebbi Hub,Argungu,69.5,Motorcycle,Unpaved,Harmattan Dust,Medium,Food,1,1.2,4.0,Evening,Tuesday,False,No Signal,235.0
ORD11683,Birnin Kebbi Hub,Zuru,168.6,Motorcycle,Paved,Clear,Medium,Documents,0,3.3,3.7,Morning,Wednesday,False,No Signal,254.5
ORD11684,Birnin Kebbi Hub,Argungu,75.4,Motorcycle,Paved,Harmattan Dust,Low,Parcel,0,0.4,1.7,Morning,Monday,False,No Signal,106.7
ORD11685,Birnin Kebbi Hub,Argungu,74.3,Keke (Tricycle),Paved,Clear,High,Food,0,3.0,0.6,Afternoon,Tuesday,False,Weak,256.9
ORD11686,Birnin Kebbi Hub,Argungu,51.4,Keke (Tricycle),Paved,Clear,High,Food,0,3.7,3.6,Midday,Wednesday,False,Strong,168.7
ORD11687,Birnin Kebbi Hub,Argungu,69.0,Van,Paved,Clear,Low,Parcel,2,0.3,2.7,Afternoon,Friday,False,Strong,98.5
ORD11688,Birnin Kebbi Hub,Kamba,126.1,Keke (Tricycle),Unpaved,Rain,Medium,Food,0,4.0,1.8,Morning,Saturday,True,Weak,776.6
ORD11689,Birnin Kebbi Hub,Birnin Kebbi,5.0,Van,Paved,Rain,Low,Parcel,2,8.9,2.5,Midday,Saturday,True,Weak,39.7
ORD11690,Birnin Kebbi Hub,Kamba,120.6,Motorcycle,Paved,Clear,Low,Parcel,1,3.7,0.7,Afternoon,Tuesday,False,Strong,151.8
ORD11691,Birnin Kebbi Hub,Kamba,138.2,Truck,Unpaved,Clear,Low,Food,1,9.3,1.6,Midday,Saturday,True,No Signal,365.2
ORD11692,Birnin Kebbi Hub,Jega,56.7,Van,Paved,Clear,High,Parcel,0,0.5,6.7,Evening,Wednesday,False,Strong,110.5
ORD11693,Birnin Kebbi Hub,Yauri,174.3,Keke (Tricycle),Unpaved,Rain,Low,Parcel,0,0.2,1.8,Morning,Thursday,False,Weak,841.5
ORD11694,Birnin Kebbi Hub,Zuru,183.7,Keke (Tricycle),Paved,Clear,Low,Documents,0,6.2,5.0,Afternoon,Saturday,True,Weak,323.2
ORD11695,Birnin Kebbi Hub,Bunza,36.7,Truck,Unpaved,Harmattan Dust,Low,Parcel,0,1.2,7.6,Morning,Wednesday,False,No Signal,120.3
ORD11696,Birnin Kebbi Hub,Birnin Kebbi,5.9,Keke (Tricycle),Paved,Rain,High,Food,2,20.8,4.8,Afternoon,Sunday,True,Strong,62.9
ORD11697,Birnin Kebbi Hub,Jega,53.0,Motorcycle,Unpaved,Harmattan Dust,Low,Food,0,2.7,1.4,Morning,Saturday,True,Weak,154.6
ORD11698,Birnin Kebbi Hub,Jega,44.2,Motorcycle,Paved,Clear,Low,Food,0,0.2,1.6,Evening,Friday,False,Weak,59.4
ORD11699,Birnin Kebbi Hub,Birnin Kebbi,7.1,Motorcycle,Paved,Rain,Medium,Documents,1,0.2,2.4,Midday,Tuesday,False,Weak,37.5
ORD11700,Birnin Kebbi Hub,Birnin Kebbi,2.4,Motorcycle,Paved,Clear,Low,Parcel,2,0.9,1.0,Evening,Saturday,True,Weak,20.4
ORD11701,Birnin Kebbi Hub,Birnin Kebbi,6.4,Motorcycle,Paved,Clear,Medium,Food,0,3.2,1.0,Morning,Wednesday,False,Weak,21.9
ORD11702,Birnin Kebbi Hub,Jega,53.5,Keke (Tricycle),Paved,Clear,Medium,Bulk Goods,0,35.7,1.3,Midday,Saturday,True,Weak,145.0
ORD11703,Birnin Kebbi Hub,Birnin Kebbi,8.9,Van,Paved,Rain,Low,Documents,0,0.4,1.8,Morning,Friday,False,Weak,35.2
ORD11704,Birnin Kebbi Hub,Zuru,191.8,Motorcycle,Paved,Rain,Medium,Parcel,1,4.5,3.5,Morning,Monday,False,Weak,421.6
ORD11705,Birnin Kebbi Hub,Jega,47.4,Motorcycle,Paved,Harmattan Dust,Low,Food,0,1.7,1.0,Morning,Saturday,True,Weak,94.1
ORD11706,Birnin Kebbi Hub,Bunza,55.3,Keke (Tricycle),Unpaved,Clear,Low,Food,2,4.6,2.6,Midday,Tuesday,False,Strong,192.1
ORD11707,Birnin Kebbi Hub,Zuru,203.0,Motorcycle,Paved,Rain,Low,Food,1,0.2,3.4,Midday,Tuesday,False,Strong,363.6
ORD11708,Birnin Kebbi Hub,Birnin Kebbi,10.0,Van,Paved,Clear,Low,Documents,0,4.9,1.7,Morning,Wednesday,False,Weak,37.2
ORD11709,Birnin Kebbi Hub,Kamba,141.4,Motorcycle,Paved,Harmattan Dust,Low,Food,0,5.8,0.7,Afternoon,Thursday,False,No Signal,206.1
ORD11710,Birnin Kebbi Hub,Jega,50.9,Motorcycle,Unpaved,Harmattan Dust,High,Parcel,0,15.2,1.5,Afternoon,Tuesday,False,Strong,248.7
ORD11711,Birnin Kebbi Hub,Bunza,51.5,Keke (Tricycle),Unpaved,Rain,Medium,Parcel,0,4.4,0.8,Evening,Monday,False,No Signal,320.6
ORD11712,Birnin Kebbi Hub,Birnin Kebbi,9.3,Motorcycle,Paved,Harmattan Dust,High,Parcel,0,1.6,2.6,Morning,Wednesday,False,Strong,31.4
ORD11713,Birnin Kebbi Hub,Jega,57.3,Van,Paved,Clear,Medium,Parcel,0,3.9,8.9,Midday,Wednesday,False,No Signal,77.7
ORD11714,Birnin Kebbi Hub,Kamba,136.5,Motorcycle,Paved,Clear,Medium,Bulk Goods,0,15.9,5.8,Afternoon,Friday,False,Weak,212.0
ORD11715,Birnin Kebbi Hub,Bunza,43.2,Motorcycle,Unpaved,Harmattan Dust,Medium,Bulk Goods,1,20.9,0.7,Evening,Sunday,True,Weak,163.6
ORD11716,Birnin Kebbi Hub,Argungu,57.0,Motorcycle,Paved,Clear,High,Documents,2,8.6,0.3,Morning,Tuesday,False,Strong,136.0
ORD11717,Birnin Kebbi Hub,Zuru,191.2,Motorcycle,Paved,Harmattan Dust,Low,Food,4,2.9,1.9,Afternoon,Saturday,True,Weak,287.1
ORD11718,Birnin Kebbi Hub,Birnin Kebbi,3.7,Truck,Paved,Harmattan Dust,Low,Parcel,4,0.3,1.5,Afternoon,Wednesday,False,Strong,82.4
ORD11719,Birnin Kebbi Hub,Argungu,65.7,Van,Paved,Rain,Low,Food,0,2.1,2.5,Midday,Sunday,True,Weak,122.2
ORD11720,Birnin Kebbi Hub,Birnin Kebbi,5.4,Keke (Tricycle),Paved,Rain,Medium,Bulk Goods,0,29.5,1.6,Morning,Friday,False,Strong,50.0
ORD11721,Birnin Kebbi Hub,Birnin Kebbi,5.3,Motorcycle,Paved,Rain,High,Documents,1,1.2,3.0,Evening,Thursday,False,Strong,32.2
ORD11722,Birnin Kebbi Hub,Argungu,56.3,Keke (Tricycle),Paved,Clear,Low,Food,0,2.3,0.7,Afternoon,Friday,False,Strong,114.8
ORD11723,Birnin Kebbi Hub,Argungu,81.2,Keke (Tricycle),Unpaved,Harmattan Dust,Medium,Bulk Goods,0,40.4,1.4,Evening,Monday,False,Strong,430.3
ORD11724,Birnin Kebbi Hub,Argungu,64.6,Keke (Tricycle),Unpaved,Clear,High,Parcel,0,0.2,2.7,Midday,Saturday,True,Weak,383.3
ORD11725,Birnin Kebbi Hub,Birnin Kebbi,11.8,Motorcycle,Paved,Clear,Low,Parcel,0,2.1,3.3,Morning,Saturday,True,Weak,43.0
ORD11726,Birnin Kebbi Hub,Argungu,57.7,Keke (Tricycle),Unpaved,Rain,Medium,Parcel,3,7.4,4.2,Morning,Thursday,False,Weak,383.2
ORD11727,Birnin Kebbi Hub,Aliero,36.8,Van,Paved,Harmattan Dust,Low,Parcel,1,10.0,0.9,Morning,Monday,False,Weak,72.6
ORD11728,Birnin Kebbi Hub,Argungu,65.5,Motorcycle,Paved,Clear,Low,Food,0,1.0,3.3,Evening,Tuesday,False,Weak,90.4
ORD11729,Birnin Kebbi Hub,Yauri,144.8,Motorcycle,Paved,Clear,Medium,Parcel,1,3.9,1.0,Evening,Monday,False,No Signal,215.3
ORD11730,Birnin Kebbi Hub,Jega,59.7,Motorcycle,Paved,Clear,High,Parcel,0,9.9,5.3,Morning,Saturday,True,No Signal,147.2
ORD11731,Birnin Kebbi Hub,Bunza,38.9,Motorcycle,Paved,Clear,High,Food,3,6.8,4.9,Afternoon,Friday,False,Weak,108.6
ORD11732,Birnin Kebbi Hub,Zuru,192.1,Keke (Tricycle),Paved,Rain,Low,Parcel,0,2.5,2.7,Evening,Sunday,True,No Signal,530.3
ORD11733,Birnin Kebbi Hub,Jega,50.3,Motorcycle,Paved,Clear,Low,Bulk Goods,1,21.1,3.0,Midday,Tuesday,False,Weak,83.8
ORD11734,Birnin Kebbi Hub,Jega,51.7,Keke (Tricycle),Paved,Rain,Medium,Food,1,0.5,0.6,Midday,Saturday,True,Weak,186.1
ORD11735,Birnin Kebbi Hub,Zuru,168.2,Keke (Tricycle),Paved,Clear,Medium,Bulk Goods,0,16.5,2.2,Evening,Wednesday,False,Strong,374.1
ORD11736,Birnin Kebbi Hub,Birnin Kebbi,5.9,Motorcycle,Paved,Clear,High,Bulk Goods,0,34.9,0.4,Afternoon,Wednesday,False,Weak,43.1
ORD11737,Birnin Kebbi Hub,Bunza,51.9,Keke (Tricycle),Unpaved,Harmattan Dust,Low,Documents,1,4.2,2.3,Evening,Thursday,False,No Signal,224.7
ORD11738,Birnin Kebbi Hub,Birnin Kebbi,8.4,Van,Paved,Clear,Medium,Documents,0,5.8,3.3,Morning,Friday,False,Strong,32.7
ORD11739,Birnin Kebbi Hub,Birnin Kebbi,5.2,Motorcycle,Paved,Clear,Low,Documents,0,0.2,0.6,Evening,Thursday,False,Strong,16.4
ORD11740,Birnin Kebbi Hub,Birnin Kebbi,6.9,Keke (Tricycle),Paved,Rain,Low,Food,3,1.7,0.7,Evening,Sunday,True,Strong,48.0
ORD11741,Birnin Kebbi Hub,Zuru,203.4,Motorcycle,Unpaved,Rain,Medium,Parcel,1,3.1,0.9,Midday,Friday,False,Weak,785.8
ORD11742,Birnin Kebbi Hub,Birnin Kebbi,2.7,Motorcycle,Paved,Clear,Low,Documents,0,6.5,4.7,Midday,Friday,False,No Signal,20.5
ORD11743,Birnin Kebbi Hub,Yauri,162.3,Keke (Tricycle),Unpaved,Clear,High,Parcel,0,0.2,1.3,Midday,Sunday,True,Strong,942.1
ORD11744,Birnin Kebbi Hub,Argungu,65.2,Motorcycle,Unpaved,Harmattan Dust,Low,Parcel,2,0.3,1.3,Afternoon,Thursday,False,Strong,172.7
ORD11745,Birnin Kebbi Hub,Zuru,185.5,Motorcycle,Paved,Clear,Low,Parcel,3,0.5,1.8,Morning,Sunday,True,Strong,239.5
ORD11746,Birnin Kebbi Hub,Argungu,82.6,Keke (Tricycle),Paved,Clear,Medium,Food,0,8.8,2.5,Afternoon,Friday,False,Weak,204.4
ORD11747,Birnin Kebbi Hub,Birnin Kebbi,9.7,Truck,Paved,Clear,Low,Parcel,2,2.2,1.3,Morning,Saturday,True,Weak,67.8
ORD11748,Birnin Kebbi Hub,Jega,40.7,Truck,Paved,Clear,Low,Parcel,0,0.2,1.0,Morning,Monday,False,Strong,61.6
ORD11749,Birnin Kebbi Hub,Kamba,149.7,Keke (Tricycle),Unpaved,Harmattan Dust,Low,Parcel,1,0.5,1.4,Evening,Saturday,True,Strong,606.0
ORD11750,Birnin Kebbi Hub,Kamba,138.6,Keke (Tricycle),Unpaved,Clear,Low,Food,0,2.4,2.6,Evening,Saturday,True,Weak,440.0
ORD11751,Birnin Kebbi Hub,Birnin Kebbi,4.0,Motorcycle,Paved,Clear,Medium,Parcel,0,1.3,1.3,Afternoon,Tuesday,False,Strong,23.3
ORD11752,Birnin Kebbi Hub,Birnin Kebbi,7.9,Keke (Tricycle),Paved,Clear,Low,Bulk Goods,2,26.8,1.1,Morning,Thursday,False,Strong,57.5
ORD11753,Birnin Kebbi Hub,Aliero,34.0,Motorcycle,Paved,Rain,Medium,Documents,0,3.0,1.3,Evening,Tuesday,False,Weak,77.8
ORD11754,Birnin Kebbi Hub,Birnin Kebbi,4.3,Keke (Tricycle),Unpaved,Rain,High,Parcel,0,4.3,2.9,Morning,Wednesday,False,Strong,52.2
ORD11755,Birnin Kebbi Hub,Yauri,163.2,Motorcycle,Paved,Clear,Medium,Documents,2,2.8,1.8,Morning,Monday,False,Strong,241.3
ORD11756,Birnin Kebbi Hub,Zuru,188.7,Motorcycle,Paved,Clear,High,Documents,2,0.6,2.6,Midday,Wednesday,False,Strong,390.5
ORD11757,Birnin Kebbi Hub,Argungu,61.7,Van,Paved,Rain,Medium,Parcel,0,3.9,2.0,Evening,Friday,False,Strong,133.2
ORD11758,Birnin Kebbi Hub,Bunza,46.4,Motorcycle,Paved,Harmattan Dust,High,Parcel,1,2.4,2.9,Morning,Tuesday,False,Strong,139.3
ORD11759,Birnin Kebbi Hub,Jega,47.8,Van,Unpaved,Clear,Low,Documents,1,0.2,2.1,Morning,Wednesday,False,Strong,100.3
ORD11760,Birnin Kebbi Hub,Yauri,170.1,Keke (Tricycle),Paved,Harmattan Dust,Medium,Parcel,0,3.9,2.1,Evening,Saturday,True,Weak,467.7
ORD11761,Birnin Kebbi Hub,Bunza,45.7,Keke (Tricycle),Unpaved,Clear,Medium,Documents,0,7.2,1.9,Midday,Tuesday,False,Strong,185.1
ORD11762,Birnin Kebbi Hub,Birnin Kebbi,5.2,Motorcycle,Paved,Harmattan Dust,Low,Food,2,5.6,1.4,Midday,Friday,False,Weak,43.0
ORD11763,Birnin Kebbi Hub,Aliero,35.1,Van,Paved,Harmattan Dust,Medium,Bulk Goods,1,32.4,1.9,Midday,Thursday,False,No Signal,89.4
ORD11764,Birnin Kebbi Hub,Bunza,54.8,Motorcycle,Unpaved,Clear,High,Parcel,0,2.2,4.0,Evening,Saturday,True,No Signal,216.0
ORD11765,Birnin Kebbi Hub,Birnin Kebbi,5.8,Keke (Tricycle),Paved,Clear,Low,Food,0,10.4,1.7,Evening,Saturday,True,Weak,37.7
ORD11766,Birnin Kebbi Hub,Argungu,55.4,Keke (Tricycle),Unpaved,Clear,Low,Documents,1,5.5,1.8,Afternoon,Saturday,True,Strong,203.9
ORD11767,Birnin Kebbi Hub,Bunza,43.8,Keke (Tricycle),Unpaved,Harmattan Dust,Medium,Food,2,6.6,3.9,Evening,Saturday,True,Weak,251.1
ORD11768,Birnin Kebbi Hub,Kamba,127.9,Van,Paved,Rain,Low,Food,0,2.5,1.1,Evening,Saturday,True,Weak,226.8
ORD11769,Birnin Kebbi Hub,Jega,42.8,Keke (Tricycle),Unpaved,Rain,Medium,Parcel,1,4.3,2.1,Midday,Monday,False,Weak,273.7
ORD11770,Birnin Kebbi Hub,Bunza,44.2,Keke (Tricycle),Paved,Clear,Medium,Parcel,1,6.0,1.0,Afternoon,Monday,False,Weak,128.5
ORD11771,Birnin Kebbi Hub,Jega,54.0,Motorcycle,Paved,Clear,Low,Food,1,1.6,3.1,Morning,Friday,False,Weak,80.2
ORD11772,Birnin Kebbi Hub,Bunza,43.1,Motorcycle,Paved,Clear,Medium,Parcel,1,0.5,4.0,Morning,Saturday,True,Strong,84.9
ORD11773,Birnin Kebbi Hub,Kamba,122.4,Motorcycle,Paved,Clear,Low,Food,0,20.2,3.1,Morning,Tuesday,False,Strong,154.6
ORD11774,Birnin Kebbi Hub,Jega,50.3,Keke (Tricycle),Paved,Clear,Medium,Parcel,2,0.2,2.1,Midday,Tuesday,False,Strong,121.6
ORD11775,Birnin Kebbi Hub,Bunza,50.3,Van,Unpaved,Clear,Low,Parcel,0,20.5,5.0,Morning,Saturday,True,Strong,112.1
ORD11776,Birnin Kebbi Hub,Jega,50.4,Motorcycle,Paved,Harmattan Dust,Medium,Parcel,2,9.4,3.6,Morning,Thursday,False,Weak,110.1
ORD11777,Birnin Kebbi Hub,Kamba,111.7,Motorcycle,Unpaved,Clear,Medium,Parcel,1,5.8,0.5,Evening,Thursday,False,Weak,299.9
ORD11778,Birnin Kebbi Hub,Zuru,183.3,Van,Paved,Clear,Medium,Documents,0,3.6,1.1,Morning,Saturday,True,Weak,245.8
ORD11779,Birnin Kebbi Hub,Birnin Kebbi,6.7,Keke (Tricycle),Paved,Clear,Medium,Parcel,1,3.1,1.8,Evening,Saturday,True,Weak,27.0
ORD11780,Birnin Kebbi Hub,Birnin Kebbi,4.7,Motorcycle,Paved,Rain,Low,Food,0,3.5,4.8,Morning,Thursday,False,No Signal,28.5
ORD11781,Birnin Kebbi Hub,Kamba,158.0,Keke (Tricycle),Unpaved,Rain,Low,Documents,1,6.9,1.3,Morning,Sunday,True,Strong,781.3
ORD11782,Birnin Kebbi Hub,Argungu,60.5,Keke (Tricycle),Paved,Harmattan Dust,Medium,Parcel,0,4.9,1.1,Midday,Thursday,False,Weak,175.5
ORD11783,Birnin Kebbi Hub,Birnin Kebbi,6.4,Motorcycle,Paved,Rain,Low,Food,0,0.2,3.3,Morning,Sunday,True,Weak,40.7
ORD11784,Birnin Kebbi Hub,Bunza,42.6,Motorcycle,Unpaved,Harmattan Dust,Low,Food,0,1.0,7.0,Morning,Wednesday,False,Strong,109.4
ORD11785,Birnin Kebbi Hub,Kamba,151.1,Keke (Tricycle),Unpaved,Rain,Medium,Bulk Goods,0,19.1,2.0,Afternoon,Monday,False,Weak,933.5
ORD11786,Birnin Kebbi Hub,Kamba,146.6,Motorcycle,Unpaved,Harmattan Dust,Low,Parcel,0,8.1,4.0,Evening,Tuesday,False,No Signal,381.0
ORD11787,Birnin Kebbi Hub,Birnin Kebbi,2.1,Van,Unpaved,Rain,Medium,Parcel,0,2.7,3.6,Evening,Thursday,False,No Signal,21.5
ORD11788,Birnin Kebbi Hub,Birnin Kebbi,5.5,Keke (Tricycle),Paved,Clear,Low,Bulk Goods,2,40.4,4.5,Morning,Wednesday,False,Strong,65.8
ORD11789,Birnin Kebbi Hub,Birnin Kebbi,3.9,Keke (Tricycle),Paved,Clear,Low,Bulk Goods,0,27.1,4.9,Evening,Friday,False,Strong,32.5
ORD11790,Birnin Kebbi Hub,Jega,56.4,Motorcycle,Paved,Clear,Medium,Parcel,0,2.2,3.9,Morning,Monday,False,Strong,72.3
ORD11791,Birnin Kebbi Hub,Birnin Kebbi,6.4,Keke (Tricycle),Paved,Harmattan Dust,Medium,Documents,1,0.2,2.9,Afternoon,Wednesday,False,Strong,25.5
ORD11792,Birnin Kebbi Hub,Birnin Kebbi,4.9,Van,Paved,Harmattan Dust,Low,Food,2,5.1,1.8,Afternoon,Wednesday,False,Strong,47.6
ORD11793,Birnin Kebbi Hub,Yauri,174.1,Van,Paved,Clear,High,Bulk Goods,1,25.8,2.2,Afternoon,Tuesday,False,Weak,339.8
ORD11794,Birnin Kebbi Hub,Birnin Kebbi,6.8,Motorcycle,Paved,Rain,Medium,Bulk Goods,0,20.4,1.9,Evening,Tuesday,False,Strong,35.8
ORD11795,Birnin Kebbi Hub,Birnin Kebbi,7.0,Motorcycle,Paved,Clear,High,Food,0,1.1,5.0,Evening,Saturday,True,Strong,14.1
ORD11796,Birnin Kebbi Hub,Kamba,160.7,Keke (Tricycle),Paved,Rain,Low,Food,0,1.8,2.1,Morning,Monday,False,Strong,435.0
ORD11797,Birnin Kebbi Hub,Birnin Kebbi,8.2,Motorcycle,Paved,Rain,Low,Documents,0,4.6,4.5,Morning,Thursday,False,Weak,33.9
ORD11798,Birnin Kebbi Hub,Birnin Kebbi,3.4,Motorcycle,Paved,Rain,Low,Parcel,1,0.2,1.6,Morning,Saturday,True,Strong,29.8
ORD11799,Birnin Kebbi Hub,Argungu,61.7,Motorcycle,Paved,Clear,Low,Documents,3,3.6,1.2,Evening,Wednesday,False,Strong,86.0
ORD11800,Birnin Kebbi Hub,Jega,50.9,Motorcycle,Paved,Rain,Low,Parcel,2,2.9,0.9,Evening,Friday,False,Strong,113.1
ORD11801,Birnin Kebbi Hub,Kamba,107.5,Motorcycle,Paved,Harmattan Dust,High,Documents,4,2.4,3.0,Morning,Thursday,False,Strong,292.3
ORD11802,Birnin Kebbi Hub,Birnin Kebbi,5.8,Motorcycle,Paved,Clear,Low,Bulk Goods,0,20.1,1.2,Midday,Thursday,False,Strong,25.6
ORD11803,Birnin Kebbi Hub,Jega,47.9,Motorcycle,Paved,Rain,Low,Parcel,3,0.8,2.3,Morning,Saturday,True,Strong,107.1
ORD11804,Birnin Kebbi Hub,Zuru,144.0,Motorcycle,Unpaved,Clear,Low,Parcel,0,4.6,5.0,Afternoon,Tuesday,False,Strong,297.3
ORD11805,Birnin Kebbi Hub,Argungu,61.7,Van,Unpaved,Clear,Low,Documents,0,0.2,4.2,Midday,Wednesday,False,Strong,118.7
ORD11806,Birnin Kebbi Hub,Bunza,45.0,Motorcycle,Unpaved,Clear,High,Food,0,10.7,1.1,Evening,Thursday,False,Strong,180.9
ORD11807,Birnin Kebbi Hub,Kamba,121.2,Keke (Tricycle),Unpaved,Clear,Low,Food,0,2.6,3.3,Morning,Thursday,False,Strong,384.4
ORD11808,Birnin Kebbi Hub,Aliero,28.8,Truck,Unpaved,Rain,High,Food,1,0.2,1.5,Midday,Sunday,True,No Signal,224.4
ORD11809,Birnin Kebbi Hub,Argungu,59.5,Motorcycle,Unpaved,Clear,High,Bulk Goods,0,19.0,0.9,Morning,Saturday,True,Strong,233.6
ORD11810,Birnin Kebbi Hub,Bunza,49.6,Keke (Tricycle),Unpaved,Harmattan Dust,High,Parcel,0,6.8,4.2,Evening,Wednesday,False,Weak,363.8
ORD11811,Birnin Kebbi Hub,Yauri,120.5,Van,Unpaved,Rain,High,Documents,0,0.5,1.1,Midday,Monday,False,Weak,623.7
ORD11812,Birnin Kebbi Hub,Jega,48.1,Motorcycle,Paved,Harmattan Dust,Medium,Parcel,0,0.8,6.9,Evening,Saturday,True,Weak,95.1
ORD11813,Birnin Kebbi Hub,Zuru,185.7,Van,Unpaved,Clear,Medium,Parcel,0,1.1,4.5,Morning,Wednesday,False,Strong,430.5
ORD11814,Birnin Kebbi Hub,Kamba,165.2,Motorcycle,Paved,Rain,Low,Bulk Goods,0,22.7,2.4,Morning,Monday,False,Strong,311.2
ORD11815,Birnin Kebbi Hub,Jega,64.4,Motorcycle,Unpaved,Clear,Low,Food,0,1.6,3.0,Evening,Tuesday,False,Weak,141.4
ORD11816,Birnin Kebbi Hub,Bunza,36.8,Van,Paved,Clear,Low,Parcel,0,7.0,6.4,Morning,Monday,False,Weak,70.8
ORD11817,Birnin Kebbi Hub,Argungu,74.3,Van,Paved,Clear,Low,Documents,1,0.8,2.7,Afternoon,Friday,False,Weak,94.6
ORD11818,Birnin Kebbi Hub,Aliero,36.5,Motorcycle,Paved,Rain,Low,Documents,2,0.5,0.6,Evening,Saturday,True,Weak,99.4
ORD11819,Birnin Kebbi Hub,Jega,63.5,Keke (Tricycle),Paved,Rain,High,Parcel,0,0.5,1.6,Afternoon,Tuesday,False,No Signal,333.3
ORD11820,Birnin Kebbi Hub,Aliero,35.9,Motorcycle,Unpaved,Clear,Low,Parcel,0,10.3,0.1,Evening,Monday,False,Strong,77.1
ORD11821,Birnin Kebbi Hub,Yauri,129.2,Motorcycle,Paved,Rain,High,Food,1,2.3,0.8,Morning,Thursday,False,Strong,410.9
ORD11822,Birnin Kebbi Hub,Yauri,136.4,Keke (Tricycle),Unpaved,Rain,Medium,Food,0,1.5,0.5,Afternoon,Wednesday,False,Weak,843.0
ORD11823,Birnin Kebbi Hub,Birnin Kebbi,8.0,Van,Paved,Clear,Low,Documents,0,2.3,3.2,Morning,Tuesday,False,Strong,12.6
ORD11824,Birnin Kebbi Hub,Bunza,38.4,Van,Paved,Clear,Low,Food,1,1.0,2.8,Midday,Saturday,True,No Signal,53.4
ORD11825,Birnin Kebbi Hub,Birnin Kebbi,6.4,Truck,Paved,Rain,Medium,Documents,1,9.3,0.1,Midday,Saturday,True,Weak,45.7
ORD11826,Birnin Kebbi Hub,Birnin Kebbi,6.9,Truck,Paved,Clear,Low,Food,1,2.6,1.3,Afternoon,Thursday,False,Weak,39.3
ORD11827,Birnin Kebbi Hub,Jega,65.7,Motorcycle,Paved,Clear,Low,Parcel,0,4.2,1.7,Morning,Thursday,False,Strong,77.3
ORD11828,Birnin Kebbi Hub,Argungu,70.4,Keke (Tricycle),Paved,Clear,Low,Parcel,3,1.9,6.5,Evening,Sunday,True,Strong,147.2
ORD11829,Birnin Kebbi Hub,Kamba,128.3,Motorcycle,Paved,Clear,Low,Documents,0,0.7,1.2,Midday,Wednesday,False,Strong,155.8
ORD11830,Birnin Kebbi Hub,Yauri,160.0,Van,Paved,Clear,High,Food,0,1.6,7.5,Afternoon,Friday,False,Strong,291.7
ORD11831,Birnin Kebbi Hub,Argungu,68.6,Keke (Tricycle),Unpaved,Clear,Low,Food,1,1.3,0.5,Midday,Wednesday,False,Strong,224.3
ORD11832,Birnin Kebbi Hub,Jega,46.4,Motorcycle,Unpaved,Rain,Low,Parcel,0,0.6,2.7,Afternoon,Thursday,False,Strong,151.9
ORD11833,Birnin Kebbi Hub,Birnin Kebbi,4.4,Motorcycle,Paved,Rain,Low,Documents,0,1.3,1.0,Evening,Sunday,True,Weak,24.7
ORD11834,Birnin Kebbi Hub,Aliero,43.6,Van,Unpaved,Rain,Low,Food,0,17.7,5.0,Morning,Saturday,True,Strong,140.7
ORD11835,Birnin Kebbi Hub,Kamba,133.7,Motorcycle,Paved,Clear,Low,Parcel,0,7.6,2.7,Evening,Saturday,True,Strong,162.2
ORD11836,Birnin Kebbi Hub,Zuru,211.9,Motorcycle,Unpaved,Clear,Low,Bulk Goods,1,33.5,0.5,Morning,Sunday,True,Strong,463.7
ORD11837,Birnin Kebbi Hub,Birnin Kebbi,1.6,Motorcycle,Paved,Harmattan Dust,High,Food,1,14.0,0.6,Evening,Friday,False,Weak,23.6
ORD11838,Birnin Kebbi Hub,Yauri,167.8,Keke (Tricycle),Unpaved,Harmattan Dust,Medium,Food,1,2.5,0.6,Afternoon,Saturday,True,Strong,842.4
ORD11839,Birnin Kebbi Hub,Jega,54.7,Motorcycle,Paved,Clear,Medium,Food,2,3.5,1.2,Morning,Wednesday,False,Strong,100.5
ORD11840,Birnin Kebbi Hub,Aliero,24.8,Keke (Tricycle),Paved,Rain,Low,Documents,0,8.2,2.7,Afternoon,Friday,False,No Signal,88.5
ORD11841,Birnin Kebbi Hub,Argungu,62.7,Motorcycle,Unpaved,Clear,Low,Bulk Goods,3,42.2,1.7,Evening,Saturday,True,Weak,184.4
ORD11842,Birnin Kebbi Hub,Birnin Kebbi,3.8,Van,Paved,Harmattan Dust,Medium,Parcel,1,0.2,3.0,Evening,Saturday,True,Weak,23.7
ORD11843,Birnin Kebbi Hub,Kamba,143.2,Keke (Tricycle),Paved,Clear,Low,Documents,2,3.8,2.6,Midday,Monday,False,Strong,263.8
ORD11844,Birnin Kebbi Hub,Yauri,108.9,Motorcycle,Paved,Clear,High,Bulk Goods,0,57.8,2.5,Morning,Wednesday,False,Strong,256.3
ORD11845,Birnin Kebbi Hub,Zuru,171.6,Motorcycle,Unpaved,Clear,High,Parcel,0,6.1,0.6,Afternoon,Saturday,True,Weak,644.1
ORD11846,Birnin Kebbi Hub,Zuru,201.8,Motorcycle,Paved,Harmattan Dust,Low,Parcel,0,3.2,4.9,Midday,Tuesday,False,Weak,272.8
ORD11847,Birnin Kebbi Hub,Bunza,51.4,Motorcycle,Unpaved,Clear,High,Food,4,1.0,3.8,Morning,Wednesday,False,No Signal,218.9
ORD11848,Birnin Kebbi Hub,Birnin Kebbi,2.4,Keke (Tricycle),Paved,Harmattan Dust,High,Bulk Goods,0,23.3,2.8,Midday,Friday,False,Strong,22.9
ORD11849,Birnin Kebbi Hub,Yauri,142.2,Keke (Tricycle),Paved,Clear,Medium,Food,0,6.0,4.1,Midday,Monday,False,Strong,305.1
ORD11850,Birnin Kebbi Hub,Kamba,134.1,Motorcycle,Paved,Clear,Medium,Parcel,1,2.1,2.9,Morning,Saturday,True,Weak,208.5
ORD11851,Birnin Kebbi Hub,Yauri,170.8,Van,Paved,Clear,High,Food,0,6.3,1.4,Afternoon,Friday,False,Weak,336.3
ORD11852,Birnin Kebbi Hub,Bunza,46.4,Van,Unpaved,Clear,Low,Parcel,2,1.0,1.3,Morning,Sunday,True,Weak,129.1
ORD11853,Birnin Kebbi Hub,Birnin Kebbi,8.6,Motorcycle,Paved,Clear,High,Parcel,0,1.8,4.4,Evening,Saturday,True,No Signal,31.7
ORD11854,Birnin Kebbi Hub,Bunza,48.5,Keke (Tricycle),Paved,Harmattan Dust,Low,Bulk Goods,0,39.7,1.3,Afternoon,Saturday,True,No Signal,157.6
ORD11855,Birnin Kebbi Hub,Aliero,34.6,Motorcycle,Paved,Rain,Medium,Food,0,11.6,5.9,Evening,Tuesday,False,Strong,88.3
ORD11856,Birnin Kebbi Hub,Birnin Kebbi,8.4,Motorcycle,Paved,Clear,Medium,Parcel,0,1.1,6.2,Midday,Thursday,False,Weak,21.2
ORD11857,Birnin Kebbi Hub,Birnin Kebbi,4.0,Motorcycle,Paved,Clear,High,Parcel,0,2.9,4.8,Midday,Sunday,True,Strong,27.6
ORD11858,Birnin Kebbi Hub,Bunza,45.0,Motorcycle,Paved,Clear,High,Parcel,1,1.3,0.8,Morning,Friday,False,No Signal,119.7
ORD11859,Birnin Kebbi Hub,Birnin Kebbi,4.4,Motorcycle,Paved,Harmattan Dust,Medium,Parcel,0,8.8,1.9,Afternoon,Wednesday,False,No Signal,13.8
ORD11860,Birnin Kebbi Hub,Kamba,122.1,Motorcycle,Unpaved,Clear,Low,Documents,0,5.1,2.3,Morning,Tuesday,False,Strong,262.6
ORD11861,Birnin Kebbi Hub,Birnin Kebbi,5.6,Motorcycle,Paved,Clear,Medium,Parcel,0,0.8,0.3,Morning,Thursday,False,Strong,25.3
ORD11862,Birnin Kebbi Hub,Aliero,35.8,Keke (Tricycle),Paved,Clear,Low,Food,0,4.2,1.0,Midday,Tuesday,False,Weak,80.9
ORD11863,Birnin Kebbi Hub,Birnin Kebbi,8.5,Van,Unpaved,Rain,Medium,Food,0,0.2,3.6,Morning,Friday,False,Strong,39.5
ORD11864,Birnin Kebbi Hub,Birnin Kebbi,7.2,Motorcycle,Paved,Clear,High,Parcel,0,8.8,1.5,Midday,Sunday,True,Weak,40.1
ORD11865,Birnin Kebbi Hub,Yauri,184.0,Keke (Tricycle),Unpaved,Harmattan Dust,Low,Food,0,6.7,0.6,Morning,Tuesday,False,Strong,731.8
ORD11866,Birnin Kebbi Hub,Aliero,29.3,Keke (Tricycle),Unpaved,Clear,High,Food,0,1.3,6.2,Morning,Saturday,True,No Signal,184.7
ORD11867,Birnin Kebbi Hub,Jega,66.9,Keke (Tricycle),Unpaved,Clear,Low,Bulk Goods,0,15.1,0.6,Afternoon,Saturday,True,Weak,242.5
ORD11868,Birnin Kebbi Hub,Birnin Kebbi,5.2,Motorcycle,Paved,Harmattan Dust,Medium,Parcel,0,1.8,1.7,Afternoon,Saturday,True,Strong,28.0
ORD11869,Birnin Kebbi Hub,Yauri,150.6,Truck,Paved,Clear,Medium,Bulk Goods,2,28.6,3.5,Midday,Friday,False,Strong,288.2
ORD11870,Birnin Kebbi Hub,Zuru,184.2,Motorcycle,Paved,Clear,Medium,Documents,0,1.1,0.9,Morning,Sunday,True,Weak,277.4
ORD11871,Birnin Kebbi Hub,Bunza,46.7,Motorcycle,Paved,Clear,Medium,Parcel,3,4.4,1.1,Afternoon,Wednesday,False,Strong,83.7
ORD11872,Birnin Kebbi Hub,Zuru,194.6,Keke (Tricycle),Paved,Clear,Low,Parcel,0,1.6,4.1,Afternoon,Friday,False,Weak,351.7
ORD11873,Birnin Kebbi Hub,Yauri,152.7,Keke (Tricycle),Paved,Rain,Medium,Food,0,5.5,2.0,Midday,Sunday,True,Weak,525.2
ORD11874,Birnin Kebbi Hub,Yauri,168.0,Van,Paved,Clear,Medium,Food,0,3.6,1.8,Morning,Saturday,True,Strong,234.1
ORD11875,Birnin Kebbi Hub,Bunza,46.2,Van,Paved,Rain,Low,Documents,0,0.2,0.5,Evening,Saturday,True,Weak,92.4
ORD11876,Birnin Kebbi Hub,Jega,44.8,Motorcycle,Paved,Clear,Medium,Parcel,3,2.9,0.9,Morning,Saturday,True,Weak,90.8
ORD11877,Birnin Kebbi Hub,Birnin Kebbi,8.8,Motorcycle,Paved,Clear,Low,Food,0,2.3,3.0,Midday,Tuesday,False,Strong,14.6
ORD11878,Birnin Kebbi Hub,Birnin Kebbi,6.7,Keke (Tricycle),Paved,Harmattan Dust,High,Documents,1,5.1,1.4,Midday,Tuesday,False,Weak,45.2
ORD11879,Birnin Kebbi Hub,Jega,51.6,Motorcycle,Paved,Clear,Low,Bulk Goods,3,36.2,5.0,Midday,Sunday,True,No Signal,110.7
ORD11880,Birnin Kebbi Hub,Birnin Kebbi,4.2,Van,Paved,Rain,Low,Food,0,1.4,0.2,Midday,Sunday,True,Strong,19.9
ORD11881,Birnin Kebbi Hub,Birnin Kebbi,6.0,Motorcycle,Paved,Rain,Medium,Parcel,2,4.9,1.3,Morning,Tuesday,False,Strong,42.3
ORD11882,Birnin Kebbi Hub,Birnin Kebbi,4.0,Truck,Paved,Clear,Medium,Food,1,3.4,1.3,Evening,Monday,False,Strong,18.7
ORD11883,Birnin Kebbi Hub,Zuru,182.1,Motorcycle,Paved,Clear,Low,Food,0,0.2,2.4,Afternoon,Wednesday,False,Strong,214.3
ORD11884,Birnin Kebbi Hub,Jega,52.7,Motorcycle,Paved,Harmattan Dust,Medium,Parcel,2,0.6,0.7,Morning,Monday,False,Weak,109.6
ORD11885,Birnin Kebbi Hub,Argungu,59.5,Motorcycle,Unpaved,Harmattan Dust,High,Documents,0,4.5,2.3,Midday,Wednesday,False,Strong,271.7
ORD11886,Birnin Kebbi Hub,Birnin Kebbi,5.4,Truck,Paved,Harmattan Dust,Low,Parcel,1,3.0,0.8,Evening,Saturday,True,Strong,32.7
ORD11887,Birnin Kebbi Hub,Jega,56.8,Motorcycle,Paved,Clear,Low,Documents,0,1.8,3.3,Midday,Thursday,False,Strong,69.5
ORD11888,Birnin Kebbi Hub,Birnin Kebbi,1.5,Keke (Tricycle),Paved,Clear,Medium,Parcel,0,11.8,1.1,Morning,Tuesday,False,Strong,40.8
ORD11889,Birnin Kebbi Hub,Jega,53.0,Keke (Tricycle),Paved,Rain,High,Documents,3,1.5,2.4,Evening,Sunday,True,Strong,292.2
ORD11890,Birnin Kebbi Hub,Birnin Kebbi,5.7,Motorcycle,Paved,Clear,Medium,Parcel,0,7.1,6.8,Evening,Monday,False,No Signal,14.0
ORD11891,Birnin Kebbi Hub,Kamba,125.7,Motorcycle,Unpaved,Harmattan Dust,Medium,Bulk Goods,0,21.8,2.7,Midday,Friday,False,No Signal,412.6
ORD11892,Birnin Kebbi Hub,Kamba,150.1,Van,Paved,Clear,Low,Parcel,1,2.2,0.3,Evening,Sunday,True,Strong,171.3
ORD11893,Birnin Kebbi Hub,Jega,62.7,Keke (Tricycle),Unpaved,Clear,Low,Documents,0,4.0,3.3,Midday,Wednesday,False,Strong,205.7
ORD11894,Birnin Kebbi Hub,Argungu,68.9,Motorcycle,Paved,Harmattan Dust,Medium,Bulk Goods,2,34.3,3.5,Morning,Sunday,True,Strong,153.5
ORD11895,Birnin Kebbi Hub,Argungu,59.4,Motorcycle,Paved,Rain,Low,Bulk Goods,0,45.9,7.2,Morning,Monday,False,Strong,149.5
ORD11896,Birnin Kebbi Hub,Argungu,61.3,Keke (Tricycle),Paved,Rain,Low,Parcel,1,1.6,3.0,Evening,Sunday,True,Weak,183.1
ORD11897,Birnin Kebbi Hub,Birnin Kebbi,4.2,Motorcycle,Paved,Clear,High,Parcel,0,1.2,0.8,Midday,Thursday,False,Weak,29.7
ORD11898,Birnin Kebbi Hub,Birnin Kebbi,1.9,Motorcycle,Unpaved,Clear,High,Parcel,1,3.2,6.3,Morning,Saturday,True,Weak,27.5
ORD11899,Birnin Kebbi Hub,Zuru,155.7,Truck,Unpaved,Clear,Medium,Parcel,1,0.8,4.2,Evening,Tuesday,False,Strong,500.4
ORD11900,Birnin Kebbi Hub,Birnin Kebbi,7.5,Van,Paved,Clear,Low,Parcel,0,8.2,4.5,Morning,Wednesday,False,Weak,23.3
ORD11901,Birnin Kebbi Hub,Birnin Kebbi,4.5,Keke (Tricycle),Paved,Clear,Medium,Parcel,0,2.1,2.1,Morning,Sunday,True,Strong,30.0
ORD11902,Birnin Kebbi Hub,Bunza,37.7,Keke (Tricycle),Paved,Clear,Medium,Food,2,1.0,1.5,Afternoon,Thursday,False,No Signal,118.3
ORD11903,Birnin Kebbi Hub,Birnin Kebbi,2.4,Truck,Paved,Clear,Medium,Food,1,5.2,1.2,Morning,Saturday,True,No Signal,48.6
ORD11904,Birnin Kebbi Hub,Argungu,69.7,Motorcycle,Unpaved,Clear,Low,Food,0,1.5,0.7,Afternoon,Sunday,True,Strong,156.4
ORD11905,Birnin Kebbi Hub,Kamba,130.3,Motorcycle,Paved,Rain,Low,Food,0,2.2,2.9,Midday,Sunday,True,Strong,230.9
ORD11906,Birnin Kebbi Hub,Jega,45.2,Motorcycle,Unpaved,Clear,Low,Food,3,1.3,0.9,Midday,Sunday,True,Strong,117.3
ORD11907,Birnin Kebbi Hub,Jega,45.5,Motorcycle,Unpaved,Harmattan Dust,Medium,Food,0,5.3,1.6,Midday,Thursday,False,Weak,160.1
ORD11908,Birnin Kebbi Hub,Birnin Kebbi,9.5,Motorcycle,Unpaved,Clear,Medium,Food,1,8.9,5.9,Midday,Tuesday,False,Strong,37.2
ORD11909,Birnin Kebbi Hub,Aliero,32.5,Motorcycle,Paved,Clear,Low,Bulk Goods,1,29.9,3.7,Midday,Friday,False,Strong,50.8
ORD11910,Birnin Kebbi Hub,Zuru,183.8,Keke (Tricycle),Paved,Clear,Low,Documents,2,7.4,9.8,Afternoon,Sunday,True,Strong,337.5
ORD11911,Birnin Kebbi Hub,Birnin Kebbi,6.9,Van,Paved,Clear,Medium,Parcel,0,3.7,3.4,Morning,Thursday,False,No Signal,30.3
ORD11912,Birnin Kebbi Hub,Zuru,188.4,Motorcycle,Paved,Clear,High,Food,2,1.6,3.9,Midday,Friday,False,No Signal,397.3
ORD11913,Birnin Kebbi Hub,Birnin Kebbi,7.0,Motorcycle,Paved,Clear,High,Parcel,0,3.4,1.5,Morning,Saturday,True,Strong,31.0
ORD11914,Birnin Kebbi Hub,Kamba,149.8,Keke (Tricycle),Paved,Clear,High,Parcel,1,4.2,0.8,Afternoon,Monday,False,Weak,490.3
ORD11915,Birnin Kebbi Hub,Jega,62.3,Motorcycle,Paved,Rain,Low,Documents,2,1.9,3.1,Evening,Friday,False,No Signal,130.5
ORD11916,Birnin Kebbi Hub,Bunza,52.0,Keke (Tricycle),Unpaved,Harmattan Dust,Medium,Documents,2,1.2,5.2,Evening,Saturday,True,Strong,284.6
ORD11917,Birnin Kebbi Hub,Birnin Kebbi,2.4,Keke (Tricycle),Paved,Clear,High,Parcel,0,2.4,3.8,Afternoon,Tuesday,False,Strong,27.6
ORD11918,Birnin Kebbi Hub,Bunza,45.1,Keke (Tricycle),Unpaved,Clear,Low,Bulk Goods,0,40.6,3.7,Afternoon,Wednesday,False,Strong,164.8
ORD11919,Birnin Kebbi Hub,Kamba,145.5,Keke (Tricycle),Paved,Clear,Medium,Parcel,0,5.4,0.6,Evening,Thursday,False,No Signal,324.9
ORD11920,Birnin Kebbi Hub,Argungu,75.2,Keke (Tricycle),Paved,Clear,Medium,Food,1,3.2,1.6,Evening,Monday,False,Weak,172.3
ORD11921,Birnin Kebbi Hub,Argungu,60.3,Motorcycle,Paved,Rain,Low,Parcel,1,8.3,0.8,Evening,Saturday,True,Weak,125.1
ORD11922,Birnin Kebbi Hub,Birnin Kebbi,8.7,Motorcycle,Paved,Clear,Medium,Parcel,3,3.3,3.0,Midday,Saturday,True,Strong,39.9
ORD11923,Birnin Kebbi Hub,Kamba,125.9,Motorcycle,Unpaved,Rain,Low,Food,2,1.6,1.7,Morning,Sunday,True,No Signal,415.3
ORD11924,Birnin Kebbi Hub,Bunza,40.0,Van,Paved,Harmattan Dust,High,Parcel,0,11.9,0.6,Midday,Tuesday,False,Weak,105.2
ORD11925,Birnin Kebbi Hub,Jega,62.0,Keke (Tricycle),Unpaved,Rain,Low,Parcel,0,3.9,2.5,Midday,Monday,False,Strong,303.2
ORD11926,Birnin Kebbi Hub,Zuru,172.2,Van,Paved,Clear,High,Parcel,3,1.3,1.2,Morning,Saturday,True,No Signal,361.9
ORD11927,Birnin Kebbi Hub,Aliero,35.6,Keke (Tricycle),Paved,Harmattan Dust,Low,Food,2,4.3,2.4,Midday,Wednesday,False,Weak,101.2
ORD11928,Birnin Kebbi Hub,Kamba,153.3,Van,Paved,Clear,Medium,Parcel,0,1.4,3.5,Afternoon,Thursday,False,Weak,206.3
ORD11929,Birnin Kebbi Hub,Birnin Kebbi,4.5,Van,Paved,Clear,Low,Food,1,6.5,1.8,Morning,Sunday,True,Strong,33.4
ORD11930,Birnin Kebbi Hub,Birnin Kebbi,4.6,Motorcycle,Paved,Harmattan Dust,Low,Parcel,0,2.5,4.8,Midday,Monday,False,Strong,20.3
ORD11931,Birnin Kebbi Hub,Bunza,41.8,Motorcycle,Paved,Harmattan Dust,Low,Documents,1,6.4,4.5,Afternoon,Saturday,True,Strong,68.5
ORD11932,Birnin Kebbi Hub,Zuru,187.8,Motorcycle,Paved,Clear,High,Bulk Goods,4,13.6,4.5,Midday,Thursday,False,Strong,394.1
ORD11933,Birnin Kebbi Hub,Bunza,35.5,Keke (Tricycle),Paved,Rain,Medium,Parcel,0,3.5,0.8,Morning,Saturday,True,Strong,123.4
ORD11934,Birnin Kebbi Hub,Bunza,47.2,Motorcycle,Paved,Clear,Medium,Food,0,8.8,0.5,Morning,Thursday,False,Strong,90.9
ORD11935,Birnin Kebbi Hub,Yauri,173.8,Van,Paved,Clear,Low,Parcel,0,6.5,0.9,Midday,Friday,False,Weak,170.0
ORD11936,Birnin Kebbi Hub,Birnin Kebbi,5.6,Keke (Tricycle),Paved,Clear,Low,Food,1,3.8,1.0,Evening,Saturday,True,Strong,25.2
ORD11937,Birnin Kebbi Hub,Kamba,131.7,Keke (Tricycle),Paved,Clear,Medium,Documents,4,0.2,4.6,Evening,Wednesday,False,Strong,298.7
ORD11938,Birnin Kebbi Hub,Birnin Kebbi,6.7,Keke (Tricycle),Unpaved,Clear,Low,Bulk Goods,1,23.1,2.2,Evening,Thursday,False,Strong,43.8
ORD11939,Birnin Kebbi Hub,Bunza,45.0,Keke (Tricycle),Paved,Rain,High,Food,0,1.1,1.5,Midday,Wednesday,False,Weak,215.9
ORD11940,Birnin Kebbi Hub,Birnin Kebbi,2.6,Keke (Tricycle),Paved,Clear,Low,Parcel,3,15.7,3.6,Morning,Saturday,True,Weak,47.6
ORD11941,Birnin Kebbi Hub,Kamba,162.7,Van,Unpaved,Clear,Medium,Bulk Goods,0,29.8,4.5,Afternoon,Wednesday,False,Strong,372.4
ORD11942,Birnin Kebbi Hub,Birnin Kebbi,4.5,Van,Paved,Clear,Low,Parcel,1,8.5,0.7,Morning,Thursday,False,Weak,32.8
ORD11943,Birnin Kebbi Hub,Aliero,44.2,Keke (Tricycle),Unpaved,Rain,Medium,Food,1,4.8,5.7,Morning,Monday,False,Strong,287.2
ORD11944,Birnin Kebbi Hub,Bunza,48.1,Van,Paved,Clear,Low,Bulk Goods,4,17.2,3.0,Morning,Wednesday,False,Weak,91.5
ORD11945,Birnin Kebbi Hub,Zuru,166.0,Van,Paved,Rain,Low,Documents,0,4.7,0.5,Evening,Sunday,True,Weak,270.7
ORD11946,Birnin Kebbi Hub,Argungu,56.8,Keke (Tricycle),Paved,Rain,High,Parcel,0,2.9,0.6,Midday,Tuesday,False,Strong,287.2
ORD11947,Birnin Kebbi Hub,Yauri,154.6,Motorcycle,Unpaved,Clear,Medium,Parcel,2,0.3,0.7,Evening,Monday,False,Strong,398.8
ORD11948,Birnin Kebbi Hub,Jega,54.8,Keke (Tricycle),Paved,Clear,Medium,Parcel,0,2.9,0.9,Morning,Tuesday,False,Strong,141.1
ORD11949,Birnin Kebbi Hub,Bunza,39.0,Keke (Tricycle),Unpaved,Clear,Medium,Documents,1,1.2,4.7,Evening,Thursday,False,Weak,163.9
ORD11950,Birnin Kebbi Hub,Birnin Kebbi,6.3,Van,Paved,Harmattan Dust,Low,Documents,1,3.5,0.9,Afternoon,Saturday,True,Strong,32.7
ORD11951,Birnin Kebbi Hub,Bunza,47.4,Motorcycle,Unpaved,Clear,Medium,Parcel,0,7.6,1.5,Evening,Thursday,False,Weak,133.8
ORD11952,Birnin Kebbi Hub,Zuru,192.3,Keke (Tricycle),Unpaved,Clear,Medium,Food,1,7.8,1.0,Afternoon,Monday,False,Weak,781.8
ORD11953,Birnin Kebbi Hub,Yauri,170.5,Motorcycle,Unpaved,Clear,Low,Documents,1,1.5,4.4,Evening,Wednesday,False,Strong,353.2
ORD11954,Birnin Kebbi Hub,Argungu,63.5,Motorcycle,Paved,Clear,Medium,Parcel,2,1.0,0.9,Evening,Sunday,True,Weak,112.6
ORD11955,Birnin Kebbi Hub,Jega,60.5,Motorcycle,Paved,Rain,Medium,Bulk Goods,3,21.6,3.2,Evening,Thursday,False,Strong,169.8
ORD11956,Birnin Kebbi Hub,Bunza,51.0,Keke (Tricycle),Unpaved,Harmattan Dust,Low,Food,4,2.0,1.0,Evening,Thursday,False,Strong,234.0
ORD11957,Birnin Kebbi Hub,Argungu,68.1,Motorcycle,Paved,Harmattan Dust,High,Bulk Goods,0,14.9,2.0,Evening,Saturday,True,Strong,186.0
ORD11958,Birnin Kebbi Hub,Birnin Kebbi,3.7,Van,Paved,Harmattan Dust,Medium,Food,1,2.9,8.8,Afternoon,Wednesday,False,Strong,22.7
ORD11959,Birnin Kebbi Hub,Birnin Kebbi,1.8,Keke (Tricycle),Paved,Clear,Low,Food,1,1.9,3.6,Morning,Thursday,False,Strong,29.1
ORD11960,Birnin Kebbi Hub,Kamba,151.2,Keke (Tricycle),Paved,Harmattan Dust,Low,Parcel,1,0.8,1.9,Evening,Friday,False,Strong,343.1
ORD11961,Birnin Kebbi Hub,Birnin Kebbi,5.9,Truck,Paved,Clear,Low,Parcel,0,0.3,0.4,Midday,Tuesday,False,Strong,12.5
ORD11962,Birnin Kebbi Hub,Zuru,186.4,Van,Paved,Harmattan Dust,Low,Food,3,10.1,4.9,Midday,Saturday,True,Weak,269.0
ORD11963,Birnin Kebbi Hub,Birnin Kebbi,3.8,Keke (Tricycle),Paved,Harmattan Dust,Low,Parcel,1,3.5,1.3,Midday,Friday,False,Weak,27.8
ORD11964,Birnin Kebbi Hub,Zuru,199.3,Van,Unpaved,Rain,Medium,Parcel,1,7.4,3.3,Afternoon,Monday,False,Weak,720.2
ORD11965,Birnin Kebbi Hub,Argungu,64.5,Van,Unpaved,Clear,High,Parcel,1,0.6,5.0,Midday,Monday,False,Weak,236.5
ORD11966,Birnin Kebbi Hub,Birnin Kebbi,7.5,Motorcycle,Unpaved,Clear,Medium,Food,0,1.1,1.3,Morning,Sunday,True,Weak,45.1
ORD11967,Birnin Kebbi Hub,Kamba,133.5,Keke (Tricycle),Unpaved,Clear,Medium,Parcel,1,3.2,6.0,Midday,Saturday,True,Strong,531.2
ORD11968,Birnin Kebbi Hub,Argungu,64.4,Motorcycle,Paved,Clear,High,Parcel,1,4.4,2.7,Morning,Friday,False,Weak,162.8
ORD11969,Birnin Kebbi Hub,Birnin Kebbi,7.1,Motorcycle,Paved,Clear,Low,Food,2,4.3,2.3,Morning,Saturday,True,Weak,49.2
ORD11970,Birnin Kebbi Hub,Bunza,49.2,Keke (Tricycle),Unpaved,Rain,Low,Food,0,0.2,1.6,Morning,Monday,False,Strong,256.7
ORD11971,Birnin Kebbi Hub,Zuru,144.8,Truck,Unpaved,Clear,High,Food,3,7.4,3.1,Afternoon,Thursday,False,Weak,692.0
ORD11972,Birnin Kebbi Hub,Birnin Kebbi,5.2,Motorcycle,Paved,Clear,High,Parcel,0,5.1,1.4,Afternoon,Friday,False,Strong,33.2
ORD11973,Birnin Kebbi Hub,Birnin Kebbi,8.0,Keke (Tricycle),Paved,Clear,Low,Food,1,10.5,3.2,Midday,Friday,False,No Signal,38.5
ORD11974,Birnin Kebbi Hub,Argungu,64.0,Keke (Tricycle),Paved,Clear,High,Parcel,0,5.8,1.7,Midday,Monday,False,Strong,215.5
ORD11975,Birnin Kebbi Hub,Birnin Kebbi,5.6,Motorcycle,Paved,Clear,Low,Parcel,0,1.0,2.0,Midday,Saturday,True,Weak,22.9
ORD11976,Birnin Kebbi Hub,Zuru,171.2,Motorcycle,Unpaved,Clear,Low,Parcel,0,2.0,3.0,Morning,Sunday,True,Weak,359.6
ORD11977,Birnin Kebbi Hub,Birnin Kebbi,5.9,Truck,Unpaved,Clear,Low,Parcel,1,4.7,4.3,Afternoon,Thursday,False,Strong,27.2
ORD11978,Birnin Kebbi Hub,Kamba,139.2,Motorcycle,Unpaved,Clear,Low,Food,0,0.7,0.8,Midday,Thursday,False,Weak,301.2
ORD11979,Birnin Kebbi Hub,Yauri,155.9,Keke (Tricycle),Paved,Rain,Low,Parcel,0,0.3,9.2,Morning,Sunday,True,Strong,430.0
ORD11980,Birnin Kebbi Hub,Birnin Kebbi,7.0,Motorcycle,Paved,Clear,Medium,Food,0,2.4,3.5,Morning,Wednesday,False,Strong,29.5
ORD11981,Birnin Kebbi Hub,Argungu,75.4,Van,Paved,Rain,High,Parcel,0,2.5,1.0,Midday,Wednesday,False,Weak,223.3
ORD11982,Birnin Kebbi Hub,Bunza,37.7,Van,Unpaved,Harmattan Dust,Low,Food,0,13.6,1.7,Evening,Saturday,True,Strong,107.3
ORD11983,Birnin Kebbi Hub,Zuru,195.0,Motorcycle,Unpaved,Harmattan Dust,High,Parcel,0,6.9,1.9,Evening,Friday,False,Weak,900.7
ORD11984,Birnin Kebbi Hub,Bunza,47.1,Truck,Paved,Clear,Low,Parcel,1,4.9,2.6,Evening,Thursday,False,Weak,82.2
ORD11985,Birnin Kebbi Hub,Argungu,69.8,Keke (Tricycle),Paved,Rain,Low,Parcel,0,11.2,5.4,Morning,Monday,False,Strong,206.4
ORD11986,Birnin Kebbi Hub,Kamba,165.0,Motorcycle,Paved,Clear,High,Parcel,0,3.7,3.4,Evening,Saturday,True,No Signal,340.0
ORD11987,Birnin Kebbi Hub,Argungu,62.5,Van,Unpaved,Rain,High,Documents,0,6.9,1.7,Afternoon,Friday,False,Weak,334.5
ORD11988,Birnin Kebbi Hub,Aliero,37.9,Keke (Tricycle),Paved,Harmattan Dust,Medium,Documents,0,3.5,2.7,Morning,Saturday,True,Weak,131.6
ORD11989,Birnin Kebbi Hub,Birnin Kebbi,5.2,Keke (Tricycle),Paved,Harmattan Dust,Low,Parcel,2,2.5,1.2,Evening,Thursday,False,Strong,23.2
ORD11990,Birnin Kebbi Hub,Jega,48.5,Van,Paved,Rain,Medium,Parcel,1,3.6,3.8,Afternoon,Thursday,False,No Signal,127.8
ORD11991,Birnin Kebbi Hub,Yauri,166.9,Motorcycle,Paved,Clear,Low,Documents,0,0.2,3.9,Afternoon,Saturday,True,Strong,194.1
ORD11992,Birnin Kebbi Hub,Bunza,46.3,Motorcycle,Paved,Clear,Low,Parcel,0,1.6,1.8,Midday,Wednesday,False,Strong,60.0
ORD11993,Birnin Kebbi Hub,Jega,53.7,Motorcycle,Paved,Harmattan Dust,High,Parcel,3,9.4,1.9,Evening,Friday,False,No Signal,164.7
ORD11994,Birnin Kebbi Hub,Argungu,67.6,Keke (Tricycle),Unpaved,Clear,Low,Food,0,1.4,3.6,Midday,Saturday,True,Weak,221.2
ORD11995,Birnin Kebbi Hub,Birnin Kebbi,2.8,Van,Paved,Harmattan Dust,Low,Parcel,1,2.2,1.9,Afternoon,Friday,False,Strong,31.8
ORD11996,Birnin Kebbi Hub,Birnin Kebbi,2.9,Keke (Tricycle),Paved,Clear,Low,Food,1,7.6,1.4,Midday,Sunday,True,Strong,21.5
ORD11997,Birnin Kebbi Hub,Kamba,130.2,Keke (Tricycle),Paved,Rain,Medium,Bulk Goods,2,29.8,5.6,Evening,Friday,False,Weak,472.4
ORD11998,Birnin Kebbi Hub,Birnin Kebbi,5.6,Motorcycle,Paved,Rain,Low,Food,0,4.0,0.7,Midday,Monday,False,Strong,19.7
ORD11999,Birnin Kebbi Hub,Birnin Kebbi,5.4,Motorcycle,Paved,Rain,Medium,Parcel,0,1.6,1.5,Morning,Tuesday,False,No Signal,41.2
ORD12000,Birnin Kebbi Hub,Bunza,45.9,Keke (Tricycle),Unpaved,Clear,Low,Parcel,0,12.6,4.0,Afternoon,Tuesday,False,No Signal,166.6
ORD12001,Birnin Kebbi Hub,Yauri,145.1,Keke (Tricycle),Paved,Clear,Medium,Food,2,3.8,1.5,Evening,Friday,False,Weak,348.4
ORD12002,Birnin Kebbi Hub,Argungu,59.6,Motorcycle,Paved,Clear,Low,Bulk Goods,0,22.6,2.7,Midday,Thursday,False,Strong,85.0
ORD12003,Birnin Kebbi Hub,Argungu,73.9,Motorcycle,Paved,Clear,Low,Documents,0,1.9,0.7,Afternoon,Wednesday,False,Weak,100.6
ORD12004,Birnin Kebbi Hub,Birnin Kebbi,7.6,Keke (Tricycle),Paved,Clear,High,Parcel,0,1.8,2.5,Midday,Monday,False,No Signal,31.6
ORD12005,Birnin Kebbi Hub,Birnin Kebbi,4.5,Keke (Tricycle),Paved,Clear,High,Parcel,4,1.2,1.5,Afternoon,Monday,False,Weak,61.0
ORD12006,Birnin Kebbi Hub,Jega,54.5,Motorcycle,Unpaved,Harmattan Dust,Low,Food,2,6.8,2.5,Afternoon,Thursday,False,Weak,171.8
ORD12007,Birnin Kebbi Hub,Argungu,62.8,Keke (Tricycle),Unpaved,Clear,Medium,Parcel,0,3.8,0.1,Afternoon,Thursday,False,Weak,263.8
ORD12008,Birnin Kebbi Hub,Bunza,40.8,Motorcycle,Paved,Clear,Medium,Parcel,2,3.3,3.8,Evening,Saturday,True,Weak,84.6
ORD12009,Birnin Kebbi Hub,Argungu,74.4,Keke (Tricycle),Paved,Clear,Medium,Parcel,3,2.7,1.8,Afternoon,Saturday,True,Strong,202.6
ORD12010,Birnin Kebbi Hub,Yauri,185.9,Truck,Unpaved,Harmattan Dust,Medium,Parcel,0,4.0,5.2,Evening,Tuesday,False,Strong,709.7
ORD12011,Birnin Kebbi Hub,Argungu,59.6,Keke (Tricycle),Paved,Clear,Low,Documents,0,7.6,0.7,Afternoon,Friday,False,Weak,125.2
ORD12012,Birnin Kebbi Hub,Zuru,193.3,Van,Paved,Rain,Medium,Bulk Goods,1,31.8,4.7,Morning,Monday,False,No Signal,395.8
ORD12013,Birnin Kebbi Hub,Jega,53.0,Motorcycle,Paved,Rain,High,Food,3,0.3,3.6,Evening,Wednesday,False,Strong,179.1
ORD12014,Birnin Kebbi Hub,Zuru,212.4,Keke (Tricycle),Paved,Clear,Low,Bulk Goods,0,33.8,2.0,Morning,Saturday,True,Weak,407.5
ORD12015,Birnin Kebbi Hub,Bunza,39.5,Keke (Tricycle),Unpaved,Rain,Low,Food,0,4.8,1.3,Midday,Sunday,True,Strong,199.5
ORD12016,Birnin Kebbi Hub,Bunza,57.9,Truck,Paved,Rain,Low,Documents,0,1.5,1.7,Midday,Friday,False,Strong,117.8
ORD12017,Birnin Kebbi Hub,Aliero,39.0,Keke (Tricycle),Paved,Clear,Low,Parcel,0,1.7,0.5,Evening,Monday,False,Strong,88.3
ORD12018,Birnin Kebbi Hub,Kamba,134.5,Keke (Tricycle),Paved,Clear,Low,Food,0,5.9,0.4,Midday,Tuesday,False,Weak,249.8
ORD12019,Birnin Kebbi Hub,Bunza,49.8,Keke (Tricycle),Paved,Rain,Medium,Bulk Goods,1,20.3,3.4,Evening,Thursday,False,Weak,176.8
ORD12020,Birnin Kebbi Hub,Zuru,147.7,Motorcycle,Paved,Clear,Medium,Parcel,0,7.5,0.6,Afternoon,Sunday,True,Strong,223.6
ORD12021,Birnin Kebbi Hub,Yauri,147.7,Keke (Tricycle),Paved,Clear,High,Food,2,0.7,3.0,Evening,Sunday,True,Strong,486.8
ORD12022,Birnin Kebbi Hub,Bunza,53.0,Keke (Tricycle),Unpaved,Rain,Low,Documents,0,5.1,2.6,Evening,Sunday,True,Strong,268.2
ORD12023,Birnin Kebbi Hub,Kamba,136.7,Keke (Tricycle),Paved,Clear,Medium,Documents,3,4.3,4.4,Morning,Saturday,True,Weak,331.4
ORD12024,Birnin Kebbi Hub,Bunza,53.5,Motorcycle,Paved,Harmattan Dust,Low,Food,4,6.2,5.5,Midday,Monday,False,Weak,93.9
ORD12025,Birnin Kebbi Hub,Bunza,48.2,Van,Unpaved,Rain,High,Parcel,0,1.1,1.7,Morning,Tuesday,False,Weak,254.5
ORD12026,Birnin Kebbi Hub,Birnin Kebbi,8.6,Motorcycle,Paved,Clear,Medium,Parcel,0,7.6,1.9,Afternoon,Tuesday,False,Strong,25.8
ORD12027,Birnin Kebbi Hub,Birnin Kebbi,2.6,Motorcycle,Paved,Rain,Low,Parcel,0,3.0,4.9,Afternoon,Wednesday,False,Strong,13.0
ORD12028,Birnin Kebbi Hub,Birnin Kebbi,4.6,Motorcycle,Paved,Clear,Low,Parcel,1,16.8,0.1,Morning,Sunday,True,Strong,42.8
ORD12029,Birnin Kebbi Hub,Aliero,27.7,Truck,Unpaved,Harmattan Dust,Low,Documents,0,2.0,1.1,Afternoon,Friday,False,Weak,103.1
ORD12030,Birnin Kebbi Hub,Birnin Kebbi,5.8,Motorcycle,Paved,Rain,High,Documents,0,15.2,7.0,Evening,Monday,False,Strong,40.2
ORD12031,Birnin Kebbi Hub,Kamba,142.2,Van,Paved,Clear,High,Documents,1,1.0,0.5,Midday,Monday,False,Weak,284.7
ORD12032,Birnin Kebbi Hub,Birnin Kebbi,3.6,Motorcycle,Paved,Clear,Low,Documents,0,6.4,5.0,Evening,Tuesday,False,Weak,20.0
ORD12033,Birnin Kebbi Hub,Birnin Kebbi,6.2,Motorcycle,Unpaved,Rain,Low,Parcel,2,0.5,5.3,Midday,Wednesday,False,Weak,35.6
ORD12034,Birnin Kebbi Hub,Yauri,213.6,Van,Paved,Harmattan Dust,Low,Bulk Goods,0,16.9,0.6,Morning,Saturday,True,Strong,285.2
ORD12035,Birnin Kebbi Hub,Kamba,115.6,Keke (Tricycle),Paved,Clear,Medium,Bulk Goods,0,33.6,0.8,Evening,Thursday,False,Weak,276.0
ORD12036,Birnin Kebbi Hub,Aliero,32.8,Motorcycle,Paved,Harmattan Dust,High,Food,0,5.3,1.5,Morning,Wednesday,False,Strong,108.9
ORD12037,Birnin Kebbi Hub,Birnin Kebbi,7.5,Motorcycle,Paved,Rain,Medium,Food,1,9.4,2.1,Afternoon,Wednesday,False,No Signal,48.8
ORD12038,Birnin Kebbi Hub,Zuru,163.6,Keke (Tricycle),Paved,Clear,Medium,Parcel,1,2.7,0.5,Evening,Tuesday,False,Weak,365.4
ORD12039,Birnin Kebbi Hub,Aliero,36.5,Motorcycle,Paved,Harmattan Dust,High,Bulk Goods,0,33.9,2.4,Midday,Thursday,False,Strong,116.6
ORD12040,Birnin Kebbi Hub,Bunza,47.3,Motorcycle,Paved,Clear,Medium,Parcel,2,0.2,1.9,Midday,Tuesday,False,Weak,92.6
ORD12041,Birnin Kebbi Hub,Bunza,42.3,Motorcycle,Paved,Clear,Low,Food,0,1.7,1.3,Evening,Friday,False,Strong,62.6
ORD12042,Birnin Kebbi Hub,Kamba,154.2,Motorcycle,Paved,Clear,High,Documents,0,13.5,0.3,Afternoon,Sunday,True,No Signal,343.8
ORD12043,Birnin Kebbi Hub,Jega,44.6,Keke (Tricycle),Paved,Rain,Medium,Food,2,6.3,5.9,Midday,Tuesday,False,No Signal,170.5
ORD12044,Birnin Kebbi Hub,Kamba,158.9,Van,Unpaved,Harmattan Dust,Low,Documents,0,9.0,3.0,Afternoon,Tuesday,False,Weak,372.4
ORD12045,Birnin Kebbi Hub,Birnin Kebbi,4.3,Motorcycle,Paved,Harmattan Dust,Medium,Food,1,5.6,5.8,Morning,Monday,False,Weak,32.3
ORD12046,Birnin Kebbi Hub,Argungu,70.0,Keke (Tricycle),Paved,Harmattan Dust,Low,Food,0,9.2,0.9,Afternoon,Sunday,True,Weak,172.2
ORD12047,Birnin Kebbi Hub,Jega,59.2,Motorcycle,Paved,Clear,Low,Food,0,3.3,3.5,Morning,Friday,False,Strong,81.6
ORD12048,Birnin Kebbi Hub,Kamba,121.2,Van,Unpaved,Harmattan Dust,Medium,Parcel,0,6.7,1.2,Morning,Tuesday,False,Weak,355.4
ORD12049,Birnin Kebbi Hub,Birnin Kebbi,3.7,Keke (Tricycle),Paved,Rain,Medium,Parcel,1,5.2,1.9,Midday,Monday,False,Strong,25.6
ORD12050,Birnin Kebbi Hub,Birnin Kebbi,5.3,Motorcycle,Unpaved,Clear,Low,Bulk Goods,2,46.4,3.7,Morning,Saturday,True,Strong,66.0
ORD12051,Birnin Kebbi Hub,Birnin Kebbi,6.8,Motorcycle,Paved,Clear,Low,Food,0,2.0,4.4,Evening,Tuesday,False,Strong,20.1
ORD12052,Birnin Kebbi Hub,Birnin Kebbi,3.0,Motorcycle,Unpaved,Clear,Low,Parcel,1,9.8,2.6,Morning,Thursday,False,Weak,32.7
ORD12053,Birnin Kebbi Hub,Birnin Kebbi,9.5,Keke (Tricycle),Paved,Clear,Low,Parcel,4,1.7,1.7,Afternoon,Wednesday,False,Strong,60.2
ORD12054,Birnin Kebbi Hub,Birnin Kebbi,4.5,Keke (Tricycle),Paved,Clear,Low,Parcel,1,19.0,1.9,Morning,Friday,False,Weak,31.8
ORD12055,Birnin Kebbi Hub,Zuru,189.4,Keke (Tricycle),Unpaved,Clear,Low,Food,0,0.2,1.3,Morning,Sunday,True,Weak,614.2
ORD12056,Birnin Kebbi Hub,Argungu,60.0,Van,Paved,Clear,Low,Documents,1,17.5,5.7,Afternoon,Sunday,True,Weak,81.7
ORD12057,Birnin Kebbi Hub,Birnin Kebbi,7.1,Motorcycle,Paved,Clear,Low,Parcel,1,0.3,12.0,Evening,Sunday,True,Strong,8.0
ORD12058,Birnin Kebbi Hub,Jega,59.2,Motorcycle,Paved,Clear,Low,Documents,1,5.9,4.7,Morning,Saturday,True,Strong,84.4
ORD12059,Birnin Kebbi Hub,Zuru,186.7,Motorcycle,Paved,Rain,High,Food,0,8.0,2.9,Morning,Friday,False,Strong,589.7
ORD12060,Birnin Kebbi Hub,Zuru,213.2,Motorcycle,Paved,Harmattan Dust,Low,Parcel,2,2.7,5.1,Evening,Saturday,True,Weak,312.1
ORD12061,Birnin Kebbi Hub,Birnin Kebbi,6.1,Van,Paved,Rain,Low,Parcel,0,11.9,2.3,Afternoon,Saturday,True,No Signal,37.3
ORD12062,Birnin Kebbi Hub,Birnin Kebbi,8.4,Motorcycle,Paved,Rain,Low,Food,2,7.7,4.5,Morning,Wednesday,False,Weak,46.2
ORD12063,Birnin Kebbi Hub,Kamba,158.8,Truck,Paved,Harmattan Dust,Low,Parcel,1,7.1,1.4,Midday,Sunday,True,Weak,291.6
ORD12064,Birnin Kebbi Hub,Birnin Kebbi,3.5,Keke (Tricycle),Paved,Clear,Medium,Food,0,3.8,3.1,Midday,Saturday,True,Weak,22.2
ORD12065,Birnin Kebbi Hub,Jega,53.8,Keke (Tricycle),Paved,Clear,Medium,Documents,2,2.0,0.7,Evening,Thursday,False,Weak,132.3
ORD12066,Birnin Kebbi Hub,Argungu,73.9,Van,Paved,Clear,Low,Bulk Goods,4,23.2,1.5,Evening,Sunday,True,Strong,122.0
ORD12067,Birnin Kebbi Hub,Birnin Kebbi,3.9,Motorcycle,Paved,Rain,Medium,Parcel,4,0.7,0.7,Morning,Wednesday,False,Strong,35.7
ORD12068,Birnin Kebbi Hub,Kamba,131.3,Motorcycle,Paved,Clear,High,Parcel,0,0.3,2.9,Evening,Sunday,True,Weak,269.0
ORD12069,Birnin Kebbi Hub,Aliero,22.4,Motorcycle,Paved,Clear,Low,Food,0,7.3,3.0,Afternoon,Thursday,False,Weak,51.5
ORD12070,Birnin Kebbi Hub,Birnin Kebbi,4.5,Keke (Tricycle),Paved,Rain,Low,Documents,0,1.0,4.6,Afternoon,Wednesday,False,Strong,23.7
ORD12071,Birnin Kebbi Hub,Birnin Kebbi,2.9,Motorcycle,Paved,Harmattan Dust,Medium,Parcel,0,1.5,0.8,Evening,Friday,False,Weak,8.3
ORD12072,Birnin Kebbi Hub,Aliero,34.2,Keke (Tricycle),Unpaved,Rain,Low,Parcel,0,0.6,0.7,Afternoon,Wednesday,False,Strong,177.9
ORD12073,Birnin Kebbi Hub,Birnin Kebbi,4.1,Keke (Tricycle),Paved,Harmattan Dust,Low,Documents,0,1.0,2.6,Afternoon,Thursday,False,Strong,23.7
ORD12074,Birnin Kebbi Hub,Birnin Kebbi,5.0,Motorcycle,Paved,Clear,Low,Documents,1,12.4,4.2,Morning,Tuesday,False,Strong,34.4
ORD12075,Birnin Kebbi Hub,Argungu,58.4,Van,Paved,Clear,Medium,Parcel,3,16.3,3.7,Afternoon,Saturday,True,Strong,125.1
ORD12076,Birnin Kebbi Hub,Birnin Kebbi,6.1,Motorcycle,Paved,Clear,High,Parcel,0,4.7,3.0,Evening,Monday,False,Weak,27.2
ORD12077,Birnin Kebbi Hub,Argungu,70.2,Motorcycle,Paved,Rain,Low,Bulk Goods,0,38.1,3.2,Evening,Monday,False,Weak,155.2
ORD12078,Birnin Kebbi Hub,Jega,51.4,Motorcycle,Paved,Rain,Medium,Bulk Goods,0,25.4,4.5,Midday,Friday,False,Weak,131.5
ORD12079,Birnin Kebbi Hub,Bunza,37.9,Motorcycle,Unpaved,Clear,Low,Food,0,0.5,1.8,Midday,Monday,False,Strong,80.4
ORD12080,Birnin Kebbi Hub,Argungu,47.8,Van,Paved,Harmattan Dust,Medium,Food,3,1.9,2.3,Afternoon,Saturday,True,No Signal,117.8
ORD12081,Birnin Kebbi Hub,Birnin Kebbi,6.0,Keke (Tricycle),Unpaved,Clear,Low,Parcel,0,5.3,2.2,Evening,Monday,False,Weak,26.5
ORD12082,Birnin Kebbi Hub,Argungu,60.0,Motorcycle,Paved,Clear,High,Food,1,1.4,3.7,Evening,Monday,False,Strong,123.6
ORD12083,Birnin Kebbi Hub,Aliero,32.4,Motorcycle,Paved,Clear,Low,Parcel,0,6.3,5.4,Morning,Saturday,True,Weak,51.3
ORD12084,Birnin Kebbi Hub,Zuru,148.2,Van,Unpaved,Harmattan Dust,Medium,Parcel,0,7.6,3.5,Morning,Wednesday,False,Weak,452.6
ORD12085,Birnin Kebbi Hub,Argungu,49.2,Motorcycle,Paved,Clear,Medium,Food,1,5.8,1.1,Morning,Thursday,False,Strong,85.1
ORD12086,Birnin Kebbi Hub,Kamba,122.6,Van,Paved,Rain,Medium,Food,4,6.8,2.3,Afternoon,Wednesday,False,Strong,295.1
ORD12087,Birnin Kebbi Hub,Birnin Kebbi,5.9,Keke (Tricycle),Paved,Harmattan Dust,High,Parcel,4,3.1,0.7,Evening,Monday,False,Weak,65.4
ORD12088,Birnin Kebbi Hub,Zuru,178.5,Motorcycle,Unpaved,Clear,Medium,Parcel,1,0.4,1.7,Afternoon,Sunday,True,Weak,466.7
ORD12089,Birnin Kebbi Hub,Jega,48.5,Keke (Tricycle),Paved,Harmattan Dust,Low,Food,0,1.2,5.5,Midday,Sunday,True,Weak,111.3
ORD12090,Birnin Kebbi Hub,Bunza,48.0,Keke (Tricycle),Paved,Clear,Medium,Documents,1,0.7,1.8,Midday,Friday,False,Weak,117.4
ORD12091,Birnin Kebbi Hub,Bunza,41.0,Motorcycle,Unpaved,Clear,Low,Parcel,1,0.9,3.0,Morning,Friday,False,Weak,101.4
ORD12092,Birnin Kebbi Hub,Kamba,143.9,Van,Paved,Clear,Low,Food,1,0.2,3.0,Midday,Thursday,False,Strong,154.8
ORD12093,Birnin Kebbi Hub,Argungu,62.4,Keke (Tricycle),Unpaved,Rain,High,Parcel,0,5.2,0.6,Evening,Friday,False,Strong,475.6
ORD12094,Birnin Kebbi Hub,Argungu,62.4,Motorcycle,Unpaved,Rain,Low,Food,3,3.1,2.2,Evening,Thursday,False,No Signal,225.4
ORD12095,Birnin Kebbi Hub,Argungu,57.2,Motorcycle,Paved,Rain,Low,Food,0,4.6,3.3,Morning,Wednesday,False,Strong,101.4
ORD12096,Birnin Kebbi Hub,Kamba,126.1,Motorcycle,Paved,Clear,High,Parcel,2,0.7,2.3,Midday,Thursday,False,Weak,263.0
ORD12097,Birnin Kebbi Hub,Argungu,55.1,Van,Unpaved,Clear,Low,Parcel,0,1.5,0.7,Morning,Wednesday,False,Strong,114.1
ORD12098,Birnin Kebbi Hub,Zuru,184.7,Motorcycle,Paved,Harmattan Dust,Low,Bulk Goods,0,30.5,3.1,Midday,Wednesday,False,No Signal,282.6
ORD12099,Birnin Kebbi Hub,Bunza,46.1,Motorcycle,Paved,Clear,High,Parcel,2,2.2,1.7,Morning,Sunday,True,No Signal,119.6
ORD12100,Birnin Kebbi Hub,Argungu,56.5,Van,Paved,Clear,Medium,Food,0,8.2,3.0,Evening,Saturday,True,Weak,83.8
ORD12101,Birnin Kebbi Hub,Birnin Kebbi,8.0,Van,Paved,Clear,Low,Bulk Goods,1,16.0,4.1,Morning,Thursday,False,Weak,39.0
ORD12102,Birnin Kebbi Hub,Birnin Kebbi,3.5,Keke (Tricycle),Paved,Harmattan Dust,Low,Bulk Goods,0,31.1,1.0,Morning,Monday,False,No Signal,44.6
ORD12103,Birnin Kebbi Hub,Bunza,29.8,Motorcycle,Paved,Clear,Medium,Food,2,1.5,1.3,Midday,Wednesday,False,Weak,57.8
ORD12104,Birnin Kebbi Hub,Kamba,148.5,Truck,Paved,Clear,Low,Documents,0,5.1,2.2,Afternoon,Sunday,True,Weak,228.3
ORD12105,Birnin Kebbi Hub,Zuru,168.6,Keke (Tricycle),Paved,Rain,Medium,Food,2,5.3,1.1,Evening,Wednesday,False,No Signal,583.8
ORD12106,Birnin Kebbi Hub,Jega,53.5,Motorcycle,Paved,Clear,Low,Bulk Goods,0,35.2,2.7,Afternoon,Saturday,True,Strong,95.2
ORD12107,Birnin Kebbi Hub,Birnin Kebbi,5.9,Keke (Tricycle),Paved,Clear,Low,Food,0,0.6,2.2,Evening,Monday,False,Strong,13.4
ORD12108,Birnin Kebbi Hub,Jega,48.0,Motorcycle,Paved,Clear,High,Parcel,1,0.9,7.9,Afternoon,Saturday,True,Weak,124.2
ORD12109,Birnin Kebbi Hub,Argungu,57.9,Motorcycle,Unpaved,Clear,Low,Parcel,1,3.0,1.1,Afternoon,Saturday,True,Weak,144.5
ORD12110,Birnin Kebbi Hub,Zuru,162.3,Van,Unpaved,Clear,Medium,Parcel,1,0.4,4.9,Evening,Thursday,False,No Signal,398.8
ORD12111,Birnin Kebbi Hub,Birnin Kebbi,6.3,Keke (Tricycle),Paved,Clear,High,Food,0,3.6,1.2,Morning,Tuesday,False,Strong,20.4
ORD12112,Birnin Kebbi Hub,Kamba,160.6,Motorcycle,Paved,Harmattan Dust,High,Parcel,1,12.6,2.0,Morning,Monday,False,Strong,420.3
ORD12113,Birnin Kebbi Hub,Kamba,141.2,Van,Unpaved,Clear,Low,Food,0,8.3,5.8,Morning,Thursday,False,Strong,267.3
ORD12114,Birnin Kebbi Hub,Bunza,56.8,Motorcycle,Paved,Rain,Low,Parcel,3,0.7,1.0,Morning,Friday,False,Strong,127.5
ORD12115,Birnin Kebbi Hub,Yauri,162.4,Motorcycle,Unpaved,Harmattan Dust,High,Documents,0,4.7,2.7,Midday,Friday,False,Weak,748.5
ORD12116,Birnin Kebbi Hub,Jega,63.4,Motorcycle,Paved,Clear,Low,Food,3,3.1,1.0,Evening,Friday,False,Weak,86.8
ORD12117,Birnin Kebbi Hub,Birnin Kebbi,8.6,Keke (Tricycle),Unpaved,Clear,Low,Parcel,1,4.9,0.9,Afternoon,Tuesday,False,Weak,47.6
ORD12118,Birnin Kebbi Hub,Jega,62.3,Keke (Tricycle),Paved,Harmattan Dust,Low,Parcel,0,6.1,3.0,Morning,Saturday,True,Weak,156.1
ORD12119,Birnin Kebbi Hub,Birnin Kebbi,7.7,Motorcycle,Paved,Clear,Medium,Food,0,9.1,0.7,Midday,Sunday,True,No Signal,36.4
ORD12120,Birnin Kebbi Hub,Zuru,206.7,Motorcycle,Paved,Rain,Low,Parcel,0,3.6,1.9,Evening,Monday,False,Strong,348.5
ORD12121,Birnin Kebbi Hub,Bunza,52.2,Motorcycle,Paved,Clear,High,Parcel,0,2.0,0.7,Morning,Wednesday,False,Strong,113.1
ORD12122,Birnin Kebbi Hub,Jega,58.4,Motorcycle,Paved,Harmattan Dust,High,Food,1,4.6,3.2,Morning,Thursday,False,Strong,170.4
ORD12123,Birnin Kebbi Hub,Birnin Kebbi,5.0,Motorcycle,Paved,Clear,Medium,Food,0,7.9,5.1,Morning,Thursday,False,Strong,12.7
ORD12124,Birnin Kebbi Hub,Bunza,36.0,Motorcycle,Paved,Clear,Low,Parcel,0,2.7,3.0,Afternoon,Saturday,True,Weak,64.9
ORD12125,Birnin Kebbi Hub,Birnin Kebbi,4.1,Motorcycle,Unpaved,Harmattan Dust,Low,Food,0,4.6,0.8,Morning,Sunday,True,Weak,39.0
ORD12126,Birnin Kebbi Hub,Argungu,83.3,Truck,Unpaved,Harmattan Dust,Low,Food,1,0.5,0.7,Evening,Sunday,True,Strong,277.4
ORD12127,Birnin Kebbi Hub,Bunza,44.9,Keke (Tricycle),Paved,Rain,Low,Parcel,2,4.5,4.2,Midday,Friday,False,No Signal,145.8
ORD12128,Birnin Kebbi Hub,Argungu,61.2,Keke (Tricycle),Unpaved,Clear,Medium,Food,0,0.5,0.8,Midday,Thursday,False,Weak,246.8
ORD12129,Birnin Kebbi Hub,Birnin Kebbi,2.8,Van,Unpaved,Clear,Low,Food,0,5.0,8.5,Midday,Monday,False,Strong,12.8
ORD12130,Birnin Kebbi Hub,Birnin Kebbi,5.8,Motorcycle,Paved,Clear,Medium,Parcel,4,4.0,2.3,Morning,Tuesday,False,Weak,43.1
ORD12131,Birnin Kebbi Hub,Bunza,36.6,Keke (Tricycle),Paved,Clear,Low,Food,0,0.9,2.5,Midday,Monday,False,Strong,79.2
ORD12132,Birnin Kebbi Hub,Kamba,151.5,Keke (Tricycle),Unpaved,Clear,Low,Food,3,4.8,1.2,Midday,Saturday,True,Weak,502.3
ORD12133,Birnin Kebbi Hub,Zuru,166.2,Motorcycle,Paved,Rain,Low,Parcel,2,0.7,3.0,Evening,Monday,False,Weak,293.9
ORD12134,Birnin Kebbi Hub,Bunza,58.2,Keke (Tricycle),Paved,Harmattan Dust,Low,Parcel,1,3.2,1.7,Morning,Tuesday,False,Weak,144.6
ORD12135,Birnin Kebbi Hub,Birnin Kebbi,7.1,Motorcycle,Paved,Rain,Low,Food,0,1.3,2.2,Morning,Monday,False,Weak,21.3
ORD12136,Birnin Kebbi Hub,Birnin Kebbi,5.6,Motorcycle,Unpaved,Clear,Medium,Food,1,4.7,2.1,Midday,Saturday,True,No Signal,40.3
ORD12137,Birnin Kebbi Hub,Jega,50.1,Keke (Tricycle),Paved,Clear,Medium,Parcel,2,0.8,1.6,Evening,Sunday,True,Weak,140.9
ORD12138,Birnin Kebbi Hub,Jega,56.7,Keke (Tricycle),Unpaved,Harmattan Dust,High,Bulk Goods,2,18.9,2.6,Afternoon,Wednesday,False,Strong,440.6
ORD12139,Birnin Kebbi Hub,Bunza,48.4,Motorcycle,Unpaved,Rain,Low,Food,0,10.6,1.7,Morning,Wednesday,False,Weak,160.2
ORD12140,Birnin Kebbi Hub,Jega,61.5,Keke (Tricycle),Unpaved,Clear,Low,Food,0,8.5,4.2,Afternoon,Saturday,True,Strong,222.8
ORD12141,Birnin Kebbi Hub,Bunza,37.7,Keke (Tricycle),Paved,Rain,High,Food,2,9.8,0.2,Morning,Thursday,False,Strong,217.5
ORD12142,Birnin Kebbi Hub,Birnin Kebbi,7.5,Truck,Unpaved,Rain,Low,Bulk Goods,1,37.8,5.6,Morning,Monday,False,Weak,66.7
ORD12143,Birnin Kebbi Hub,Jega,46.1,Motorcycle,Paved,Rain,Low,Food,0,9.6,0.7,Midday,Friday,False,Strong,85.6
ORD12144,Birnin Kebbi Hub,Zuru,146.7,Motorcycle,Unpaved,Clear,Low,Documents,1,0.6,3.5,Morning,Wednesday,False,Weak,320.9
ORD12145,Birnin Kebbi Hub,Birnin Kebbi,10.0,Motorcycle,Paved,Harmattan Dust,Low,Food,0,4.0,2.4,Afternoon,Friday,False,Strong,33.1
ORD12146,Birnin Kebbi Hub,Birnin Kebbi,4.9,Motorcycle,Paved,Rain,Low,Bulk Goods,0,17.4,1.5,Midday,Wednesday,False,No Signal,38.2
ORD12147,Birnin Kebbi Hub,Birnin Kebbi,6.1,Motorcycle,Paved,Rain,Low,Food,0,2.3,1.5,Midday,Monday,False,Weak,26.7
ORD12148,Birnin Kebbi Hub,Bunza,42.3,Motorcycle,Unpaved,Clear,Medium,Parcel,3,0.3,2.5,Morning,Monday,False,Strong,139.3
ORD12149,Birnin Kebbi Hub,Jega,55.5,Motorcycle,Unpaved,Clear,Low,Parcel,1,2.7,4.3,Morning,Tuesday,False,Weak,126.1
ORD12150,Birnin Kebbi Hub,Zuru,174.3,Keke (Tricycle),Paved,Clear,Low,Food,0,5.0,5.7,Afternoon,Wednesday,False,Strong,318.4
ORD12151,Birnin Kebbi Hub,Argungu,67.2,Van,Unpaved,Clear,Medium,Food,0,1.9,1.6,Morning,Wednesday,False,Weak,180.3
ORD12152,Birnin Kebbi Hub,Birnin Kebbi,10.8,Truck,Paved,Harmattan Dust,Low,Parcel,0,2.9,3.5,Evening,Monday,False,Weak,21.3
ORD12153,Birnin Kebbi Hub,Birnin Kebbi,5.0,Motorcycle,Unpaved,Clear,Medium,Food,0,4.8,4.5,Evening,Thursday,False,No Signal,25.0
ORD12154,Birnin Kebbi Hub,Birnin Kebbi,4.9,Motorcycle,Paved,Harmattan Dust,High,Documents,0,0.2,1.5,Morning,Monday,False,No Signal,32.0
ORD12155,Birnin Kebbi Hub,Bunza,49.2,Motorcycle,Paved,Clear,Low,Parcel,0,8.1,0.9,Morning,Wednesday,False,Strong,70.7
ORD12156,Birnin Kebbi Hub,Yauri,134.6,Motorcycle,Paved,Rain,Medium,Food,0,12.3,1.3,Morning,Wednesday,False,No Signal,316.9
ORD12157,Birnin Kebbi Hub,Birnin Kebbi,5.8,Motorcycle,Paved,Clear,Low,Bulk Goods,3,28.3,0.2,Midday,Monday,False,Strong,47.6
ORD12158,Birnin Kebbi Hub,Kamba,116.4,Motorcycle,Unpaved,Rain,Low,Bulk Goods,0,35.6,0.5,Evening,Monday,False,Weak,391.6
ORD12159,Birnin Kebbi Hub,Kamba,139.1,Motorcycle,Unpaved,Harmattan Dust,Low,Food,3,0.2,3.6,Midday,Sunday,True,Strong,376.9
ORD12160,Birnin Kebbi Hub,Kamba,155.5,Van,Unpaved,Clear,Low,Food,1,1.0,4.7,Evening,Thursday,False,No Signal,300.9
ORD12161,Birnin Kebbi Hub,Bunza,49.3,Motorcycle,Unpaved,Clear,Medium,Parcel,0,2.0,3.2,Midday,Thursday,False,No Signal,130.3
ORD12162,Birnin Kebbi Hub,Birnin Kebbi,9.2,Keke (Tricycle),Paved,Clear,Medium,Food,1,2.0,2.0,Evening,Tuesday,False,Strong,27.4
ORD12163,Birnin Kebbi Hub,Argungu,58.3,Keke (Tricycle),Paved,Clear,Medium,Parcel,1,2.8,1.0,Morning,Thursday,False,Weak,138.8
ORD12164,Birnin Kebbi Hub,Kamba,114.9,Keke (Tricycle),Paved,Clear,Low,Food,1,5.7,3.5,Afternoon,Sunday,True,Weak,227.9
ORD12165,Birnin Kebbi Hub,Birnin Kebbi,3.2,Van,Paved,Clear,Medium,Parcel,3,1.8,1.9,Evening,Thursday,False,Weak,43.0
ORD12166,Birnin Kebbi Hub,Jega,56.5,Motorcycle,Unpaved,Harmattan Dust,High,Food,0,3.8,2.7,Afternoon,Monday,False,No Signal,273.4
ORD12167,Birnin Kebbi Hub,Yauri,163.5,Keke (Tricycle),Paved,Rain,High,Bulk Goods,1,37.1,2.6,Midday,Thursday,False,Weak,814.3
ORD12168,Birnin Kebbi Hub,Kamba,164.6,Keke (Tricycle),Paved,Rain,Low,Food,3,0.2,2.6,Morning,Thursday,False,Weak,471.6
ORD12169,Birnin Kebbi Hub,Jega,52.5,Keke (Tricycle),Paved,Clear,Low,Parcel,0,6.4,0.8,Morning,Tuesday,False,Strong,121.4
ORD12170,Birnin Kebbi Hub,Jega,62.1,Van,Paved,Clear,Low,Bulk Goods,1,14.3,0.5,Morning,Monday,False,Weak,91.2
ORD12171,Birnin Kebbi Hub,Bunza,48.0,Keke (Tricycle),Paved,Clear,High,Parcel,0,1.7,0.5,Evening,Monday,False,Weak,168.1
ORD12172,Birnin Kebbi Hub,Yauri,186.0,Keke (Tricycle),Unpaved,Clear,Low,Parcel,0,1.1,3.0,Midday,Wednesday,False,No Signal,592.8
ORD12173,Birnin Kebbi Hub,Argungu,67.6,Van,Paved,Clear,Low,Food,0,1.7,0.5,Evening,Wednesday,False,No Signal,95.2
ORD12174,Birnin Kebbi Hub,Birnin Kebbi,6.9,Keke (Tricycle),Paved,Harmattan Dust,Low,Parcel,0,0.5,0.8,Evening,Wednesday,False,Weak,31.1
ORD12175,Birnin Kebbi Hub,Birnin Kebbi,2.2,Motorcycle,Unpaved,Clear,Medium,Parcel,0,1.5,5.2,Midday,Monday,False,Strong,16.9
ORD12176,Birnin Kebbi Hub,Bunza,35.9,Motorcycle,Paved,Rain,Medium,Parcel,1,4.4,7.1,Afternoon,Tuesday,False,Strong,89.9
ORD12177,Birnin Kebbi Hub,Birnin Kebbi,6.3,Motorcycle,Paved,Clear,Medium,Food,0,0.7,1.7,Evening,Tuesday,False,Strong,20.1
ORD12178,Birnin Kebbi Hub,Kamba,141.3,Motorcycle,Unpaved,Rain,Medium,Bulk Goods,0,45.7,9.6,Morning,Tuesday,False,Weak,576.0
ORD12179,Birnin Kebbi Hub,Birnin Kebbi,7.7,Keke (Tricycle),Paved,Rain,Low,Documents,3,1.0,3.6,Afternoon,Monday,False,Weak,52.5
ORD12180,Birnin Kebbi Hub,Zuru,181.0,Van,Unpaved,Rain,Low,Bulk Goods,2,41.5,4.6,Evening,Tuesday,False,Weak,553.5
ORD12181,Birnin Kebbi Hub,Bunza,46.0,Keke (Tricycle),Paved,Clear,Low,Bulk Goods,0,32.3,2.0,Midday,Sunday,True,Strong,111.0
ORD12182,Birnin Kebbi Hub,Jega,43.1,Motorcycle,Paved,Clear,Medium,Food,0,4.5,2.2,Evening,Friday,False,Strong,60.1
ORD12183,Birnin Kebbi Hub,Argungu,64.4,Keke (Tricycle),Paved,Clear,Medium,Bulk Goods,0,32.2,2.5,Evening,Thursday,False,Strong,158.4
ORD12184,Birnin Kebbi Hub,Jega,41.3,Motorcycle,Paved,Rain,Low,Food,1,2.5,3.5,Morning,Monday,False,No Signal,92.0
ORD12185,Birnin Kebbi Hub,Bunza,49.0,Keke (Tricycle),Paved,Clear,Low,Parcel,0,3.8,3.8,Midday,Monday,False,Weak,93.6
ORD12186,Birnin Kebbi Hub,Aliero,34.3,Motorcycle,Paved,Clear,High,Food,0,3.8,2.1,Morning,Sunday,True,Weak,84.4
ORD12187,Birnin Kebbi Hub,Bunza,50.0,Keke (Tricycle),Paved,Harmattan Dust,Medium,Documents,3,0.2,2.9,Morning,Wednesday,False,Weak,165.0
ORD12188,Birnin Kebbi Hub,Birnin Kebbi,8.4,Keke (Tricycle),Paved,Harmattan Dust,Medium,Documents,1,9.8,1.4,Morning,Thursday,False,No Signal,53.6
ORD12189,Birnin Kebbi Hub,Birnin Kebbi,9.1,Motorcycle,Paved,Harmattan Dust,High,Food,0,0.8,1.9,Morning,Thursday,False,Weak,38.7
ORD12190,Birnin Kebbi Hub,Aliero,29.7,Motorcycle,Paved,Clear,Medium,Parcel,1,10.1,1.0,Midday,Friday,False,Weak,63.1
ORD12191,Birnin Kebbi Hub,Jega,50.8,Keke (Tricycle),Paved,Clear,Low,Bulk Goods,0,36.2,4.0,Evening,Thursday,False,Strong,117.0
ORD12192,Birnin Kebbi Hub,Kamba,171.8,Motorcycle,Unpaved,Clear,Low,Food,0,0.6,2.6,Afternoon,Saturday,True,Strong,349.5
ORD12193,Birnin Kebbi Hub,Bunza,48.8,Motorcycle,Paved,Clear,Medium,Food,0,0.5,1.8,Afternoon,Tuesday,False,Strong,82.8
ORD12194,Birnin Kebbi Hub,Bunza,51.6,Motorcycle,Paved,Rain,Medium,Parcel,2,0.2,1.1,Midday,Tuesday,False,Strong,119.7
ORD12195,Birnin Kebbi Hub,Aliero,41.7,Motorcycle,Paved,Clear,Medium,Parcel,1,1.9,3.2,Morning,Friday,False,Weak,77.8
ORD12196,Birnin Kebbi Hub,Yauri,161.9,Keke (Tricycle),Unpaved,Rain,High,Parcel,0,1.8,1.0,Evening,Tuesday,False,Strong,1226.0
ORD12197,Birnin Kebbi Hub,Argungu,56.2,Keke (Tricycle),Unpaved,Rain,High,Documents,0,1.5,13.5,Morning,Thursday,False,Weak,433.1
ORD12198,Birnin Kebbi Hub,Jega,50.7,Motorcycle,Paved,Clear,High,Food,2,1.6,1.0,Morning,Monday,False,Strong,113.6
ORD12199,Birnin Kebbi Hub,Jega,61.2,Truck,Unpaved,Clear,Medium,Parcel,3,0.9,1.1,Evening,Saturday,True,No Signal,254.9
ORD12200,Birnin Kebbi Hub,Birnin Kebbi,5.7,Motorcycle,Paved,Rain,High,Documents,3,5.5,1.3,Evening,Thursday,False,No Signal,52.7
ORD12201,Birnin Kebbi Hub,Birnin Kebbi,6.7,Van,Paved,Rain,Low,Parcel,3,4.4,2.0,Midday,Tuesday,False,Strong,50.4
ORD12202,Birnin Kebbi Hub,Birnin Kebbi,7.2,Keke (Tricycle),Unpaved,Rain,Medium,Documents,0,15.1,1.7,Midday,Wednesday,False,Strong,56.5
ORD12203,Birnin Kebbi Hub,Jega,53.0,Motorcycle,Unpaved,Harmattan Dust,Low,Parcel,0,3.3,0.4,Afternoon,Friday,False,Strong,154.3
ORD12204,Birnin Kebbi Hub,Yauri,135.0,Motorcycle,Paved,Rain,Low,Parcel,0,3.9,1.4,Morning,Tuesday,False,Strong,256.2
ORD12205,Birnin Kebbi Hub,Bunza,44.1,Keke (Tricycle),Unpaved,Clear,Medium,Parcel,0,0.2,0.8,Morning,Monday,False,Weak,195.2
ORD12206,Birnin Kebbi Hub,Zuru,185.4,Van,Paved,Clear,Medium,Bulk Goods,0,24.8,4.2,Afternoon,Wednesday,False,Strong,241.7
ORD12207,Birnin Kebbi Hub,Yauri,166.7,Van,Paved,Clear,Low,Food,0,18.8,1.3,Midday,Sunday,True,Strong,186.8
ORD12208,Birnin Kebbi Hub,Bunza,49.7,Truck,Unpaved,Rain,Medium,Parcel,2,3.1,0.9,Morning,Tuesday,False,Weak,276.3
ORD12209,Birnin Kebbi Hub,Bunza,41.4,Truck,Paved,Clear,Medium,Parcel,3,3.0,2.6,Morning,Wednesday,False,Weak,126.5
ORD12210,Birnin Kebbi Hub,Zuru,181.7,Keke (Tricycle),Paved,Harmattan Dust,High,Food,0,4.5,3.2,Morning,Thursday,False,Weak,734.1
ORD12211,Birnin Kebbi Hub,Birnin Kebbi,6.6,Keke (Tricycle),Unpaved,Rain,High,Bulk Goods,0,22.4,1.9,Morning,Thursday,False,Strong,75.8
ORD12212,Birnin Kebbi Hub,Birnin Kebbi,8.0,Motorcycle,Paved,Clear,Low,Parcel,0,3.6,2.5,Evening,Tuesday,False,No Signal,21.3
ORD12213,Birnin Kebbi Hub,Argungu,69.3,Motorcycle,Unpaved,Harmattan Dust,Low,Parcel,0,1.5,5.0,Morning,Saturday,True,Strong,186.4
ORD12214,Birnin Kebbi Hub,Birnin Kebbi,4.6,Keke (Tricycle),Paved,Harmattan Dust,Low,Parcel,2,4.1,1.6,Evening,Tuesday,False,No Signal,41.8
ORD12215,Birnin Kebbi Hub,Zuru,124.4,Keke (Tricycle),Paved,Clear,Low,Food,1,0.5,3.9,Evening,Friday,False,No Signal,233.5
ORD12216,Birnin Kebbi Hub,Zuru,175.5,Keke (Tricycle),Unpaved,Clear,Medium,Documents,0,4.9,1.0,Morning,Wednesday,False,Weak,699.6
ORD12217,Birnin Kebbi Hub,Yauri,141.5,Motorcycle,Paved,Clear,Low,Food,0,0.3,3.0,Midday,Tuesday,False,Weak,150.4
ORD12218,Birnin Kebbi Hub,Birnin Kebbi,5.5,Motorcycle,Paved,Rain,Medium,Parcel,0,1.7,2.4,Morning,Tuesday,False,Weak,30.4
ORD12219,Birnin Kebbi Hub,Bunza,49.5,Keke (Tricycle),Unpaved,Clear,Low,Bulk Goods,1,17.9,1.3,Evening,Thursday,False,Strong,189.2
ORD12220,Birnin Kebbi Hub,Bunza,47.5,Keke (Tricycle),Paved,Clear,Medium,Parcel,3,2.9,0.4,Midday,Friday,False,Weak,126.9
ORD12221,Birnin Kebbi Hub,Birnin Kebbi,5.0,Keke (Tricycle),Paved,Clear,Medium,Bulk Goods,4,43.0,1.4,Morning,Sunday,True,No Signal,83.3
ORD12222,Birnin Kebbi Hub,Birnin Kebbi,10.4,Motorcycle,Paved,Clear,High,Food,0,1.0,1.7,Midday,Wednesday,False,Strong,17.5
ORD12223,Birnin Kebbi Hub,Yauri,183.4,Motorcycle,Unpaved,Clear,Low,Parcel,0,6.9,1.3,Midday,Wednesday,False,No Signal,389.9
ORD12224,Birnin Kebbi Hub,Birnin Kebbi,5.1,Motorcycle,Paved,Clear,Medium,Food,1,4.1,3.0,Morning,Monday,False,Strong,24.4
ORD12225,Birnin Kebbi Hub,Zuru,155.3,Keke (Tricycle),Paved,Rain,Medium,Parcel,3,1.7,5.6,Afternoon,Friday,False,Strong,543.9
ORD12226,Birnin Kebbi Hub,Argungu,73.9,Truck,Unpaved,Clear,High,Parcel,0,8.0,0.6,Evening,Thursday,False,Strong,337.4
ORD12227,Birnin Kebbi Hub,Birnin Kebbi,4.2,Motorcycle,Paved,Rain,High,Parcel,0,7.2,4.0,Midday,Friday,False,Weak,29.1
ORD12228,Birnin Kebbi Hub,Argungu,80.1,Motorcycle,Paved,Rain,Medium,Parcel,0,7.9,4.2,Evening,Monday,False,Strong,173.1
ORD12229,Birnin Kebbi Hub,Argungu,69.6,Keke (Tricycle),Unpaved,Clear,Low,Parcel,0,0.7,3.5,Midday,Friday,False,No Signal,240.6
ORD12230,Birnin Kebbi Hub,Birnin Kebbi,8.4,Motorcycle,Paved,Clear,Medium,Bulk Goods,1,24.1,0.7,Morning,Thursday,False,Weak,48.9
ORD12231,Birnin Kebbi Hub,Argungu,65.4,Motorcycle,Unpaved,Clear,High,Food,2,2.5,1.2,Morning,Saturday,True,Strong,261.4
ORD12232,Birnin Kebbi Hub,Argungu,58.2,Motorcycle,Unpaved,Rain,Low,Food,1,0.3,2.2,Morning,Wednesday,False,Weak,189.1
ORD12233,Birnin Kebbi Hub,Birnin Kebbi,6.0,Motorcycle,Paved,Clear,Medium,Parcel,1,16.1,2.1,Afternoon,Wednesday,False,Weak,33.5
ORD12234,Birnin Kebbi Hub,Aliero,30.8,Keke (Tricycle),Paved,Clear,Low,Documents,0,2.5,1.6,Afternoon,Tuesday,False,Strong,63.5
ORD12235,Birnin Kebbi Hub,Kamba,150.7,Motorcycle,Paved,Rain,Low,Food,0,6.9,2.7,Morning,Tuesday,False,Weak,283.1
ORD12236,Birnin Kebbi Hub,Birnin Kebbi,2.1,Keke (Tricycle),Paved,Rain,Medium,Food,0,0.9,4.0,Evening,Monday,False,Weak,14.4
ORD12237,Birnin Kebbi Hub,Bunza,43.6,Keke (Tricycle),Paved,Clear,Low,Parcel,0,3.4,1.6,Evening,Saturday,True,No Signal,99.6
ORD12238,Birnin Kebbi Hub,Birnin Kebbi,3.8,Motorcycle,Unpaved,Rain,Medium,Bulk Goods,0,25.3,1.6,Evening,Saturday,True,Strong,48.6
ORD12239,Birnin Kebbi Hub,Argungu,55.5,Keke (Tricycle),Unpaved,Clear,Low,Food,0,6.3,0.7,Afternoon,Thursday,False,Weak,197.7
ORD12240,Birnin Kebbi Hub,Bunza,50.1,Van,Paved,Clear,Medium,Food,0,0.9,0.8,Morning,Thursday,False,Weak,78.0
ORD12241,Birnin Kebbi Hub,Argungu,57.6,Van,Paved,Clear,Medium,Documents,1,1.4,3.2,Midday,Tuesday,False,Strong,91.8
ORD12242,Birnin Kebbi Hub,Zuru,183.7,Motorcycle,Unpaved,Rain,Medium,Bulk Goods,0,37.5,5.0,Midday,Wednesday,False,No Signal,739.6
ORD12243,Birnin Kebbi Hub,Argungu,60.9,Van,Unpaved,Clear,Medium,Food,1,10.3,5.5,Morning,Saturday,True,Strong,147.0
ORD12244,Birnin Kebbi Hub,Argungu,58.3,Van,Unpaved,Clear,Low,Bulk Goods,0,25.0,0.5,Evening,Sunday,True,Strong,119.9
ORD12245,Birnin Kebbi Hub,Kamba,122.5,Motorcycle,Unpaved,Rain,Low,Food,0,2.0,1.0,Evening,Wednesday,False,Weak,391.1
ORD12246,Birnin Kebbi Hub,Kamba,149.0,Keke (Tricycle),Paved,Clear,Low,Bulk Goods,3,16.9,0.1,Afternoon,Wednesday,False,No Signal,301.1
ORD12247,Birnin Kebbi Hub,Argungu,56.6,Keke (Tricycle),Paved,Rain,High,Parcel,2,1.6,5.7,Morning,Wednesday,False,Weak,291.4
ORD12248,Birnin Kebbi Hub,Zuru,204.2,Van,Paved,Clear,Medium,Documents,0,6.5,1.1,Evening,Monday,False,Weak,273.0
ORD12249,Birnin Kebbi Hub,Birnin Kebbi,6.3,Van,Unpaved,Clear,High,Bulk Goods,1,22.7,0.8,Midday,Saturday,True,Strong,41.5
ORD12250,Birnin Kebbi Hub,Jega,59.6,Motorcycle,Paved,Clear,Low,Parcel,0,0.4,2.9,Evening,Thursday,False,Strong,78.0
ORD12251,Birnin Kebbi Hub,Jega,61.1,Keke (Tricycle),Unpaved,Harmattan Dust,Medium,Food,0,5.0,3.5,Midday,Thursday,False,No Signal,314.0
ORD12252,Birnin Kebbi Hub,Aliero,31.3,Van,Paved,Rain,Medium,Food,0,2.8,1.5,Afternoon,Thursday,False,Weak,77.8
ORD12253,Birnin Kebbi Hub,Argungu,70.2,Keke (Tricycle),Paved,Harmattan Dust,Low,Parcel,0,3.1,2.0,Afternoon,Tuesday,False,Strong,169.6
ORD12254,Birnin Kebbi Hub,Kamba,127.1,Motorcycle,Paved,Clear,Low,Bulk Goods,0,23.7,4.8,Midday,Saturday,True,Strong,176.4
ORD12255,Birnin Kebbi Hub,Jega,52.4,Van,Unpaved,Clear,High,Food,0,6.8,5.2,Morning,Friday,False,Weak,188.2
ORD12256,Birnin Kebbi Hub,Bunza,44.4,Motorcycle,Paved,Harmattan Dust,Medium,Parcel,1,3.8,2.6,Midday,Monday,False,Strong,81.3
ORD12257,Birnin Kebbi Hub,Kamba,107.1,Motorcycle,Unpaved,Clear,Low,Parcel,0,1.0,1.5,Morning,Sunday,True,Weak,231.3
ORD12258,Birnin Kebbi Hub,Birnin Kebbi,5.8,Keke (Tricycle),Paved,Clear,Low,Parcel,0,3.6,2.8,Morning,Tuesday,False,Strong,33.8
ORD12259,Birnin Kebbi Hub,Birnin Kebbi,9.8,Motorcycle,Paved,Clear,Medium,Food,0,2.3,3.1,Midday,Friday,False,Weak,20.0
ORD12260,Birnin Kebbi Hub,Birnin Kebbi,6.2,Motorcycle,Paved,Clear,Low,Food,3,2.5,1.1,Morning,Thursday,False,Weak,29.5
ORD12261,Birnin Kebbi Hub,Yauri,160.1,Motorcycle,Paved,Clear,High,Parcel,2,2.4,1.8,Morning,Wednesday,False,Strong,338.7
ORD12262,Birnin Kebbi Hub,Argungu,75.5,Motorcycle,Paved,Clear,Low,Food,0,6.1,2.9,Afternoon,Friday,False,Strong,106.7
ORD12263,Birnin Kebbi Hub,Argungu,65.8,Van,Paved,Harmattan Dust,Medium,Parcel,0,6.7,2.6,Afternoon,Tuesday,False,Strong,117.9
ORD12264,Birnin Kebbi Hub,Birnin Kebbi,6.1,Motorcycle,Paved,Clear,High,Parcel,0,2.3,1.9,Evening,Sunday,True,Weak,36.3
ORD12265,Birnin Kebbi Hub,Birnin Kebbi,6.0,Van,Paved,Harmattan Dust,Low,Parcel,0,1.2,2.1,Evening,Wednesday,False,No Signal,21.7
ORD12266,Birnin Kebbi Hub,Kamba,144.5,Van,Paved,Clear,Low,Documents,0,6.0,1.7,Morning,Saturday,True,Strong,159.1
ORD12267,Birnin Kebbi Hub,Argungu,63.2,Keke (Tricycle),Unpaved,Harmattan Dust,Low,Parcel,2,11.2,2.4,Afternoon,Saturday,True,Weak,283.3
ORD12268,Birnin Kebbi Hub,Birnin Kebbi,7.9,Keke (Tricycle),Paved,Rain,Low,Food,0,0.3,5.5,Evening,Friday,False,Weak,38.3
ORD12269,Birnin Kebbi Hub,Birnin Kebbi,6.3,Keke (Tricycle),Paved,Clear,Medium,Parcel,0,0.7,0.7,Evening,Sunday,True,Strong,29.2
ORD12270,Birnin Kebbi Hub,Argungu,69.6,Keke (Tricycle),Paved,Harmattan Dust,Medium,Bulk Goods,0,26.5,0.5,Midday,Friday,False,Strong,205.9
ORD12271,Birnin Kebbi Hub,Birnin Kebbi,4.1,Keke (Tricycle),Paved,Clear,Medium,Parcel,1,9.8,0.9,Afternoon,Tuesday,False,Weak,37.9
ORD12272,Birnin Kebbi Hub,Birnin Kebbi,6.9,Keke (Tricycle),Paved,Clear,High,Parcel,3,4.2,3.0,Evening,Saturday,True,Strong,62.7
ORD12273,Birnin Kebbi Hub,Birnin Kebbi,2.9,Motorcycle,Paved,Clear,Low,Documents,0,0.2,4.3,Morning,Wednesday,False,Weak,25.5
ORD12274,Birnin Kebbi Hub,Zuru,178.5,Motorcycle,Paved,Harmattan Dust,Medium,Parcel,1,0.5,2.2,Midday,Saturday,True,Weak,330.0
ORD12275,Birnin Kebbi Hub,Bunza,39.8,Van,Paved,Clear,High,Food,1,0.2,2.6,Morning,Monday,False,No Signal,102.2
ORD12276,Birnin Kebbi Hub,Argungu,57.1,Motorcycle,Unpaved,Clear,Medium,Parcel,0,10.2,5.2,Morning,Sunday,True,Weak,162.5
ORD12277,Birnin Kebbi Hub,Kamba,144.7,Keke (Tricycle),Paved,Rain,Medium,Food,2,4.5,0.8,Morning,Tuesday,False,Strong,505.2
ORD12278,Birnin Kebbi Hub,Bunza,51.3,Keke (Tricycle),Paved,Harmattan Dust,Low,Bulk Goods,0,33.4,4.7,Midday,Wednesday,False,Weak,131.4
ORD12279,Birnin Kebbi Hub,Jega,48.3,Keke (Tricycle),Paved,Clear,Medium,Parcel,1,0.2,4.5,Morning,Saturday,True,No Signal,124.0
ORD12280,Birnin Kebbi Hub,Kamba,115.1,Motorcycle,Paved,Clear,Medium,Food,0,0.4,2.2,Evening,Tuesday,False,Strong,162.8
ORD12281,Birnin Kebbi Hub,Argungu,62.3,Keke (Tricycle),Paved,Clear,Low,Food,1,0.4,3.4,Afternoon,Thursday,False,Weak,135.1
ORD12282,Birnin Kebbi Hub,Birnin Kebbi,6.2,Motorcycle,Paved,Rain,Low,Documents,0,0.8,6.6,Evening,Saturday,True,Strong,14.9
ORD12283,Birnin Kebbi Hub,Jega,62.5,Van,Unpaved,Harmattan Dust,Low,Parcel,0,2.7,3.4,Midday,Monday,False,Strong,153.5
ORD12284,Birnin Kebbi Hub,Birnin Kebbi,8.4,Van,Unpaved,Clear,Low,Food,0,0.8,3.2,Afternoon,Wednesday,False,Strong,22.5
ORD12285,Birnin Kebbi Hub,Birnin Kebbi,4.7,Keke (Tricycle),Paved,Clear,Low,Parcel,0,6.2,0.7,Midday,Thursday,False,No Signal,22.4
ORD12286,Birnin Kebbi Hub,Jega,52.2,Motorcycle,Unpaved,Clear,Medium,Food,2,3.9,0.8,Morning,Monday,False,Strong,164.5
ORD12287,Birnin Kebbi Hub,Jega,66.2,Van,Paved,Harmattan Dust,Medium,Documents,0,1.4,2.2,Morning,Sunday,True,Weak,116.3
ORD12288,Birnin Kebbi Hub,Argungu,66.9,Truck,Unpaved,Clear,Low,Food,0,5.7,3.8,Afternoon,Monday,False,Weak,184.2
ORD12289,Birnin Kebbi Hub,Argungu,63.5,Keke (Tricycle),Unpaved,Clear,High,Parcel,0,4.9,2.1,Evening,Monday,False,Weak,379.1
ORD12290,Birnin Kebbi Hub,Argungu,66.9,Van,Unpaved,Clear,Low,Documents,3,7.9,3.2,Midday,Friday,False,No Signal,166.9
ORD12291,Birnin Kebbi Hub,Birnin Kebbi,4.7,Van,Paved,Clear,Medium,Parcel,0,3.2,1.4,Midday,Friday,False,Weak,22.1
ORD12292,Birnin Kebbi Hub,Kamba,138.0,Motorcycle,Paved,Clear,Low,Documents,1,9.8,1.6,Afternoon,Friday,False,Weak,180.4
ORD12293,Birnin Kebbi Hub,Bunza,42.9,Keke (Tricycle),Paved,Rain,Medium,Documents,1,6.0,3.1,Morning,Monday,False,No Signal,169.3
ORD12294,Birnin Kebbi Hub,Birnin Kebbi,8.7,Truck,Unpaved,Clear,Medium,Documents,0,3.0,3.1,Midday,Saturday,True,Weak,42.6
ORD12295,Birnin Kebbi Hub,Bunza,58.1,Motorcycle,Paved,Clear,Low,Food,1,1.1,2.5,Morning,Thursday,False,Strong,79.1
ORD12296,Birnin Kebbi Hub,Argungu,67.5,Motorcycle,Unpaved,Clear,Medium,Parcel,3,1.6,5.0,Morning,Saturday,True,Strong,185.1
ORD12297,Birnin Kebbi Hub,Birnin Kebbi,6.7,Van,Paved,Clear,Low,Bulk Goods,4,29.3,1.5,Midday,Thursday,False,Strong,57.2
ORD12298,Birnin Kebbi Hub,Jega,56.1,Motorcycle,Paved,Clear,Low,Documents,0,2.1,0.9,Afternoon,Wednesday,False,Weak,88.0
ORD12299,Birnin Kebbi Hub,Birnin Kebbi,6.4,Keke (Tricycle),Paved,Clear,Medium,Documents,0,9.9,1.1,Midday,Thursday,False,Strong,34.6
ORD12300,Birnin Kebbi Hub,Birnin Kebbi,5.3,Motorcycle,Paved,Clear,Low,Food,0,5.6,2.0,Morning,Saturday,True,Strong,20.2
ORD12301,Birnin Kebbi Hub,Birnin Kebbi,7.5,Motorcycle,Paved,Clear,High,Food,1,2.7,1.4,Evening,Wednesday,False,Strong,27.0
ORD12302,Birnin Kebbi Hub,Birnin Kebbi,3.4,Motorcycle,Paved,Harmattan Dust,Medium,Food,0,5.7,3.5,Midday,Monday,False,Weak,39.3
ORD12303,Birnin Kebbi Hub,Bunza,45.2,Keke (Tricycle),Paved,Rain,Low,Food,3,1.2,1.9,Morning,Thursday,False,Weak,162.6
ORD12304,Birnin Kebbi Hub,Yauri,181.8,Van,Paved,Clear,High,Food,1,6.6,1.8,Midday,Sunday,True,No Signal,353.7
ORD12305,Birnin Kebbi Hub,Birnin Kebbi,3.7,Keke (Tricycle),Paved,Harmattan Dust,Medium,Parcel,0,2.9,1.7,Morning,Tuesday,False,Weak,26.0
ORD12306,Birnin Kebbi Hub,Birnin Kebbi,5.8,Keke (Tricycle),Paved,Harmattan Dust,Low,Food,0,0.4,8.8,Midday,Friday,False,No Signal,28.1
ORD12307,Birnin Kebbi Hub,Zuru,111.8,Keke (Tricycle),Paved,Clear,Low,Parcel,2,5.9,0.6,Afternoon,Sunday,True,Strong,236.2
ORD12308,Birnin Kebbi Hub,Birnin Kebbi,6.6,Motorcycle,Paved,Clear,Medium,Documents,0,12.1,4.1,Afternoon,Wednesday,False,Strong,16.0
ORD12309,Birnin Kebbi Hub,Bunza,36.3,Van,Unpaved,Clear,Medium,Parcel,0,0.9,0.9,Afternoon,Friday,False,Strong,101.5
ORD12310,Birnin Kebbi Hub,Birnin Kebbi,5.5,Van,Unpaved,Harmattan Dust,Medium,Documents,0,2.2,1.7,Morning,Sunday,True,Weak,43.4
ORD12311,Birnin Kebbi Hub,Zuru,175.6,Keke (Tricycle),Paved,Clear,Low,Documents,1,0.4,1.7,Midday,Tuesday,False,Weak,306.7
ORD12312,Birnin Kebbi Hub,Birnin Kebbi,4.0,Van,Paved,Clear,Medium,Bulk Goods,4,43.7,1.0,Evening,Monday,False,No Signal,62.9
ORD12313,Birnin Kebbi Hub,Argungu,69.8,Keke (Tricycle),Unpaved,Rain,High,Food,0,16.4,1.2,Morning,Friday,False,Strong,543.7
ORD12314,Birnin Kebbi Hub,Birnin Kebbi,6.6,Motorcycle,Paved,Clear,Medium,Parcel,0,1.2,0.7,Morning,Thursday,False,Weak,25.2
ORD12315,Birnin Kebbi Hub,Kamba,141.8,Motorcycle,Paved,Rain,High,Bulk Goods,0,30.2,0.7,Afternoon,Tuesday,False,Strong,464.5
ORD12316,Birnin Kebbi Hub,Bunza,49.0,Keke (Tricycle),Paved,Clear,Low,Bulk Goods,0,39.7,0.2,Afternoon,Saturday,True,Strong,135.1
ORD12317,Birnin Kebbi Hub,Bunza,47.6,Van,Paved,Rain,High,Parcel,0,2.7,1.0,Midday,Saturday,True,Strong,139.5
ORD12318,Birnin Kebbi Hub,Birnin Kebbi,5.8,Motorcycle,Paved,Clear,Medium,Food,0,6.0,2.1,Midday,Monday,False,Weak,31.2
ORD12319,Birnin Kebbi Hub,Birnin Kebbi,3.1,Keke (Tricycle),Paved,Clear,Medium,Food,0,0.3,6.4,Morning,Wednesday,False,Strong,8.5
ORD12320,Birnin Kebbi Hub,Zuru,191.9,Van,Unpaved,Clear,High,Parcel,3,3.7,1.3,Afternoon,Monday,False,Weak,680.1
ORD12321,Birnin Kebbi Hub,Jega,43.7,Motorcycle,Unpaved,Clear,Low,Parcel,0,8.0,2.5,Midday,Tuesday,False,Weak,97.9
ORD12322,Birnin Kebbi Hub,Bunza,42.8,Keke (Tricycle),Paved,Clear,Medium,Parcel,0,0.2,3.0,Midday,Friday,False,Strong,109.9
ORD12323,Birnin Kebbi Hub,Jega,59.0,Keke (Tricycle),Unpaved,Clear,Medium,Food,3,0.7,6.3,Midday,Friday,False,Strong,251.7
ORD12324,Birnin Kebbi Hub,Argungu,61.3,Motorcycle,Unpaved,Harmattan Dust,Low,Parcel,1,7.2,4.0,Midday,Friday,False,Weak,176.7
ORD12325,Birnin Kebbi Hub,Bunza,59.9,Van,Unpaved,Rain,Medium,Food,2,1.1,3.0,Afternoon,Friday,False,No Signal,242.6
ORD12326,Birnin Kebbi Hub,Birnin Kebbi,3.7,Keke (Tricycle),Paved,Harmattan Dust,Low,Bulk Goods,1,21.8,3.5,Midday,Tuesday,False,Weak,40.8
ORD12327,Birnin Kebbi Hub,Argungu,70.2,Motorcycle,Paved,Clear,Low,Parcel,1,3.7,4.9,Evening,Monday,False,Weak,89.2
ORD12328,Birnin Kebbi Hub,Kamba,143.2,Motorcycle,Unpaved,Clear,Medium,Documents,0,0.5,1.3,Evening,Tuesday,False,Strong,358.7
ORD12329,Birnin Kebbi Hub,Birnin Kebbi,6.2,Keke (Tricycle),Paved,Clear,Medium,Documents,4,4.2,3.7,Morning,Tuesday,False,Strong,48.3
ORD12330,Birnin Kebbi Hub,Aliero,35.8,Keke (Tricycle),Paved,Harmattan Dust,High,Food,2,0.8,11.2,Evening,Saturday,True,No Signal,163.4
ORD12331,Birnin Kebbi Hub,Birnin Kebbi,5.1,Van,Paved,Clear,Low,Documents,0,0.2,1.0,Evening,Saturday,True,Weak,29.4
ORD12332,Birnin Kebbi Hub,Birnin Kebbi,7.5,Motorcycle,Paved,Clear,Low,Food,0,5.8,0.5,Evening,Thursday,False,No Signal,29.2
ORD12333,Birnin Kebbi Hub,Jega,67.4,Motorcycle,Unpaved,Rain,Medium,Parcel,1,9.3,0.9,Midday,Friday,False,Strong,272.2
ORD12334,Birnin Kebbi Hub,Argungu,53.9,Motorcycle,Unpaved,Clear,Low,Bulk Goods,0,22.4,4.3,Afternoon,Saturday,True,No Signal,129.1
ORD12335,Birnin Kebbi Hub,Birnin Kebbi,4.9,Keke (Tricycle),Paved,Clear,Low,Parcel,2,1.9,2.5,Evening,Wednesday,False,Strong,36.7
ORD12336,Birnin Kebbi Hub,Aliero,28.3,Motorcycle,Paved,Clear,High,Food,2,0.5,1.6,Midday,Saturday,True,Weak,82.2
ORD12337,Birnin Kebbi Hub,Birnin Kebbi,5.2,Truck,Paved,Clear,Low,Documents,0,2.6,2.4,Evening,Tuesday,False,Weak,21.1
ORD12338,Birnin Kebbi Hub,Jega,48.7,Van,Paved,Clear,High,Documents,0,2.8,2.0,Morning,Thursday,False,Strong,107.3
ORD12339,Birnin Kebbi Hub,Birnin Kebbi,6.6,Keke (Tricycle),Paved,Rain,Low,Bulk Goods,0,42.5,3.7,Midday,Wednesday,False,No Signal,53.7
ORD12340,Birnin Kebbi Hub,Aliero,34.2,Motorcycle,Paved,Clear,Medium,Documents,3,9.9,0.9,Evening,Tuesday,False,Strong,77.9
ORD12341,Birnin Kebbi Hub,Yauri,155.7,Keke (Tricycle),Paved,Clear,High,Food,0,0.8,1.8,Morning,Tuesday,False,Weak,507.9
ORD12342,Birnin Kebbi Hub,Birnin Kebbi,4.5,Keke (Tricycle),Paved,Rain,High,Food,1,2.8,2.6,Morning,Wednesday,False,Strong,45.5
ORD12343,Birnin Kebbi Hub,Birnin Kebbi,7.0,Motorcycle,Unpaved,Clear,High,Documents,2,4.2,2.0,Afternoon,Monday,False,No Signal,46.2
ORD12344,Birnin Kebbi Hub,Bunza,46.0,Keke (Tricycle),Unpaved,Clear,Medium,Food,0,0.7,5.0,Midday,Friday,False,Strong,194.4
ORD12345,Birnin Kebbi Hub,Bunza,45.1,Keke (Tricycle),Unpaved,Clear,Low,Documents,0,0.5,4.8,Afternoon,Thursday,False,Strong,152.6
ORD12346,Birnin Kebbi Hub,Kamba,137.7,Motorcycle,Paved,Clear,Medium,Documents,0,8.2,1.9,Afternoon,Sunday,True,No Signal,215.9
ORD12347,Birnin Kebbi Hub,Zuru,179.3,Keke (Tricycle),Paved,Harmattan Dust,Low,Parcel,1,0.9,1.1,Afternoon,Thursday,False,Strong,408.0
ORD12348,Birnin Kebbi Hub,Jega,49.9,Motorcycle,Paved,Clear,Low,Food,1,4.3,5.3,Midday,Friday,False,Weak,67.8
ORD12349,Birnin Kebbi Hub,Jega,45.8,Van,Unpaved,Clear,Medium,Documents,1,2.4,0.2,Evening,Monday,False,Strong,119.1
ORD12350,Birnin Kebbi Hub,Kamba,119.8,Motorcycle,Paved,Clear,Low,Parcel,0,5.9,0.4,Morning,Monday,False,Strong,140.1
ORD12351,Birnin Kebbi Hub,Bunza,36.7,Keke (Tricycle),Unpaved,Clear,Medium,Parcel,1,6.4,3.2,Afternoon,Friday,False,Weak,167.0
ORD12352,Birnin Kebbi Hub,Birnin Kebbi,6.1,Motorcycle,Unpaved,Clear,Low,Food,0,4.0,1.1,Morning,Wednesday,False,No Signal,39.5
ORD12353,Birnin Kebbi Hub,Jega,58.9,Keke (Tricycle),Paved,Rain,Low,Parcel,0,2.0,3.8,Morning,Friday,False,No Signal,165.4
ORD12354,Birnin Kebbi Hub,Bunza,45.5,Motorcycle,Paved,Clear,Low,Food,2,1.0,2.0,Midday,Thursday,False,Weak,66.8
ORD12355,Birnin Kebbi Hub,Argungu,60.4,Motorcycle,Paved,Clear,Low,Parcel,0,4.0,3.3,Morning,Sunday,True,Strong,94.3
ORD12356,Birnin Kebbi Hub,Birnin Kebbi,7.1,Keke (Tricycle),Paved,Clear,Low,Bulk Goods,0,35.0,2.4,Evening,Saturday,True,Strong,49.0
ORD12357,Birnin Kebbi Hub,Birnin Kebbi,6.0,Motorcycle,Paved,Rain,Medium,Parcel,0,0.7,2.5,Morning,Thursday,False,Weak,26.9
ORD12358,Birnin Kebbi Hub,Birnin Kebbi,5.3,Motorcycle,Unpaved,Harmattan Dust,Medium,Food,3,3.6,5.3,Afternoon,Monday,False,Weak,49.2
ORD12359,Birnin Kebbi Hub,Birnin Kebbi,3.7,Keke (Tricycle),Paved,Clear,Medium,Parcel,0,2.0,1.2,Afternoon,Saturday,True,Weak,36.9
ORD12360,Birnin Kebbi Hub,Birnin Kebbi,6.3,Keke (Tricycle),Paved,Rain,Low,Parcel,0,10.6,2.3,Evening,Friday,False,No Signal,35.8
ORD12361,Birnin Kebbi Hub,Argungu,63.2,Keke (Tricycle),Unpaved,Clear,Medium,Food,0,0.8,2.9,Evening,Saturday,True,No Signal,263.9
ORD12362,Birnin Kebbi Hub,Birnin Kebbi,6.3,Keke (Tricycle),Paved,Harmattan Dust,Low,Parcel,1,0.2,0.7,Morning,Thursday,False,Strong,44.9
ORD12363,Birnin Kebbi Hub,Jega,59.3,Motorcycle,Paved,Harmattan Dust,Low,Documents,0,3.7,2.3,Midday,Thursday,False,Strong,94.5
ORD12364,Birnin Kebbi Hub,Bunza,41.5,Keke (Tricycle),Unpaved,Clear,High,Parcel,1,6.0,0.9,Midday,Thursday,False,Strong,245.2
ORD12365,Birnin Kebbi Hub,Argungu,49.6,Keke (Tricycle),Unpaved,Clear,Medium,Parcel,0,5.0,1.7,Midday,Saturday,True,Weak,210.1
ORD12366,Birnin Kebbi Hub,Birnin Kebbi,5.0,Keke (Tricycle),Unpaved,Clear,Low,Parcel,0,8.5,2.8,Evening,Saturday,True,Strong,16.3
ORD12367,Birnin Kebbi Hub,Argungu,62.9,Van,Unpaved,Clear,High,Bulk Goods,1,29.3,4.3,Evening,Tuesday,False,Weak,231.5
ORD12368,Birnin Kebbi Hub,Birnin Kebbi,3.4,Motorcycle,Unpaved,Clear,Medium,Documents,0,8.7,3.1,Afternoon,Friday,False,Weak,23.4
ORD12369,Birnin Kebbi Hub,Bunza,40.2,Motorcycle,Paved,Harmattan Dust,Low,Parcel,0,4.7,5.1,Midday,Monday,False,Strong,63.7
ORD12370,Birnin Kebbi Hub,Yauri,165.7,Keke (Tricycle),Paved,Clear,Medium,Parcel,0,3.7,1.5,Midday,Monday,False,Strong,358.6
ORD12371,Birnin Kebbi Hub,Zuru,152.3,Truck,Unpaved,Harmattan Dust,High,Bulk Goods,0,44.7,3.5,Morning,Wednesday,False,Weak,856.5
ORD12372,Birnin Kebbi Hub,Birnin Kebbi,7.0,Truck,Unpaved,Clear,Low,Food,0,3.9,3.2,Midday,Monday,False,No Signal,24.2
ORD12373,Birnin Kebbi Hub,Birnin Kebbi,10.0,Van,Paved,Clear,Low,Parcel,0,4.1,0.2,Afternoon,Saturday,True,Strong,21.7
ORD12374,Birnin Kebbi Hub,Argungu,63.6,Motorcycle,Paved,Rain,Low,Food,3,7.4,2.0,Evening,Wednesday,False,Weak,135.0
ORD12375,Birnin Kebbi Hub,Argungu,73.6,Motorcycle,Unpaved,Clear,Low,Parcel,2,4.2,1.1,Afternoon,Thursday,False,Weak,170.5
ORD12376,Birnin Kebbi Hub,Jega,49.9,Motorcycle,Unpaved,Rain,Low,Documents,1,1.3,1.6,Morning,Friday,False,Weak,176.3
ORD12377,Birnin Kebbi Hub,Birnin Kebbi,4.6,Keke (Tricycle),Paved,Clear,Low,Parcel,0,0.2,3.1,Evening,Wednesday,False,Weak,19.5
ORD12378,Birnin Kebbi Hub,Aliero,35.7,Keke (Tricycle),Unpaved,Rain,High,Bulk Goods,0,40.9,2.1,Midday,Thursday,False,Strong,309.5
ORD12379,Birnin Kebbi Hub,Birnin Kebbi,7.6,Keke (Tricycle),Paved,Harmattan Dust,Low,Documents,3,1.0,3.5,Morning,Saturday,True,No Signal,67.2
ORD12380,Birnin Kebbi Hub,Bunza,49.6,Van,Unpaved,Harmattan Dust,Low,Parcel,0,5.2,1.9,Afternoon,Tuesday,False,No Signal,139.7
ORD12381,Birnin Kebbi Hub,Bunza,42.4,Van,Paved,Harmattan Dust,Low,Food,1,1.8,2.6,Evening,Saturday,True,Weak,77.2
ORD12382,Birnin Kebbi Hub,Jega,53.2,Motorcycle,Paved,Clear,High,Food,3,3.5,1.5,Midday,Thursday,False,No Signal,135.8
ORD12383,Birnin Kebbi Hub,Argungu,80.3,Motorcycle,Unpaved,Harmattan Dust,Medium,Parcel,0,0.7,0.3,Midday,Thursday,False,Weak,263.3
ORD12384,Birnin Kebbi Hub,Yauri,190.8,Motorcycle,Unpaved,Clear,Medium,Food,0,10.3,3.4,Afternoon,Tuesday,False,Weak,494.5
ORD12385,Birnin Kebbi Hub,Aliero,30.7,Motorcycle,Unpaved,Clear,Low,Food,0,3.5,0.5,Morning,Monday,False,Strong,89.3
ORD12386,Birnin Kebbi Hub,Bunza,49.2,Keke (Tricycle),Paved,Clear,Low,Food,0,0.2,1.2,Evening,Friday,False,Weak,95.7
ORD12387,Birnin Kebbi Hub,Bunza,45.7,Motorcycle,Paved,Rain,Medium,Bulk Goods,0,28.3,1.3,Evening,Thursday,False,Strong,126.2
ORD12388,Birnin Kebbi Hub,Yauri,176.8,Motorcycle,Unpaved,Rain,Medium,Parcel,3,1.6,7.4,Midday,Sunday,True,Weak,699.5
ORD12389,Birnin Kebbi Hub,Birnin Kebbi,5.7,Motorcycle,Paved,Rain,High,Documents,0,8.8,2.3,Midday,Tuesday,False,Strong,26.5
ORD12390,Birnin Kebbi Hub,Birnin Kebbi,6.1,Keke (Tricycle),Paved,Clear,High,Food,0,12.4,0.5,Morning,Monday,False,Strong,39.8
ORD12391,Birnin Kebbi Hub,Bunza,30.4,Keke (Tricycle),Paved,Clear,Medium,Parcel,4,8.0,2.8,Evening,Thursday,False,Strong,104.8
ORD12392,Birnin Kebbi Hub,Bunza,41.8,Motorcycle,Paved,Clear,Medium,Parcel,1,14.3,1.6,Morning,Wednesday,False,Strong,90.1
ORD12393,Birnin Kebbi Hub,Aliero,34.0,Van,Paved,Clear,High,Bulk Goods,2,25.4,0.9,Morning,Thursday,False,Weak,105.4
ORD12394,Birnin Kebbi Hub,Aliero,36.9,Motorcycle,Paved,Clear,Low,Parcel,0,0.7,1.6,Evening,Sunday,True,No Signal,74.9
ORD12395,Birnin Kebbi Hub,Jega,55.8,Van,Paved,Rain,Medium,Bulk Goods,1,38.4,2.3,Evening,Sunday,True,Strong,127.3
ORD12396,Birnin Kebbi Hub,Bunza,38.4,Keke (Tricycle),Unpaved,Harmattan Dust,Medium,Food,1,1.5,0.6,Midday,Tuesday,False,No Signal,212.0
ORD12397,Birnin Kebbi Hub,Yauri,183.5,Van,Paved,Harmattan Dust,Medium,Food,1,1.2,1.1,Midday,Thursday,False,Strong,314.6
ORD12398,Birnin Kebbi Hub,Birnin Kebbi,6.8,Keke (Tricycle),Unpaved,Rain,Low,Food,2,8.2,6.6,Evening,Wednesday,False,Strong,51.3
ORD12399,Birnin Kebbi Hub,Argungu,70.2,Motorcycle,Unpaved,Clear,Medium,Food,0,1.7,1.5,Morning,Saturday,True,Strong,195.9
ORD12400,Birnin Kebbi Hub,Bunza,44.2,Keke (Tricycle),Paved,Clear,Low,Bulk Goods,0,43.6,2.9,Evening,Friday,False,Strong,106.1
ORD12401,Birnin Kebbi Hub,Kamba,135.2,Keke (Tricycle),Unpaved,Rain,Low,Parcel,0,1.1,2.1,Morning,Wednesday,False,Strong,655.5
ORD12402,Birnin Kebbi Hub,Jega,52.4,Motorcycle,Unpaved,Harmattan Dust,High,Food,0,1.1,4.8,Morning,Tuesday,False,Strong,233.0
ORD12403,Birnin Kebbi Hub,Birnin Kebbi,6.5,Keke (Tricycle),Paved,Clear,Low,Food,0,1.0,0.9,Midday,Friday,False,Strong,27.5
ORD12404,Birnin Kebbi Hub,Birnin Kebbi,8.8,Keke (Tricycle),Paved,Clear,Medium,Parcel,0,4.4,3.6,Morning,Sunday,True,Strong,41.3
ORD12405,Birnin Kebbi Hub,Argungu,62.6,Keke (Tricycle),Paved,Clear,Low,Food,4,8.3,4.2,Midday,Thursday,False,Strong,143.4
ORD12406,Birnin Kebbi Hub,Kamba,134.1,Van,Paved,Clear,Low,Food,0,2.8,0.6,Midday,Wednesday,False,Strong,143.8
ORD12407,Birnin Kebbi Hub,Zuru,188.7,Keke (Tricycle),Paved,Clear,Medium,Food,0,0.3,1.6,Morning,Tuesday,False,Weak,414.6
ORD12408,Birnin Kebbi Hub,Birnin Kebbi,4.9,Motorcycle,Paved,Clear,High,Parcel,0,15.7,0.4,Morning,Monday,False,Strong,39.1
ORD12409,Birnin Kebbi Hub,Birnin Kebbi,6.7,Keke (Tricycle),Paved,Harmattan Dust,Low,Bulk Goods,1,33.1,2.1,Midday,Sunday,True,Weak,53.1
ORD12410,Birnin Kebbi Hub,Bunza,35.9,Keke (Tricycle),Unpaved,Rain,Low,Documents,1,3.3,2.0,Evening,Wednesday,False,Weak,175.0
ORD12411,Birnin Kebbi Hub,Birnin Kebbi,2.8,Motorcycle,Paved,Clear,Low,Parcel,0,5.3,1.4,Afternoon,Friday,False,Weak,29.5
ORD12412,Birnin Kebbi Hub,Birnin Kebbi,4.1,Keke (Tricycle),Paved,Harmattan Dust,High,Parcel,0,2.5,5.1,Morning,Friday,False,Weak,29.3
ORD12413,Birnin Kebbi Hub,Birnin Kebbi,9.2,Motorcycle,Unpaved,Rain,Low,Food,0,2.1,5.0,Morning,Monday,False,Strong,31.6
ORD12414,Birnin Kebbi Hub,Bunza,42.3,Keke (Tricycle),Unpaved,Clear,Low,Parcel,0,1.1,3.3,Afternoon,Wednesday,False,Strong,143.6
ORD12415,Birnin Kebbi Hub,Jega,45.0,Keke (Tricycle),Paved,Clear,High,Food,0,0.8,1.4,Afternoon,Saturday,True,Weak,162.1
ORD12416,Birnin Kebbi Hub,Jega,65.5,Motorcycle,Paved,Clear,Medium,Documents,0,0.2,3.9,Evening,Wednesday,False,Weak,100.4
ORD12417,Birnin Kebbi Hub,Zuru,184.1,Motorcycle,Unpaved,Clear,High,Food,0,5.2,0.4,Afternoon,Saturday,True,No Signal,704.5
ORD12418,Birnin Kebbi Hub,Kamba,151.2,Truck,Unpaved,Harmattan Dust,Medium,Food,0,0.9,6.3,Evening,Friday,False,Strong,570.0
ORD12419,Birnin Kebbi Hub,Bunza,49.0,Motorcycle,Paved,Rain,Medium,Food,3,11.6,4.8,Evening,Saturday,True,Strong,135.3
ORD12420,Birnin Kebbi Hub,Zuru,175.2,Keke (Tricycle),Paved,Rain,Medium,Food,1,5.1,3.6,Morning,Tuesday,False,Strong,605.9
ORD12421,Birnin Kebbi Hub,Birnin Kebbi,4.1,Keke (Tricycle),Unpaved,Clear,High,Food,0,1.2,4.7,Evening,Saturday,True,Weak,29.7
ORD12422,Birnin Kebbi Hub,Argungu,64.1,Motorcycle,Unpaved,Rain,Low,Food,2,4.8,2.4,Evening,Friday,False,Weak,213.7
ORD12423,Birnin Kebbi Hub,Bunza,45.0,Van,Unpaved,Rain,Low,Food,0,2.7,1.4,Morning,Saturday,True,Weak,148.0
ORD12424,Birnin Kebbi Hub,Bunza,41.5,Motorcycle,Unpaved,Harmattan Dust,Low,Parcel,1,1.1,0.5,Afternoon,Monday,False,Strong,134.2
ORD12425,Birnin Kebbi Hub,Birnin Kebbi,4.0,Motorcycle,Paved,Rain,Low,Parcel,1,5.2,4.3,Morning,Friday,False,Weak,22.2
ORD12426,Birnin Kebbi Hub,Kamba,129.9,Motorcycle,Paved,Harmattan Dust,Low,Parcel,0,6.2,1.6,Morning,Saturday,True,Weak,199.4
ORD12427,Birnin Kebbi Hub,Birnin Kebbi,6.5,Truck,Paved,Clear,Low,Food,0,0.7,3.0,Midday,Thursday,False,Strong,28.6
ORD12428,Birnin Kebbi Hub,Yauri,154.5,Van,Unpaved,Rain,Medium,Parcel,1,0.8,4.7,Evening,Saturday,True,No Signal,572.7
ORD12429,Birnin Kebbi Hub,Birnin Kebbi,6.8,Keke (Tricycle),Paved,Rain,Low,Documents,0,2.1,3.6,Afternoon,Sunday,True,No Signal,45.8
ORD12430,Birnin Kebbi Hub,Zuru,155.5,Van,Paved,Clear,Low,Documents,1,3.1,4.3,Morning,Friday,False,No Signal,181.2
ORD12431,Birnin Kebbi Hub,Birnin Kebbi,7.7,Keke (Tricycle),Paved,Rain,High,Parcel,1,0.6,9.3,Midday,Sunday,True,Strong,49.1
ORD12432,Birnin Kebbi Hub,Argungu,65.6,Keke (Tricycle),Paved,Clear,Low,Parcel,0,8.5,4.3,Morning,Sunday,True,Strong,131.6
ORD12433,Birnin Kebbi Hub,Birnin Kebbi,9.8,Keke (Tricycle),Paved,Clear,Medium,Documents,0,4.7,3.4,Midday,Tuesday,False,Strong,25.3
ORD12434,Birnin Kebbi Hub,Argungu,62.1,Motorcycle,Unpaved,Rain,Low,Food,3,0.3,2.4,Afternoon,Tuesday,False,Weak,214.3
ORD12435,Birnin Kebbi Hub,Jega,51.9,Truck,Unpaved,Rain,Medium,Bulk Goods,1,24.4,1.4,Morning,Friday,False,No Signal,284.1
ORD12436,Birnin Kebbi Hub,Bunza,39.3,Truck,Unpaved,Rain,Low,Food,0,11.3,2.0,Afternoon,Tuesday,False,Strong,158.7
ORD12437,Birnin Kebbi Hub,Jega,58.4,Motorcycle,Paved,Clear,High,Documents,0,3.5,8.2,Midday,Sunday,True,Weak,128.4
ORD12438,Birnin Kebbi Hub,Yauri,174.4,Van,Paved,Clear,Medium,Bulk Goods,1,24.3,0.2,Afternoon,Tuesday,False,Weak,249.9
ORD12439,Birnin Kebbi Hub,Kamba,114.4,Van,Paved,Clear,Low,Parcel,0,8.6,1.9,Morning,Wednesday,False,Strong,122.8
ORD12440,Birnin Kebbi Hub,Jega,58.0,Keke (Tricycle),Paved,Rain,Medium,Food,1,1.0,3.5,Evening,Monday,False,Strong,191.9
ORD12441,Birnin Kebbi Hub,Birnin Kebbi,6.4,Motorcycle,Paved,Clear,Low,Parcel,0,0.5,3.7,Morning,Thursday,False,No Signal,20.4
ORD12442,Birnin Kebbi Hub,Aliero,30.9,Keke (Tricycle),Paved,Clear,Medium,Parcel,0,0.2,3.7,Morning,Thursday,False,No Signal,79.7
ORD12443,Birnin Kebbi Hub,Birnin Kebbi,6.5,Van,Paved,Rain,Low,Documents,1,3.5,3.2,Morning,Monday,False,Weak,27.3
ORD12444,Birnin Kebbi Hub,Bunza,44.0,Motorcycle,Paved,Harmattan Dust,Medium,Bulk Goods,4,14.5,7.7,Midday,Wednesday,False,Strong,104.2
ORD12445,Birnin Kebbi Hub,Birnin Kebbi,11.5,Truck,Paved,Rain,Low,Documents,0,8.5,1.4,Morning,Sunday,True,Strong,38.8
ORD12446,Birnin Kebbi Hub,Aliero,34.6,Motorcycle,Unpaved,Rain,Medium,Parcel,1,4.0,2.0,Morning,Sunday,True,Weak,151.8
ORD12447,Birnin Kebbi Hub,Argungu,59.6,Motorcycle,Unpaved,Clear,High,Food,0,6.4,1.2,Morning,Tuesday,False,Strong,241.4
ORD12448,Birnin Kebbi Hub,Argungu,73.7,Motorcycle,Unpaved,Rain,Medium,Documents,0,10.6,2.1,Midday,Saturday,True,Weak,300.5
ORD12449,Birnin Kebbi Hub,Argungu,67.4,Motorcycle,Unpaved,Clear,Low,Parcel,2,9.4,3.5,Morning,Wednesday,False,No Signal,169.3
ORD12450,Birnin Kebbi Hub,Birnin Kebbi,7.0,Keke (Tricycle),Paved,Rain,High,Parcel,0,0.2,4.7,Evening,Friday,False,Weak,50.7
ORD12451,Birnin Kebbi Hub,Bunza,44.2,Keke (Tricycle),Unpaved,Clear,Medium,Parcel,0,1.0,3.3,Evening,Saturday,True,Strong,187.3
ORD12452,Birnin Kebbi Hub,Birnin Kebbi,6.3,Motorcycle,Paved,Clear,Medium,Food,0,6.6,1.0,Evening,Sunday,True,Strong,21.9
ORD12453,Birnin Kebbi Hub,Yauri,177.6,Motorcycle,Paved,Harmattan Dust,Low,Bulk Goods,0,36.3,4.6,Morning,Wednesday,False,Weak,268.9
ORD12454,Birnin Kebbi Hub,Argungu,72.8,Keke (Tricycle),Unpaved,Harmattan Dust,Low,Food,1,0.7,1.6,Afternoon,Friday,False,Weak,316.8
ORD12455,Birnin Kebbi Hub,Zuru,224.8,Motorcycle,Paved,Rain,High,Food,3,1.7,0.3,Morning,Friday,False,Weak,723.9
ORD12456,Birnin Kebbi Hub,Argungu,75.6,Motorcycle,Paved,Clear,Low,Food,2,1.7,3.8,Midday,Sunday,True,No Signal,109.9
ORD12457,Birnin Kebbi Hub,Birnin Kebbi,5.8,Motorcycle,Paved,Rain,Medium,Bulk Goods,0,32.8,1.8,Midday,Saturday,True,No Signal,57.2
ORD12458,Birnin Kebbi Hub,Birnin Kebbi,4.4,Van,Paved,Clear,Medium,Parcel,0,2.1,0.8,Midday,Monday,False,Strong,21.9
ORD12459,Birnin Kebbi Hub,Argungu,60.7,Keke (Tricycle),Paved,Clear,High,Parcel,0,8.4,4.3,Midday,Saturday,True,No Signal,214.9
ORD12460,Birnin Kebbi Hub,Yauri,173.5,Motorcycle,Paved,Rain,Medium,Parcel,0,1.1,1.3,Evening,Thursday,False,No Signal,386.6
ORD12461,Birnin Kebbi Hub,Bunza,43.1,Van,Paved,Rain,Low,Bulk Goods,2,16.9,3.0,Afternoon,Sunday,True,Weak,104.9
ORD12462,Birnin Kebbi Hub,Argungu,72.9,Keke (Tricycle),Unpaved,Harmattan Dust,Medium,Bulk Goods,1,42.8,0.6,Midday,Thursday,False,Weak,393.3
ORD12463,Birnin Kebbi Hub,Bunza,27.9,Van,Paved,Clear,Low,Parcel,1,0.5,2.4,Midday,Friday,False,No Signal,42.9
ORD12464,Birnin Kebbi Hub,Jega,46.4,Truck,Unpaved,Clear,Medium,Documents,3,1.8,0.6,Midday,Wednesday,False,No Signal,201.1
ORD12465,Birnin Kebbi Hub,Jega,59.9,Motorcycle,Paved,Clear,Low,Food,2,4.0,1.2,Afternoon,Monday,False,Weak,95.1
ORD12466,Birnin Kebbi Hub,Argungu,52.0,Keke (Tricycle),Paved,Clear,Low,Documents,1,9.6,6.8,Midday,Tuesday,False,Weak,97.3
ORD12467,Birnin Kebbi Hub,Zuru,179.7,Motorcycle,Unpaved,Clear,Medium,Documents,0,8.1,3.8,Morning,Thursday,False,Strong,465.0
ORD12468,Birnin Kebbi Hub,Zuru,156.0,Keke (Tricycle),Unpaved,Clear,Low,Parcel,0,5.9,4.7,Morning,Sunday,True,No Signal,514.8
ORD12469,Birnin Kebbi Hub,Yauri,138.1,Keke (Tricycle),Unpaved,Rain,High,Food,0,2.6,2.5,Evening,Saturday,True,Weak,1052.4
ORD12470,Birnin Kebbi Hub,Argungu,57.8,Van,Unpaved,Clear,Low,Bulk Goods,0,30.6,0.7,Afternoon,Sunday,True,Strong,132.4
ORD12471,Birnin Kebbi Hub,Birnin Kebbi,4.0,Motorcycle,Paved,Clear,Medium,Parcel,1,3.2,0.8,Midday,Tuesday,False,Weak,13.3
ORD12472,Birnin Kebbi Hub,Zuru,180.6,Motorcycle,Paved,Harmattan Dust,Medium,Parcel,0,1.0,5.2,Midday,Thursday,False,Weak,309.8
ORD12473,Birnin Kebbi Hub,Bunza,42.9,Motorcycle,Unpaved,Harmattan Dust,Low,Parcel,3,6.3,0.2,Morning,Wednesday,False,Strong,139.0
ORD12474,Birnin Kebbi Hub,Jega,44.7,Motorcycle,Paved,Clear,Medium,Parcel,0,2.8,2.2,Afternoon,Sunday,True,Weak,87.4
ORD12475,Birnin Kebbi Hub,Birnin Kebbi,11.0,Motorcycle,Paved,Clear,Medium,Food,2,1.6,1.1,Morning,Tuesday,False,Weak,42.4
ORD12476,Birnin Kebbi Hub,Yauri,171.9,Motorcycle,Unpaved,Clear,High,Food,0,8.0,3.0,Evening,Tuesday,False,Weak,633.4
ORD12477,Birnin Kebbi Hub,Jega,52.0,Motorcycle,Unpaved,Harmattan Dust,High,Bulk Goods,0,38.5,1.8,Morning,Tuesday,False,Weak,279.3
ORD12478,Birnin Kebbi Hub,Bunza,51.3,Motorcycle,Paved,Rain,High,Documents,1,13.6,1.3,Midday,Friday,False,Strong,178.0
ORD12479,Birnin Kebbi Hub,Bunza,45.1,Keke (Tricycle),Paved,Clear,Low,Parcel,1,1.7,5.9,Evening,Saturday,True,Weak,91.5
ORD12480,Birnin Kebbi Hub,Birnin Kebbi,9.1,Motorcycle,Paved,Rain,Medium,Parcel,0,1.4,1.4,Afternoon,Wednesday,False,Weak,40.0
ORD12481,Birnin Kebbi Hub,Birnin Kebbi,3.4,Van,Paved,Clear,Medium,Food,0,3.7,0.7,Evening,Friday,False,Weak,20.5
ORD12482,Birnin Kebbi Hub,Zuru,214.3,Keke (Tricycle),Paved,Rain,Low,Parcel,0,2.1,0.7,Afternoon,Monday,False,Weak,587.1
ORD12483,Birnin Kebbi Hub,Jega,65.7,Van,Unpaved,Harmattan Dust,Medium,Parcel,2,6.0,3.8,Afternoon,Saturday,True,Strong,228.1
ORD12484,Birnin Kebbi Hub,Yauri,155.0,Motorcycle,Paved,Rain,Low,Food,1,8.9,2.8,Morning,Thursday,False,No Signal,276.7
ORD12485,Birnin Kebbi Hub,Jega,55.5,Motorcycle,Unpaved,Clear,Low,Bulk Goods,1,29.1,0.3,Morning,Tuesday,False,Strong,151.8
ORD12486,Birnin Kebbi Hub,Bunza,43.2,Motorcycle,Paved,Harmattan Dust,Medium,Food,1,1.2,6.6,Morning,Tuesday,False,Strong,89.6
ORD12487,Birnin Kebbi Hub,Jega,56.9,Motorcycle,Paved,Clear,Medium,Parcel,1,8.5,2.1,Afternoon,Tuesday,False,No Signal,101.6
ORD12488,Birnin Kebbi Hub,Birnin Kebbi,2.1,Motorcycle,Paved,Clear,Medium,Documents,0,2.8,2.4,Evening,Monday,False,Strong,11.2
ORD12489,Birnin Kebbi Hub,Birnin Kebbi,6.1,Motorcycle,Paved,Harmattan Dust,Medium,Parcel,0,14.0,1.5,Evening,Saturday,True,Weak,41.3
ORD12490,Birnin Kebbi Hub,Zuru,207.7,Motorcycle,Unpaved,Harmattan Dust,Medium,Parcel,3,3.3,3.5,Morning,Wednesday,False,No Signal,677.0
ORD12491,Birnin Kebbi Hub,Zuru,215.6,Keke (Tricycle),Unpaved,Clear,High,Food,3,6.7,0.4,Morning,Monday,False,No Signal,1266.5
ORD12492,Birnin Kebbi Hub,Jega,52.0,Van,Paved,Rain,Medium,Food,0,3.6,1.5,Morning,Monday,False,Weak,122.9
ORD12493,Birnin Kebbi Hub,Birnin Kebbi,3.1,Motorcycle,Paved,Clear,Low,Parcel,3,0.2,2.0,Midday,Tuesday,False,Strong,24.8
ORD12494,Birnin Kebbi Hub,Kamba,139.7,Motorcycle,Paved,Clear,High,Bulk Goods,0,20.5,2.2,Morning,Thursday,False,Strong,303.1
ORD12495,Birnin Kebbi Hub,Jega,39.6,Motorcycle,Unpaved,Harmattan Dust,Medium,Bulk Goods,0,11.0,2.0,Afternoon,Tuesday,False,Strong,143.6
ORD12496,Birnin Kebbi Hub,Argungu,82.2,Motorcycle,Unpaved,Clear,High,Food,0,1.2,2.3,Evening,Monday,False,Weak,303.4
ORD12497,Birnin Kebbi Hub,Aliero,37.9,Van,Paved,Rain,Low,Parcel,0,2.5,4.0,Evening,Wednesday,False,Strong,66.4
ORD12498,Birnin Kebbi Hub,Jega,58.9,Motorcycle,Paved,Clear,Medium,Parcel,2,4.6,3.7,Evening,Wednesday,False,Weak,105.2
ORD12499,Birnin Kebbi Hub,Birnin Kebbi,3.7,Van,Paved,Harmattan Dust,Low,Food,0,1.3,3.4,Morning,Wednesday,False,Weak,21.8
ORD12500,Birnin Kebbi Hub,Birnin Kebbi,5.4,Keke (Tricycle),Paved,Rain,Medium,Documents,1,1.8,3.3,Evening,Monday,False,Strong,38.4
ORD12501,Birnin Kebbi Hub,Birnin Kebbi,4.6,Motorcycle,Paved,Clear,Low,Bulk Goods,0,30.9,1.9,Morning,Sunday,True,Strong,49.3
ORD12502,Birnin Kebbi Hub,Jega,66.1,Motorcycle,Unpaved,Clear,Medium,Documents,0,5.3,1.9,Evening,Thursday,False,Weak,180.4
ORD12503,Birnin Kebbi Hub,Bunza,33.9,Van,Unpaved,Clear,Medium,Parcel,0,0.2,7.5,Evening,Wednesday,False,Strong,79.3
ORD12504,Birnin Kebbi Hub,Birnin Kebbi,4.2,Keke (Tricycle),Paved,Rain,Medium,Bulk Goods,2,30.6,0.9,Midday,Sunday,True,No Signal,51.0
ORD12505,Birnin Kebbi Hub,Kamba,114.4,Motorcycle,Paved,Clear,Low,Food,2,15.0,6.4,Evening,Friday,False,Strong,136.0
ORD12506,Birnin Kebbi Hub,Kamba,131.1,Motorcycle,Paved,Clear,Medium,Documents,3,13.3,4.2,Morning,Tuesday,False,No Signal,214.4
ORD12507,Birnin Kebbi Hub,Birnin Kebbi,6.1,Motorcycle,Paved,Clear,Medium,Documents,0,0.7,3.4,Evening,Friday,False,Strong,11.7
ORD12508,Birnin Kebbi Hub,Argungu,61.9,Motorcycle,Unpaved,Harmattan Dust,Medium,Food,1,2.8,1.1,Midday,Friday,False,Weak,211.4
ORD12509,Birnin Kebbi Hub,Birnin Kebbi,5.9,Van,Paved,Rain,High,Bulk Goods,0,28.6,1.0,Evening,Sunday,True,No Signal,37.2
ORD12510,Birnin Kebbi Hub,Jega,47.7,Van,Unpaved,Rain,Medium,Food,0,2.5,6.5,Midday,Tuesday,False,Strong,161.3
ORD12511,Birnin Kebbi Hub,Yauri,128.2,Motorcycle,Paved,Clear,High,Documents,0,4.4,1.6,Midday,Wednesday,False,Strong,256.3
ORD12512,Birnin Kebbi Hub,Birnin Kebbi,6.9,Van,Paved,Harmattan Dust,High,Parcel,0,5.2,4.8,Morning,Sunday,True,No Signal,38.4
ORD12513,Birnin Kebbi Hub,Birnin Kebbi,10.2,Van,Unpaved,Clear,Low,Parcel,4,4.4,1.9,Midday,Friday,False,Strong,66.4
ORD12514,Birnin Kebbi Hub,Jega,61.0,Motorcycle,Unpaved,Clear,High,Bulk Goods,2,34.8,4.4,Morning,Saturday,True,No Signal,256.3
ORD12515,Birnin Kebbi Hub,Jega,54.8,Motorcycle,Paved,Rain,Low,Documents,0,0.2,3.6,Evening,Saturday,True,Strong,107.6
ORD12516,Birnin Kebbi Hub,Birnin Kebbi,7.2,Van,Paved,Harmattan Dust,High,Parcel,0,1.8,0.8,Afternoon,Sunday,True,Strong,40.4
ORD12517,Birnin Kebbi Hub,Birnin Kebbi,4.2,Keke (Tricycle),Paved,Rain,Low,Parcel,0,6.6,1.3,Midday,Thursday,False,Strong,35.4
ORD12518,Birnin Kebbi Hub,Birnin Kebbi,5.9,Keke (Tricycle),Paved,Clear,High,Parcel,3,4.9,3.5,Afternoon,Thursday,False,No Signal,58.1
ORD12519,Birnin Kebbi Hub,Birnin Kebbi,9.3,Keke (Tricycle),Paved,Harmattan Dust,Low,Food,0,0.8,1.9,Midday,Thursday,False,Strong,26.1
ORD12520,Birnin Kebbi Hub,Argungu,77.4,Motorcycle,Unpaved,Clear,High,Food,0,10.8,4.9,Evening,Tuesday,False,No Signal,299.8
ORD12521,Birnin Kebbi Hub,Argungu,71.9,Motorcycle,Paved,Rain,Medium,Bulk Goods,3,32.4,5.1,Evening,Monday,False,Strong,187.4
ORD12522,Birnin Kebbi Hub,Birnin Kebbi,4.3,Van,Paved,Clear,Low,Bulk Goods,3,33.8,6.8,Midday,Wednesday,False,Weak,51.0
ORD12523,Birnin Kebbi Hub,Argungu,67.4,Motorcycle,Unpaved,Clear,High,Food,4,0.2,0.9,Evening,Thursday,False,Weak,280.1
ORD12524,Birnin Kebbi Hub,Argungu,53.1,Motorcycle,Unpaved,Rain,Low,Bulk Goods,0,44.1,1.8,Midday,Saturday,True,Weak,196.5
ORD12525,Birnin Kebbi Hub,Kamba,103.7,Van,Unpaved,Clear,Medium,Food,0,7.7,6.9,Evening,Wednesday,False,Weak,237.7
ORD12526,Birnin Kebbi Hub,Jega,53.6,Motorcycle,Unpaved,Harmattan Dust,Low,Food,1,4.9,1.6,Morning,Tuesday,False,No Signal,163.0
ORD12527,Birnin Kebbi Hub,Birnin Kebbi,6.1,Motorcycle,Paved,Harmattan Dust,Low,Parcel,0,3.5,1.5,Midday,Saturday,True,Strong,18.6
ORD12528,Birnin Kebbi Hub,Zuru,167.8,Van,Unpaved,Rain,High,Food,0,9.9,0.5,Morning,Saturday,True,Weak,882.3
ORD12529,Birnin Kebbi Hub,Birnin Kebbi,6.7,Van,Paved,Clear,Low,Food,3,2.8,1.8,Afternoon,Saturday,True,No Signal,57.5
ORD12530,Birnin Kebbi Hub,Jega,50.9,Van,Paved,Rain,Low,Bulk Goods,0,35.4,0.6,Evening,Friday,False,No Signal,107.7
ORD12531,Birnin Kebbi Hub,Birnin Kebbi,2.7,Van,Paved,Clear,Medium,Food,2,2.5,2.9,Midday,Tuesday,False,Strong,27.6
ORD12532,Birnin Kebbi Hub,Bunza,28.2,Van,Unpaved,Clear,Medium,Parcel,0,8.1,2.0,Midday,Sunday,True,Weak,75.8
ORD12533,Birnin Kebbi Hub,Argungu,69.7,Keke (Tricycle),Paved,Clear,High,Parcel,0,9.9,3.1,Morning,Wednesday,False,No Signal,244.9
ORD12534,Birnin Kebbi Hub,Birnin Kebbi,7.4,Truck,Paved,Harmattan Dust,Medium,Parcel,3,3.4,1.1,Morning,Monday,False,Strong,66.6
ORD12535,Birnin Kebbi Hub,Bunza,46.8,Motorcycle,Paved,Clear,High,Parcel,0,0.7,10.0,Midday,Tuesday,False,Strong,88.3
ORD12536,Birnin Kebbi Hub,Argungu,72.3,Van,Unpaved,Clear,Low,Parcel,0,1.1,6.2,Morning,Sunday,True,Weak,156.4
ORD12537,Birnin Kebbi Hub,Zuru,168.8,Keke (Tricycle),Paved,Clear,Low,Bulk Goods,0,10.5,4.2,Afternoon,Sunday,True,Strong,314.6
ORD12538,Birnin Kebbi Hub,Argungu,67.1,Van,Unpaved,Clear,Low,Documents,2,6.2,2.6,Midday,Tuesday,False,Weak,158.5
ORD12539,Birnin Kebbi Hub,Birnin Kebbi,7.1,Van,Paved,Harmattan Dust,Medium,Parcel,4,1.1,0.5,Evening,Tuesday,False,Strong,40.8
ORD12540,Birnin Kebbi Hub,Jega,66.9,Motorcycle,Paved,Clear,Low,Documents,0,1.1,0.6,Midday,Sunday,True,Strong,81.7
ORD12541,Birnin Kebbi Hub,Argungu,66.5,Keke (Tricycle),Unpaved,Clear,High,Food,0,23.4,3.5,Afternoon,Friday,False,Weak,404.7
ORD12542,Birnin Kebbi Hub,Zuru,200.5,Truck,Unpaved,Rain,High,Food,0,10.2,4.7,Afternoon,Friday,False,Strong,1367.6
ORD12543,Birnin Kebbi Hub,Argungu,57.4,Keke (Tricycle),Unpaved,Clear,Medium,Parcel,1,0.2,3.0,Afternoon,Wednesday,False,Strong,232.8
ORD12544,Birnin Kebbi Hub,Birnin Kebbi,5.4,Motorcycle,Paved,Clear,Low,Food,1,9.1,2.0,Afternoon,Tuesday,False,Weak,24.0
ORD12545,Birnin Kebbi Hub,Aliero,35.6,Motorcycle,Paved,Rain,High,Food,0,2.1,3.3,Morning,Friday,False,Weak,124.9
ORD12546,Birnin Kebbi Hub,Birnin Kebbi,6.9,Keke (Tricycle),Unpaved,Clear,Medium,Bulk Goods,0,25.8,2.8,Evening,Thursday,False,Strong,44.5
ORD12547,Birnin Kebbi Hub,Jega,52.2,Motorcycle,Paved,Harmattan Dust,Low,Parcel,0,4.3,4.1,Evening,Friday,False,Weak,80.8
ORD12548,Birnin Kebbi Hub,Zuru,183.8,Truck,Paved,Rain,Low,Parcel,1,0.6,1.7,Midday,Thursday,False,Weak,396.3
ORD12549,Birnin Kebbi Hub,Zuru,168.1,Motorcycle,Unpaved,Harmattan Dust,Low,Parcel,0,14.6,3.0,Afternoon,Wednesday,False,No Signal,466.0
ORD12550,Birnin Kebbi Hub,Aliero,38.9,Motorcycle,Paved,Harmattan Dust,Medium,Parcel,3,2.7,6.9,Afternoon,Saturday,True,Weak,90.3
ORD12551,Birnin Kebbi Hub,Kamba,112.0,Truck,Paved,Clear,Medium,Bulk Goods,0,22.2,3.2,Evening,Monday,False,Weak,192.0
ORD12552,Birnin Kebbi Hub,Birnin Kebbi,1.5,Motorcycle,Paved,Clear,Low,Parcel,0,1.3,1.9,Midday,Friday,False,Weak,8.0
ORD12553,Birnin Kebbi Hub,Birnin Kebbi,4.2,Van,Paved,Clear,Medium,Bulk Goods,0,38.1,4.4,Morning,Monday,False,Weak,29.0
ORD12554,Birnin Kebbi Hub,Bunza,48.0,Keke (Tricycle),Paved,Rain,High,Parcel,0,5.3,0.6,Midday,Thursday,False,Strong,249.0
ORD12555,Birnin Kebbi Hub,Kamba,134.4,Keke (Tricycle),Unpaved,Clear,Medium,Food,0,4.3,4.9,Afternoon,Thursday,False,Strong,529.4
ORD12556,Birnin Kebbi Hub,Aliero,34.0,Motorcycle,Paved,Rain,Medium,Bulk Goods,0,18.1,3.9,Evening,Wednesday,False,No Signal,88.8
ORD12557,Birnin Kebbi Hub,Birnin Kebbi,5.2,Keke (Tricycle),Paved,Clear,Low,Food,1,0.2,6.2,Midday,Monday,False,Strong,23.0
ORD12558,Birnin Kebbi Hub,Birnin Kebbi,7.2,Keke (Tricycle),Paved,Rain,Low,Bulk Goods,0,32.3,2.9,Midday,Monday,False,No Signal,62.6
ORD12559,Birnin Kebbi Hub,Bunza,46.7,Motorcycle,Unpaved,Rain,Low,Food,3,0.5,1.0,Evening,Wednesday,False,Strong,175.0
ORD12560,Birnin Kebbi Hub,Bunza,44.1,Motorcycle,Unpaved,Clear,Low,Food,0,1.9,8.1,Evening,Friday,False,Strong,90.3
ORD12561,Birnin Kebbi Hub,Zuru,222.0,Motorcycle,Unpaved,Clear,Low,Food,0,10.5,3.2,Evening,Monday,False,Weak,456.1
ORD12562,Birnin Kebbi Hub,Jega,63.2,Motorcycle,Unpaved,Clear,Medium,Food,3,8.7,2.6,Morning,Sunday,True,Strong,185.7
ORD12563,Birnin Kebbi Hub,Birnin Kebbi,4.9,Motorcycle,Paved,Clear,Low,Food,0,3.8,1.3,Evening,Wednesday,False,Weak,16.9
ORD12564,Birnin Kebbi Hub,Birnin Kebbi,6.2,Van,Unpaved,Clear,High,Parcel,1,1.3,0.8,Midday,Friday,False,Strong,35.3
ORD12565,Birnin Kebbi Hub,Birnin Kebbi,1.5,Keke (Tricycle),Paved,Harmattan Dust,Low,Bulk Goods,1,18.9,2.3,Morning,Thursday,False,Weak,36.3
ORD12566,Birnin Kebbi Hub,Jega,50.6,Keke (Tricycle),Paved,Rain,Low,Food,0,11.8,4.7,Morning,Tuesday,False,Weak,151.5
ORD12567,Birnin Kebbi Hub,Argungu,64.2,Van,Paved,Clear,Low,Food,1,0.2,2.8,Evening,Sunday,True,No Signal,83.6
ORD12568,Birnin Kebbi Hub,Birnin Kebbi,4.3,Truck,Paved,Clear,Medium,Bulk Goods,0,28.7,1.2,Morning,Monday,False,Weak,28.9
ORD12569,Birnin Kebbi Hub,Aliero,36.5,Motorcycle,Paved,Harmattan Dust,High,Parcel,0,1.6,1.3,Morning,Tuesday,False,Weak,110.9
ORD12570,Birnin Kebbi Hub,Bunza,49.8,Keke (Tricycle),Unpaved,Clear,Low,Parcel,0,3.9,3.0,Midday,Monday,False,No Signal,169.5
ORD12571,Birnin Kebbi Hub,Kamba,147.6,Van,Paved,Clear,Low,Documents,0,5.0,0.6,Afternoon,Saturday,True,Strong,173.8
ORD12572,Birnin Kebbi Hub,Birnin Kebbi,7.7,Motorcycle,Paved,Clear,Medium,Documents,0,1.7,0.9,Morning,Monday,False,Strong,21.6
ORD12573,Birnin Kebbi Hub,Argungu,72.3,Motorcycle,Unpaved,Clear,High,Bulk Goods,0,39.3,4.0,Afternoon,Wednesday,False,Strong,294.0
ORD12574,Birnin Kebbi Hub,Zuru,175.4,Truck,Paved,Clear,High,Parcel,0,4.2,1.5,Morning,Wednesday,False,Strong,435.9
ORD12575,Birnin Kebbi Hub,Birnin Kebbi,7.9,Motorcycle,Paved,Clear,Medium,Documents,0,1.8,1.4,Evening,Saturday,True,No Signal,24.2
ORD12576,Birnin Kebbi Hub,Bunza,40.4,Truck,Paved,Clear,High,Parcel,0,5.2,0.5,Morning,Thursday,False,No Signal,117.0
ORD12577,Birnin Kebbi Hub,Jega,63.7,Motorcycle,Unpaved,Clear,Low,Parcel,0,0.4,1.3,Midday,Saturday,True,Strong,151.8
ORD12578,Birnin Kebbi Hub,Yauri,140.4,Keke (Tricycle),Paved,Rain,High,Bulk Goods,3,28.3,4.2,Midday,Friday,False,Weak,719.4
ORD12579,Birnin Kebbi Hub,Bunza,43.8,Motorcycle,Paved,Rain,Medium,Documents,0,12.5,6.5,Midday,Saturday,True,Strong,109.8
ORD12580,Birnin Kebbi Hub,Birnin Kebbi,1.8,Keke (Tricycle),Paved,Rain,High,Bulk Goods,0,30.7,1.6,Afternoon,Thursday,False,Strong,30.9
ORD12581,Birnin Kebbi Hub,Jega,60.5,Van,Paved,Harmattan Dust,Low,Food,0,0.8,6.0,Morning,Saturday,True,Weak,101.5
ORD12582,Birnin Kebbi Hub,Birnin Kebbi,4.7,Motorcycle,Paved,Harmattan Dust,Medium,Food,1,10.5,1.5,Evening,Wednesday,False,Weak,17.2
ORD12583,Birnin Kebbi Hub,Kamba,128.9,Truck,Unpaved,Clear,Low,Parcel,2,3.2,2.2,Evening,Saturday,True,Strong,347.8
ORD12584,Birnin Kebbi Hub,Bunza,46.2,Keke (Tricycle),Paved,Rain,Medium,Parcel,0,0.9,3.3,Evening,Tuesday,False,Strong,168.3
ORD12585,Birnin Kebbi Hub,Birnin Kebbi,5.6,Motorcycle,Paved,Rain,Medium,Parcel,2,2.6,1.1,Afternoon,Sunday,True,Strong,41.3
ORD12586,Birnin Kebbi Hub,Birnin Kebbi,8.2,Keke (Tricycle),Paved,Rain,Medium,Bulk Goods,0,21.8,8.4,Morning,Friday,False,Strong,42.3
ORD12587,Birnin Kebbi Hub,Birnin Kebbi,6.0,Van,Paved,Clear,Medium,Bulk Goods,0,22.4,0.6,Midday,Friday,False,Strong,14.7
ORD12588,Birnin Kebbi Hub,Birnin Kebbi,2.9,Motorcycle,Paved,Clear,High,Bulk Goods,0,32.2,3.8,Evening,Sunday,True,Strong,29.0
ORD12589,Birnin Kebbi Hub,Argungu,73.0,Motorcycle,Unpaved,Rain,High,Parcel,1,2.1,0.7,Afternoon,Tuesday,False,No Signal,433.7
ORD12590,Birnin Kebbi Hub,Bunza,48.4,Truck,Unpaved,Clear,High,Parcel,1,3.5,1.4,Evening,Sunday,True,Strong,241.1
ORD12591,Birnin Kebbi Hub,Yauri,148.1,Keke (Tricycle),Unpaved,Clear,Low,Bulk Goods,1,31.6,2.2,Midday,Wednesday,False,Strong,487.3
ORD12592,Birnin Kebbi Hub,Kamba,156.6,Motorcycle,Paved,Harmattan Dust,Medium,Bulk Goods,4,15.5,2.7,Midday,Sunday,True,Weak,318.1
ORD12593,Birnin Kebbi Hub,Birnin Kebbi,3.7,Keke (Tricycle),Paved,Rain,High,Documents,0,3.7,0.5,Evening,Sunday,True,Strong,42.1
ORD12594,Birnin Kebbi Hub,Argungu,66.0,Keke (Tricycle),Unpaved,Rain,Medium,Parcel,2,0.4,2.8,Afternoon,Sunday,True,Strong,434.7
ORD12595,Birnin Kebbi Hub,Birnin Kebbi,5.6,Van,Paved,Harmattan Dust,Low,Bulk Goods,3,13.7,0.5,Morning,Friday,False,Weak,59.6
ORD12596,Birnin Kebbi Hub,Birnin Kebbi,3.9,Motorcycle,Paved,Clear,Medium,Bulk Goods,0,26.5,4.4,Afternoon,Wednesday,False,Weak,36.4
ORD12597,Birnin Kebbi Hub,Birnin Kebbi,7.3,Motorcycle,Paved,Clear,Low,Parcel,4,0.6,0.4,Morning,Friday,False,Weak,38.0
ORD12598,Birnin Kebbi Hub,Kamba,157.4,Van,Paved,Rain,High,Bulk Goods,1,20.4,2.9,Morning,Friday,False,Weak,460.8
ORD12599,Birnin Kebbi Hub,Argungu,68.9,Keke (Tricycle),Unpaved,Clear,Medium,Parcel,0,6.8,1.6,Morning,Sunday,True,Weak,287.7
ORD12600,Birnin Kebbi Hub,Argungu,65.7,Motorcycle,Paved,Clear,Low,Parcel,1,15.1,3.9,Evening,Saturday,True,Strong,89.7
ORD12601,Birnin Kebbi Hub,Argungu,57.7,Keke (Tricycle),Paved,Clear,High,Documents,0,4.1,5.8,Midday,Tuesday,False,Weak,191.8
ORD12602,Birnin Kebbi Hub,Jega,58.1,Keke (Tricycle),Unpaved,Harmattan Dust,Medium,Parcel,2,7.5,2.6,Evening,Sunday,True,No Signal,322.7
ORD12603,Birnin Kebbi Hub,Aliero,47.0,Motorcycle,Unpaved,Harmattan Dust,High,Food,3,3.4,0.3,Morning,Tuesday,False,No Signal,247.1
ORD12604,Birnin Kebbi Hub,Zuru,191.2,Motorcycle,Paved,Clear,Low,Parcel,1,3.1,3.4,Midday,Sunday,True,Strong,227.0
ORD12605,Birnin Kebbi Hub,Birnin Kebbi,3.4,Motorcycle,Paved,Clear,Medium,Parcel,0,1.0,3.1,Midday,Sunday,True,Strong,15.3
ORD12606,Birnin Kebbi Hub,Zuru,179.2,Van,Paved,Clear,Medium,Documents,3,3.4,6.3,Morning,Wednesday,False,Weak,274.5
ORD12607,Birnin Kebbi Hub,Birnin Kebbi,5.9,Motorcycle,Paved,Rain,Low,Food,0,7.2,3.0,Morning,Saturday,True,Weak,29.6
ORD12608,Birnin Kebbi Hub,Bunza,44.7,Motorcycle,Unpaved,Clear,Low,Parcel,0,6.6,3.0,Midday,Friday,False,Strong,101.0
ORD12609,Birnin Kebbi Hub,Jega,54.1,Motorcycle,Unpaved,Clear,Medium,Food,0,0.4,2.3,Evening,Thursday,False,Strong,131.8
ORD12610,Birnin Kebbi Hub,Birnin Kebbi,8.6,Keke (Tricycle),Unpaved,Clear,Medium,Documents,0,0.2,6.2,Morning,Wednesday,False,Weak,55.1
ORD12611,Birnin Kebbi Hub,Birnin Kebbi,5.9,Motorcycle,Unpaved,Harmattan Dust,High,Documents,1,9.8,0.9,Morning,Monday,False,Weak,55.2
ORD12612,Birnin Kebbi Hub,Yauri,195.0,Keke (Tricycle),Unpaved,Clear,Low,Parcel,0,0.4,2.0,Evening,Wednesday,False,Weak,620.8
ORD12613,Birnin Kebbi Hub,Aliero,31.9,Keke (Tricycle),Paved,Clear,High,Food,0,1.9,0.8,Midday,Tuesday,False,Strong,114.1
ORD12614,Birnin Kebbi Hub,Yauri,131.6,Truck,Unpaved,Clear,Medium,Bulk Goods,2,24.3,1.1,Morning,Wednesday,False,Strong,440.3
ORD12615,Birnin Kebbi Hub,Jega,57.4,Motorcycle,Paved,Clear,Low,Parcel,3,0.2,0.7,Morning,Tuesday,False,No Signal,93.1
ORD12616,Birnin Kebbi Hub,Jega,61.0,Motorcycle,Unpaved,Clear,Low,Parcel,1,2.2,2.5,Evening,Monday,False,Weak,146.8
ORD12617,Birnin Kebbi Hub,Bunza,46.6,Motorcycle,Unpaved,Rain,Low,Documents,1,1.1,0.7,Midday,Wednesday,False,No Signal,167.2
ORD12618,Birnin Kebbi Hub,Birnin Kebbi,4.8,Van,Paved,Clear,Medium,Parcel,1,2.3,0.6,Evening,Sunday,True,Strong,23.0
ORD12619,Birnin Kebbi Hub,Bunza,37.7,Keke (Tricycle),Unpaved,Clear,Medium,Parcel,3,12.5,1.2,Morning,Friday,False,Weak,190.8
ORD12620,Birnin Kebbi Hub,Birnin Kebbi,5.1,Truck,Paved,Clear,High,Parcel,3,2.0,2.6,Midday,Monday,False,Strong,58.9
ORD12621,Birnin Kebbi Hub,Birnin Kebbi,6.9,Motorcycle,Paved,Clear,Low,Documents,0,13.8,3.5,Morning,Wednesday,False,Strong,29.6
ORD12622,Birnin Kebbi Hub,Birnin Kebbi,1.5,Motorcycle,Paved,Clear,Medium,Parcel,1,0.6,5.0,Evening,Monday,False,Weak,10.0
ORD12623,Birnin Kebbi Hub,Yauri,168.5,Motorcycle,Paved,Harmattan Dust,Low,Parcel,0,2.7,1.9,Evening,Monday,False,Weak,244.3
ORD12624,Birnin Kebbi Hub,Argungu,76.2,Motorcycle,Paved,Rain,Low,Parcel,3,8.9,2.4,Morning,Monday,False,Strong,164.5
ORD12625,Birnin Kebbi Hub,Aliero,36.1,Van,Paved,Clear,Low,Food,0,7.5,1.8,Midday,Thursday,False,Weak,47.6
ORD12626,Birnin Kebbi Hub,Birnin Kebbi,5.8,Motorcycle,Paved,Clear,Medium,Food,1,0.6,4.5,Evening,Tuesday,False,Weak,12.0
ORD12627,Birnin Kebbi Hub,Birnin Kebbi,5.6,Motorcycle,Paved,Clear,High,Parcel,2,4.9,2.8,Midday,Tuesday,False,Strong,23.4
ORD12628,Birnin Kebbi Hub,Argungu,60.2,Motorcycle,Paved,Clear,High,Parcel,0,2.6,2.3,Midday,Sunday,True,Weak,137.8
ORD12629,Birnin Kebbi Hub,Argungu,67.1,Motorcycle,Unpaved,Rain,Medium,Bulk Goods,0,17.9,1.6,Afternoon,Thursday,False,Strong,277.3
ORD12630,Birnin Kebbi Hub,Birnin Kebbi,8.3,Motorcycle,Paved,Clear,High,Parcel,0,1.5,1.0,Morning,Saturday,True,Weak,40.3
ORD12631,Birnin Kebbi Hub,Argungu,74.6,Van,Paved,Clear,High,Documents,2,3.6,3.2,Evening,Wednesday,False,Strong,158.2
ORD12632,Birnin Kebbi Hub,Jega,63.3,Van,Paved,Clear,Medium,Parcel,1,2.6,4.7,Evening,Thursday,False,Strong,102.4
ORD12633,Birnin Kebbi Hub,Bunza,51.0,Van,Unpaved,Clear,Low,Parcel,0,0.2,1.6,Afternoon,Saturday,True,Weak,121.3
ORD12634,Birnin Kebbi Hub,Yauri,141.9,Truck,Unpaved,Harmattan Dust,Low,Documents,0,1.2,0.7,Midday,Thursday,False,Weak,445.0
ORD12635,Birnin Kebbi Hub,Birnin Kebbi,4.4,Motorcycle,Paved,Rain,Low,Parcel,0,0.5,4.4,Afternoon,Monday,False,Weak,25.9
ORD12636,Birnin Kebbi Hub,Bunza,48.1,Truck,Paved,Rain,Low,Food,1,4.4,1.9,Morning,Wednesday,False,Weak,133.8
ORD12637,Birnin Kebbi Hub,Birnin Kebbi,3.7,Motorcycle,Unpaved,Clear,Medium,Parcel,2,3.9,1.8,Midday,Saturday,True,Strong,45.6
ORD12638,Birnin Kebbi Hub,Argungu,65.6,Keke (Tricycle),Paved,Clear,Low,Food,4,0.5,2.3,Morning,Friday,False,Strong,149.6
ORD12639,Birnin Kebbi Hub,Yauri,164.4,Keke (Tricycle),Paved,Clear,Low,Parcel,3,6.0,3.6,Midday,Sunday,True,Strong,326.5
ORD12640,Birnin Kebbi Hub,Birnin Kebbi,6.6,Motorcycle,Paved,Harmattan Dust,Low,Food,1,14.4,0.2,Midday,Thursday,False,No Signal,47.4
ORD12641,Birnin Kebbi Hub,Kamba,144.9,Motorcycle,Unpaved,Clear,Medium,Food,0,1.3,2.4,Afternoon,Friday,False,No Signal,393.5
ORD12642,Birnin Kebbi Hub,Birnin Kebbi,3.5,Keke (Tricycle),Paved,Clear,Low,Parcel,0,4.4,6.8,Afternoon,Friday,False,Strong,15.5
ORD12643,Birnin Kebbi Hub,Birnin Kebbi,5.6,Motorcycle,Paved,Clear,Medium,Parcel,3,3.2,1.8,Evening,Thursday,False,Strong,22.2
ORD12644,Birnin Kebbi Hub,Jega,57.8,Motorcycle,Paved,Clear,Low,Documents,0,2.4,5.6,Morning,Saturday,True,Weak,70.5
ORD12645,Birnin Kebbi Hub,Jega,66.8,Truck,Paved,Clear,Medium,Documents,1,1.0,3.7,Morning,Sunday,True,Strong,133.0
ORD12646,Birnin Kebbi Hub,Birnin Kebbi,6.4,Motorcycle,Paved,Clear,Low,Documents,3,1.9,5.8,Morning,Monday,False,Strong,28.9
ORD12647,Birnin Kebbi Hub,Argungu,59.2,Keke (Tricycle),Unpaved,Clear,Medium,Parcel,0,3.9,2.3,Midday,Tuesday,False,No Signal,247.9
ORD12648,Birnin Kebbi Hub,Kamba,147.6,Motorcycle,Paved,Clear,Medium,Parcel,0,5.5,1.2,Morning,Wednesday,False,Strong,219.3
ORD12649,Birnin Kebbi Hub,Birnin Kebbi,5.3,Motorcycle,Unpaved,Clear,High,Parcel,0,1.1,2.5,Morning,Sunday,True,No Signal,41.2
ORD12650,Birnin Kebbi Hub,Yauri,176.9,Motorcycle,Paved,Clear,Low,Food,3,1.0,1.7,Evening,Thursday,False,Strong,210.3
ORD12651,Birnin Kebbi Hub,Birnin Kebbi,5.4,Van,Paved,Harmattan Dust,High,Parcel,1,4.1,1.9,Evening,Monday,False,Strong,26.5
ORD12652,Birnin Kebbi Hub,Aliero,34.7,Van,Unpaved,Harmattan Dust,Medium,Parcel,2,4.9,1.4,Morning,Friday,False,No Signal,134.4
ORD12653,Birnin Kebbi Hub,Birnin Kebbi,6.7,Motorcycle,Paved,Clear,Medium,Food,1,0.8,0.9,Morning,Tuesday,False,Weak,27.8
ORD12654,Birnin Kebbi Hub,Birnin Kebbi,6.8,Motorcycle,Paved,Rain,Low,Parcel,2,0.6,1.7,Afternoon,Monday,False,Weak,41.8
ORD12655,Birnin Kebbi Hub,Bunza,44.0,Motorcycle,Paved,Clear,Low,Bulk Goods,2,25.4,2.7,Midday,Sunday,True,Strong,89.9
ORD12656,Birnin Kebbi Hub,Birnin Kebbi,7.0,Van,Paved,Rain,Low,Parcel,4,5.5,0.1,Evening,Thursday,False,No Signal,71.5
ORD12657,Birnin Kebbi Hub,Zuru,150.1,Keke (Tricycle),Unpaved,Rain,High,Food,0,0.3,2.1,Evening,Sunday,True,No Signal,1142.5
ORD12658,Birnin Kebbi Hub,Jega,52.3,Motorcycle,Paved,Clear,High,Food,0,0.9,3.6,Evening,Tuesday,False,Weak,101.2
ORD12659,Birnin Kebbi Hub,Yauri,164.0,Van,Unpaved,Clear,Medium,Parcel,3,3.1,1.0,Midday,Sunday,True,Strong,422.4
ORD12660,Birnin Kebbi Hub,Birnin Kebbi,6.6,Truck,Paved,Harmattan Dust,High,Food,1,0.6,0.6,Midday,Saturday,True,Strong,42.3
ORD12661,Birnin Kebbi Hub,Zuru,183.4,Keke (Tricycle),Unpaved,Rain,Low,Bulk Goods,0,22.9,1.5,Midday,Tuesday,False,No Signal,908.9
ORD12662,Birnin Kebbi Hub,Bunza,48.3,Van,Paved,Clear,Medium,Parcel,0,1.5,2.4,Afternoon,Saturday,True,Strong,81.8
ORD12663,Birnin Kebbi Hub,Kamba,121.9,Keke (Tricycle),Unpaved,Clear,Medium,Food,3,15.5,3.0,Evening,Friday,False,Strong,509.6
ORD12664,Birnin Kebbi Hub,Bunza,38.6,Van,Paved,Clear,Low,Bulk Goods,2,38.7,7.8,Midday,Sunday,True,Strong,61.6
ORD12665,Birnin Kebbi Hub,Aliero,35.5,Truck,Paved,Rain,Medium,Food,0,3.0,3.7,Midday,Tuesday,False,Strong,96.2
ORD12666,Birnin Kebbi Hub,Aliero,31.9,Motorcycle,Paved,Rain,Low,Documents,1,2.6,3.8,Evening,Friday,False,No Signal,67.9
ORD12667,Birnin Kebbi Hub,Birnin Kebbi,4.2,Motorcycle,Unpaved,Harmattan Dust,Medium,Food,2,3.2,2.2,Afternoon,Friday,False,Strong,35.3
ORD12668,Birnin Kebbi Hub,Birnin Kebbi,4.0,Keke (Tricycle),Paved,Clear,High,Food,0,8.4,2.8,Morning,Sunday,True,Weak,40.1
ORD12669,Birnin Kebbi Hub,Birnin Kebbi,3.4,Motorcycle,Paved,Clear,Medium,Documents,2,1.3,0.7,Morning,Thursday,False,Strong,32.8
ORD12670,Birnin Kebbi Hub,Aliero,37.2,Keke (Tricycle),Unpaved,Rain,Medium,Parcel,1,1.6,3.5,Afternoon,Wednesday,False,Weak,245.5
ORD12671,Birnin Kebbi Hub,Birnin Kebbi,6.2,Keke (Tricycle),Paved,Clear,Low,Documents,0,0.5,2.2,Afternoon,Monday,False,Weak,24.2
ORD12672,Birnin Kebbi Hub,Kamba,135.1,Van,Paved,Clear,High,Documents,0,4.0,0.8,Afternoon,Saturday,True,Strong,278.9
ORD12673,Birnin Kebbi Hub,Birnin Kebbi,5.7,Truck,Paved,Clear,High,Parcel,0,4.6,5.3,Evening,Wednesday,False,Strong,14.6
ORD12674,Birnin Kebbi Hub,Zuru,174.9,Van,Unpaved,Harmattan Dust,Low,Food,1,8.3,0.5,Midday,Saturday,True,Weak,426.8
ORD12675,Birnin Kebbi Hub,Jega,50.8,Van,Paved,Harmattan Dust,Medium,Parcel,1,2.6,6.2,Afternoon,Monday,False,No Signal,99.5
ORD12676,Birnin Kebbi Hub,Birnin Kebbi,6.2,Truck,Unpaved,Harmattan Dust,Medium,Food,3,2.2,1.3,Evening,Sunday,True,Weak,79.9
ORD12677,Birnin Kebbi Hub,Bunza,48.6,Van,Unpaved,Clear,Medium,Parcel,0,2.2,2.3,Midday,Wednesday,False,Weak,121.3
ORD12678,Birnin Kebbi Hub,Argungu,78.7,Motorcycle,Unpaved,Clear,Medium,Parcel,0,0.9,4.1,Afternoon,Friday,False,Strong,214.4
ORD12679,Birnin Kebbi Hub,Birnin Kebbi,2.8,Motorcycle,Paved,Clear,Low,Food,0,1.6,2.2,Midday,Saturday,True,No Signal,30.0
ORD12680,Birnin Kebbi Hub,Aliero,32.1,Keke (Tricycle),Paved,Clear,Medium,Parcel,0,3.4,1.4,Midday,Wednesday,False,No Signal,89.6
ORD12681,Birnin Kebbi Hub,Birnin Kebbi,5.9,Motorcycle,Paved,Clear,Low,Food,0,3.2,1.5,Midday,Wednesday,False,Weak,18.3
ORD12682,Birnin Kebbi Hub,Yauri,186.4,Motorcycle,Paved,Clear,Medium,Documents,2,4.4,2.9,Midday,Sunday,True,Weak,277.7
ORD12683,Birnin Kebbi Hub,Argungu,60.0,Keke (Tricycle),Paved,Clear,Medium,Bulk Goods,1,51.3,7.1,Midday,Friday,False,Strong,162.5
ORD12684,Birnin Kebbi Hub,Birnin Kebbi,5.1,Keke (Tricycle),Paved,Clear,Medium,Parcel,0,4.5,0.3,Midday,Sunday,True,Weak,32.5
ORD12685,Birnin Kebbi Hub,Yauri,135.5,Motorcycle,Paved,Harmattan Dust,Medium,Parcel,2,0.4,4.6,Evening,Monday,False,Strong,239.5
ORD12686,Birnin Kebbi Hub,Aliero,35.3,Truck,Paved,Rain,Medium,Bulk Goods,3,22.4,3.9,Evening,Saturday,True,Strong,152.3
ORD12687,Birnin Kebbi Hub,Bunza,43.5,Keke (Tricycle),Unpaved,Clear,Medium,Parcel,1,0.4,5.1,Midday,Tuesday,False,Weak,180.5
ORD12688,Birnin Kebbi Hub,Bunza,53.0,Keke (Tricycle),Paved,Rain,Medium,Bulk Goods,0,38.2,1.3,Midday,Monday,False,Strong,202.5
ORD12689,Birnin Kebbi Hub,Birnin Kebbi,5.4,Motorcycle,Paved,Clear,High,Bulk Goods,2,11.0,1.4,Morning,Saturday,True,Strong,34.6
ORD12690,Birnin Kebbi Hub,Birnin Kebbi,4.1,Van,Paved,Clear,Low,Parcel,1,0.7,2.3,Morning,Monday,False,Strong,23.8
ORD12691,Birnin Kebbi Hub,Birnin Kebbi,5.3,Keke (Tricycle),Paved,Clear,Medium,Food,4,1.0,4.2,Evening,Friday,False,Strong,43.8
ORD12692,Birnin Kebbi Hub,Birnin Kebbi,6.7,Keke (Tricycle),Paved,Clear,Low,Parcel,3,5.6,1.9,Midday,Wednesday,False,Weak,41.5
ORD12693,Birnin Kebbi Hub,Birnin Kebbi,2.8,Motorcycle,Unpaved,Rain,Low,Parcel,2,6.8,7.3,Midday,Thursday,False,Weak,24.9
ORD12694,Birnin Kebbi Hub,Zuru,166.0,Motorcycle,Unpaved,Harmattan Dust,Medium,Parcel,1,0.5,0.7,Morning,Friday,False,Strong,532.9
ORD12695,Birnin Kebbi Hub,Bunza,47.5,Van,Paved,Clear,Low,Parcel,0,11.7,2.3,Evening,Monday,False,Weak,63.8
ORD12696,Birnin Kebbi Hub,Yauri,130.1,Keke (Tricycle),Paved,Clear,High,Food,0,2.6,0.5,Evening,Thursday,False,Strong,411.7
ORD12697,Birnin Kebbi Hub,Birnin Kebbi,8.3,Motorcycle,Paved,Clear,Medium,Food,0,0.2,2.1,Morning,Saturday,True,Strong,37.0
ORD12698,Birnin Kebbi Hub,Argungu,55.4,Motorcycle,Paved,Clear,High,Parcel,0,6.9,9.0,Midday,Monday,False,Strong,117.3
ORD12699,Birnin Kebbi Hub,Argungu,66.3,Truck,Paved,Rain,Low,Parcel,1,3.6,0.4,Midday,Monday,False,Strong,158.2
ORD12700,Birnin Kebbi Hub,Birnin Kebbi,6.7,Motorcycle,Paved,Clear,Medium,Parcel,0,0.5,1.9,Afternoon,Sunday,True,No Signal,33.3
ORD12701,Birnin Kebbi Hub,Zuru,153.0,Motorcycle,Paved,Rain,Low,Food,0,6.9,2.4,Midday,Wednesday,False,Strong,272.3
ORD12702,Birnin Kebbi Hub,Birnin Kebbi,10.4,Van,Unpaved,Harmattan Dust,High,Food,0,2.5,2.7,Morning,Tuesday,False,Weak,59.1
ORD12703,Birnin Kebbi Hub,Aliero,30.6,Motorcycle,Unpaved,Harmattan Dust,Low,Bulk Goods,0,24.5,2.1,Evening,Tuesday,False,Strong,103.6
ORD12704,Birnin Kebbi Hub,Bunza,43.2,Van,Paved,Clear,High,Food,1,7.8,2.1,Afternoon,Thursday,False,Strong,93.5
ORD12705,Birnin Kebbi Hub,Kamba,150.5,Motorcycle,Paved,Clear,Low,Parcel,0,6.0,0.9,Midday,Friday,False,Weak,179.6
ORD12706,Birnin Kebbi Hub,Birnin Kebbi,8.5,Motorcycle,Paved,Clear,Low,Documents,0,1.1,0.9,Afternoon,Monday,False,Strong,23.1
ORD12707,Birnin Kebbi Hub,Kamba,129.9,Van,Paved,Clear,Low,Food,0,10.5,2.1,Midday,Friday,False,No Signal,142.6
ORD12708,Birnin Kebbi Hub,Yauri,183.7,Motorcycle,Unpaved,Clear,Low,Parcel,0,1.9,1.6,Morning,Monday,False,Strong,369.2
ORD12709,Birnin Kebbi Hub,Bunza,44.6,Van,Unpaved,Harmattan Dust,Low,Bulk Goods,0,33.2,2.5,Morning,Thursday,False,Weak,120.6
ORD12710,Birnin Kebbi Hub,Zuru,196.7,Keke (Tricycle),Paved,Clear,High,Parcel,0,5.8,4.5,Afternoon,Friday,False,Strong,630.5
ORD12711,Birnin Kebbi Hub,Zuru,183.2,Motorcycle,Paved,Harmattan Dust,Low,Food,4,0.3,0.9,Evening,Monday,False,Weak,286.3
ORD12712,Birnin Kebbi Hub,Zuru,196.9,Van,Unpaved,Clear,High,Documents,0,4.4,1.1,Morning,Sunday,True,No Signal,683.7
ORD12713,Birnin Kebbi Hub,Bunza,47.5,Motorcycle,Paved,Clear,Medium,Food,0,7.7,3.4,Afternoon,Saturday,True,Weak,87.8
ORD12714,Birnin Kebbi Hub,Argungu,73.0,Keke (Tricycle),Unpaved,Clear,Medium,Food,0,0.4,2.7,Midday,Sunday,True,No Signal,304.0
ORD12715,Birnin Kebbi Hub,Birnin Kebbi,6.2,Motorcycle,Paved,Clear,Medium,Documents,0,0.4,1.0,Midday,Saturday,True,No Signal,32.9
ORD12716,Birnin Kebbi Hub,Argungu,55.7,Van,Paved,Clear,Low,Parcel,0,3.8,1.3,Midday,Saturday,True,Strong,66.2
ORD12717,Birnin Kebbi Hub,Kamba,112.7,Motorcycle,Paved,Clear,Medium,Food,2,2.1,8.0,Evening,Thursday,False,Weak,158.6
ORD12718,Birnin Kebbi Hub,Birnin Kebbi,4.7,Van,Paved,Harmattan Dust,Medium,Food,2,0.2,2.7,Morning,Thursday,False,Strong,33.9
ORD12719,Birnin Kebbi Hub,Jega,50.0,Motorcycle,Paved,Clear,Low,Food,2,3.9,3.0,Morning,Sunday,True,No Signal,96.2
ORD12720,Birnin Kebbi Hub,Bunza,51.9,Motorcycle,Paved,Clear,Medium,Parcel,0,10.1,10.3,Morning,Sunday,True,Weak,92.3
ORD12721,Birnin Kebbi Hub,Bunza,36.2,Motorcycle,Paved,Clear,Low,Parcel,4,2.1,2.4,Afternoon,Wednesday,False,Strong,76.5
ORD12722,Birnin Kebbi Hub,Bunza,41.5,Keke (Tricycle),Unpaved,Rain,Low,Parcel,0,24.9,2.2,Afternoon,Thursday,False,Strong,232.4
ORD12723,Birnin Kebbi Hub,Bunza,39.4,Keke (Tricycle),Unpaved,Clear,Low,Food,2,3.1,1.6,Afternoon,Monday,False,Strong,144.2
ORD12724,Birnin Kebbi Hub,Birnin Kebbi,4.0,Van,Paved,Clear,Medium,Food,0,1.9,6.3,Morning,Wednesday,False,Weak,12.3
ORD12725,Birnin Kebbi Hub,Argungu,70.1,Motorcycle,Unpaved,Rain,Medium,Bulk Goods,4,24.5,1.7,Evening,Thursday,False,Strong,297.2
ORD12726,Birnin Kebbi Hub,Aliero,41.5,Van,Unpaved,Harmattan Dust,High,Food,0,4.4,1.0,Midday,Friday,False,Strong,184.9
ORD12727,Birnin Kebbi Hub,Birnin Kebbi,2.0,Van,Paved,Clear,Low,Food,0,1.8,2.6,Afternoon,Saturday,True,No Signal,32.8
ORD12728,Birnin Kebbi Hub,Birnin Kebbi,6.3,Motorcycle,Paved,Clear,High,Documents,1,1.5,3.5,Evening,Friday,False,Weak,23.6
ORD12729,Birnin Kebbi Hub,Birnin Kebbi,6.4,Motorcycle,Paved,Clear,High,Food,0,0.7,1.9,Afternoon,Saturday,True,Strong,37.9
ORD12730,Birnin Kebbi Hub,Birnin Kebbi,3.0,Keke (Tricycle),Unpaved,Rain,High,Food,0,4.5,0.6,Morning,Saturday,True,Weak,45.9
ORD12731,Birnin Kebbi Hub,Birnin Kebbi,8.0,Keke (Tricycle),Paved,Rain,Medium,Food,0,3.1,1.7,Morning,Thursday,False,Weak,41.0
ORD12732,Birnin Kebbi Hub,Kamba,101.8,Motorcycle,Unpaved,Harmattan Dust,High,Parcel,0,0.5,1.6,Afternoon,Thursday,False,Strong,478.7
ORD12733,Birnin Kebbi Hub,Birnin Kebbi,3.7,Keke (Tricycle),Paved,Clear,Low,Bulk Goods,1,17.3,2.3,Midday,Tuesday,False,Strong,33.7
ORD12734,Birnin Kebbi Hub,Kamba,167.3,Van,Paved,Clear,Medium,Food,4,6.4,2.3,Evening,Friday,False,No Signal,256.7
ORD12735,Birnin Kebbi Hub,Birnin Kebbi,6.9,Keke (Tricycle),Paved,Clear,Low,Food,1,1.1,3.0,Midday,Wednesday,False,Weak,32.5
ORD12736,Birnin Kebbi Hub,Aliero,39.2,Motorcycle,Paved,Harmattan Dust,Low,Documents,2,1.5,1.7,Midday,Tuesday,False,Strong,60.9
ORD12737,Birnin Kebbi Hub,Birnin Kebbi,7.3,Truck,Paved,Clear,High,Parcel,0,3.4,13.6,Afternoon,Monday,False,Strong,32.5
ORD12738,Birnin Kebbi Hub,Jega,50.9,Motorcycle,Unpaved,Clear,Low,Parcel,0,0.4,0.6,Evening,Friday,False,Weak,114.9
ORD12739,Birnin Kebbi Hub,Birnin Kebbi,11.3,Keke (Tricycle),Unpaved,Clear,High,Bulk Goods,0,37.4,4.1,Afternoon,Sunday,True,Weak,110.8
ORD12740,Birnin Kebbi Hub,Bunza,43.4,Keke (Tricycle),Unpaved,Clear,Low,Food,1,2.7,4.3,Midday,Wednesday,False,Strong,134.8
ORD12741,Birnin Kebbi Hub,Kamba,144.5,Motorcycle,Unpaved,Rain,Low,Food,0,2.3,5.4,Midday,Sunday,True,Weak,440.8
ORD12742,Birnin Kebbi Hub,Yauri,174.3,Keke (Tricycle),Unpaved,Clear,Medium,Food,0,7.7,0.8,Afternoon,Sunday,True,Weak,704.2
ORD12743,Birnin Kebbi Hub,Bunza,44.0,Keke (Tricycle),Unpaved,Clear,High,Bulk Goods,0,21.7,4.6,Midday,Friday,False,Weak,261.7
ORD12744,Birnin Kebbi Hub,Jega,55.3,Truck,Paved,Rain,Medium,Parcel,0,6.6,4.5,Evening,Tuesday,False,Strong,149.4
ORD12745,Birnin Kebbi Hub,Yauri,159.4,Truck,Unpaved,Clear,High,Parcel,0,8.6,0.5,Morning,Sunday,True,Strong,718.8
ORD12746,Birnin Kebbi Hub,Birnin Kebbi,5.7,Keke (Tricycle),Paved,Rain,Low,Parcel,3,4.6,1.1,Evening,Monday,False,Strong,50.3
ORD12747,Birnin Kebbi Hub,Bunza,34.2,Keke (Tricycle),Unpaved,Clear,Low,Parcel,1,9.7,4.8,Midday,Thursday,False,Strong,112.0
ORD12748,Birnin Kebbi Hub,Bunza,40.7,Keke (Tricycle),Unpaved,Clear,Medium,Parcel,0,5.1,3.4,Evening,Tuesday,False,Strong,176.4
ORD12749,Birnin Kebbi Hub,Jega,46.5,Keke (Tricycle),Unpaved,Clear,Low,Food,0,1.1,0.5,Evening,Sunday,True,Weak,163.8
ORD12750,Birnin Kebbi Hub,Aliero,35.6,Van,Unpaved,Harmattan Dust,Low,Food,0,1.8,3.9,Evening,Thursday,False,Weak,95.2
ORD12751,Birnin Kebbi Hub,Zuru,151.4,Motorcycle,Paved,Clear,High,Bulk Goods,2,20.5,1.8,Evening,Sunday,True,No Signal,341.7
ORD12752,Birnin Kebbi Hub,Birnin Kebbi,7.1,Motorcycle,Paved,Harmattan Dust,High,Food,1,9.9,1.3,Morning,Thursday,False,Strong,44.2
ORD12753,Birnin Kebbi Hub,Birnin Kebbi,5.1,Motorcycle,Paved,Clear,Low,Documents,0,6.2,1.6,Morning,Tuesday,False,No Signal,32.8
ORD12754,Birnin Kebbi Hub,Bunza,46.3,Van,Unpaved,Clear,High,Parcel,0,3.2,1.9,Midday,Friday,False,Weak,160.4
ORD12755,Birnin Kebbi Hub,Bunza,47.2,Motorcycle,Paved,Clear,Low,Bulk Goods,0,38.5,2.0,Midday,Tuesday,False,Weak,84.7
ORD12756,Birnin Kebbi Hub,Jega,57.4,Motorcycle,Paved,Clear,Low,Food,0,3.3,3.1,Morning,Monday,False,Strong,65.7
ORD12757,Birnin Kebbi Hub,Birnin Kebbi,4.1,Motorcycle,Paved,Clear,Low,Bulk Goods,0,36.9,5.7,Midday,Tuesday,False,Strong,30.2
ORD12758,Birnin Kebbi Hub,Jega,56.7,Truck,Paved,Clear,Low,Parcel,1,3.3,0.9,Morning,Tuesday,False,Strong,102.7
ORD12759,Birnin Kebbi Hub,Birnin Kebbi,5.8,Truck,Paved,Clear,Low,Food,2,1.4,3.5,Midday,Wednesday,False,Weak,28.0
ORD12760,Birnin Kebbi Hub,Birnin Kebbi,6.4,Van,Paved,Clear,Medium,Documents,2,1.1,1.3,Evening,Saturday,True,Weak,39.4
ORD12761,Birnin Kebbi Hub,Yauri,153.7,Keke (Tricycle),Unpaved,Clear,Medium,Parcel,0,2.4,4.2,Evening,Friday,False,Weak,608.9
ORD12762,Birnin Kebbi Hub,Jega,61.1,Keke (Tricycle),Paved,Clear,Medium,Bulk Goods,0,23.9,1.4,Evening,Tuesday,False,Strong,148.6
ORD12763,Birnin Kebbi Hub,Jega,53.9,Truck,Paved,Clear,Medium,Food,0,0.2,2.5,Afternoon,Wednesday,False,Weak,107.2
ORD12764,Birnin Kebbi Hub,Kamba,157.7,Truck,Unpaved,Harmattan Dust,Medium,Food,2,2.7,1.6,Midday,Thursday,False,Strong,632.6
ORD12765,Birnin Kebbi Hub,Argungu,61.3,Motorcycle,Unpaved,Clear,Medium,Parcel,0,1.8,2.0,Afternoon,Thursday,False,Strong,156.4
ORD12766,Birnin Kebbi Hub,Bunza,47.4,Motorcycle,Unpaved,Clear,High,Parcel,0,9.0,1.1,Afternoon,Wednesday,False,Strong,189.2
ORD12767,Birnin Kebbi Hub,Kamba,143.1,Motorcycle,Unpaved,Clear,Medium,Food,0,2.8,1.4,Evening,Tuesday,False,Weak,366.1
ORD12768,Birnin Kebbi Hub,Zuru,200.2,Keke (Tricycle),Unpaved,Rain,Low,Documents,1,0.3,0.6,Afternoon,Monday,False,Strong,969.9
ORD12769,Birnin Kebbi Hub,Kamba,89.6,Van,Paved,Clear,Low,Parcel,3,0.2,2.8,Evening,Sunday,True,Weak,126.8
ORD12770,Birnin Kebbi Hub,Birnin Kebbi,5.2,Motorcycle,Unpaved,Clear,Medium,Parcel,2,0.3,1.7,Evening,Friday,False,Weak,31.0
ORD12771,Birnin Kebbi Hub,Bunza,52.0,Van,Unpaved,Rain,Medium,Parcel,0,1.9,3.2,Morning,Friday,False,Weak,179.1
ORD12772,Birnin Kebbi Hub,Kamba,140.5,Van,Unpaved,Harmattan Dust,Medium,Parcel,0,0.5,0.5,Evening,Wednesday,False,Weak,414.0
ORD12773,Birnin Kebbi Hub,Kamba,166.2,Motorcycle,Paved,Clear,Low,Bulk Goods,0,20.6,2.1,Morning,Wednesday,False,Weak,211.5
ORD12774,Birnin Kebbi Hub,Birnin Kebbi,7.0,Motorcycle,Paved,Clear,Low,Bulk Goods,0,34.6,4.3,Midday,Sunday,True,No Signal,44.6
ORD12775,Birnin Kebbi Hub,Kamba,166.4,Keke (Tricycle),Unpaved,Harmattan Dust,Low,Parcel,4,1.1,2.4,Morning,Friday,False,Weak,691.5
ORD12776,Birnin Kebbi Hub,Jega,47.0,Van,Unpaved,Clear,Medium,Parcel,0,1.9,0.8,Morning,Monday,False,Weak,127.9
ORD12777,Birnin Kebbi Hub,Argungu,79.6,Motorcycle,Paved,Clear,High,Parcel,0,5.3,1.0,Afternoon,Wednesday,False,Weak,176.2
ORD12778,Birnin Kebbi Hub,Birnin Kebbi,7.6,Keke (Tricycle),Unpaved,Harmattan Dust,Low,Documents,0,1.1,2.1,Evening,Friday,False,Strong,37.8
ORD12779,Birnin Kebbi Hub,Aliero,29.4,Keke (Tricycle),Paved,Clear,Low,Food,2,2.0,6.8,Midday,Friday,False,Weak,71.1
ORD12780,Birnin Kebbi Hub,Zuru,155.0,Van,Paved,Clear,Low,Bulk Goods,2,31.8,4.1,Evening,Sunday,True,Strong,195.3
ORD12781,Birnin Kebbi Hub,Birnin Kebbi,5.2,Keke (Tricycle),Paved,Rain,High,Food,0,0.2,2.9,Morning,Tuesday,False,Strong,31.8
ORD12782,Birnin Kebbi Hub,Argungu,71.0,Motorcycle,Paved,Rain,Medium,Parcel,4,0.3,5.8,Evening,Tuesday,False,Strong,167.8
ORD12783,Birnin Kebbi Hub,Jega,53.5,Motorcycle,Unpaved,Rain,Low,Parcel,3,1.4,2.8,Midday,Saturday,True,Strong,182.5
ORD12784,Birnin Kebbi Hub,Aliero,28.4,Van,Paved,Clear,Low,Bulk Goods,0,32.1,0.7,Morning,Saturday,True,No Signal,64.5
ORD12785,Birnin Kebbi Hub,Argungu,73.7,Motorcycle,Unpaved,Rain,Medium,Parcel,4,0.3,0.6,Morning,Thursday,False,Strong,319.5
ORD12786,Birnin Kebbi Hub,Kamba,132.2,Motorcycle,Paved,Clear,High,Food,0,4.6,1.7,Morning,Tuesday,False,Strong,273.0
ORD12787,Birnin Kebbi Hub,Aliero,36.7,Van,Unpaved,Rain,Medium,Documents,1,0.2,0.6,Midday,Sunday,True,Strong,148.2
ORD12788,Birnin Kebbi Hub,Bunza,38.8,Keke (Tricycle),Unpaved,Clear,High,Food,0,2.6,4.7,Morning,Friday,False,No Signal,238.1
ORD12789,Birnin Kebbi Hub,Birnin Kebbi,5.5,Van,Paved,Clear,Low,Food,4,1.8,2.1,Midday,Saturday,True,Weak,48.9
ORD12790,Birnin Kebbi Hub,Zuru,161.3,Van,Paved,Rain,Low,Food,0,5.0,1.7,Afternoon,Sunday,True,Weak,281.3
ORD12791,Birnin Kebbi Hub,Birnin Kebbi,8.4,Van,Paved,Rain,Medium,Food,0,10.1,2.8,Evening,Wednesday,False,No Signal,30.7
ORD12792,Birnin Kebbi Hub,Jega,56.6,Keke (Tricycle),Unpaved,Harmattan Dust,Low,Food,1,9.2,4.2,Midday,Saturday,True,Weak,252.2
ORD12793,Birnin Kebbi Hub,Bunza,47.1,Van,Unpaved,Rain,Low,Parcel,1,5.8,8.8,Morning,Wednesday,False,Weak,157.5
ORD12794,Birnin Kebbi Hub,Bunza,51.8,Van,Paved,Clear,Low,Documents,0,0.8,0.9,Evening,Friday,False,Weak,63.7
ORD12795,Birnin Kebbi Hub,Kamba,132.6,Motorcycle,Unpaved,Clear,Low,Food,0,1.5,0.8,Morning,Thursday,False,Strong,284.2
ORD12796,Birnin Kebbi Hub,Zuru,192.2,Keke (Tricycle),Unpaved,Clear,Medium,Parcel,3,0.3,3.7,Afternoon,Wednesday,False,Weak,778.0
ORD12797,Birnin Kebbi Hub,Bunza,46.4,Van,Paved,Clear,Low,Food,0,2.0,0.7,Midday,Friday,False,Weak,52.0
ORD12798,Birnin Kebbi Hub,Kamba,114.2,Van,Paved,Harmattan Dust,Low,Food,0,9.7,6.0,Midday,Saturday,True,Strong,146.2
ORD12799,Birnin Kebbi Hub,Yauri,168.2,Motorcycle,Paved,Harmattan Dust,Medium,Parcel,0,4.0,2.0,Midday,Sunday,True,Weak,299.2
ORD12800,Birnin Kebbi Hub,Jega,61.1,Van,Unpaved,Clear,High,Parcel,0,1.4,1.8,Midday,Thursday,False,Strong,210.5
ORD12801,Birnin Kebbi Hub,Jega,58.6,Keke (Tricycle),Unpaved,Clear,Medium,Food,2,1.3,1.1,Evening,Wednesday,False,Strong,251.8
ORD12802,Birnin Kebbi Hub,Birnin Kebbi,9.2,Motorcycle,Unpaved,Harmattan Dust,Medium,Parcel,2,6.5,0.9,Morning,Thursday,False,No Signal,66.8
ORD12803,Birnin Kebbi Hub,Aliero,34.7,Motorcycle,Paved,Harmattan Dust,Low,Parcel,0,0.8,1.2,Afternoon,Sunday,True,Weak,67.6
ORD12804,Birnin Kebbi Hub,Jega,53.1,Motorcycle,Unpaved,Clear,Medium,Parcel,0,1.5,0.9,Morning,Tuesday,False,Weak,146.9
ORD12805,Birnin Kebbi Hub,Zuru,178.0,Keke (Tricycle),Unpaved,Harmattan Dust,Medium,Documents,0,6.3,4.2,Morning,Wednesday,False,Weak,896.4
ORD12806,Birnin Kebbi Hub,Bunza,39.3,Van,Paved,Clear,Low,Parcel,2,1.4,2.4,Morning,Saturday,True,Strong,73.1
ORD12807,Birnin Kebbi Hub,Argungu,60.8,Van,Unpaved,Harmattan Dust,Medium,Bulk Goods,1,24.4,0.3,Morning,Tuesday,False,Strong,201.2
ORD12808,Birnin Kebbi Hub,Kamba,141.2,Motorcycle,Unpaved,Clear,High,Food,1,8.0,0.2,Afternoon,Tuesday,False,Strong,539.7
ORD12809,Birnin Kebbi Hub,Bunza,59.3,Van,Paved,Clear,Low,Documents,2,12.6,0.7,Morning,Sunday,True,Strong,97.2
ORD12810,Birnin Kebbi Hub,Birnin Kebbi,5.0,Van,Paved,Clear,Low,Parcel,0,3.0,5.3,Morning,Friday,False,Strong,24.7
ORD12811,Birnin Kebbi Hub,Birnin Kebbi,3.2,Motorcycle,Paved,Clear,High,Food,0,4.1,8.5,Midday,Thursday,False,No Signal,8.0
ORD12812,Birnin Kebbi Hub,Bunza,44.9,Keke (Tricycle),Paved,Harmattan Dust,Low,Food,4,7.7,1.2,Evening,Sunday,True,No Signal,147.6
ORD12813,Birnin Kebbi Hub,Jega,52.4,Van,Unpaved,Clear,Low,Parcel,0,7.7,2.7,Evening,Thursday,False,Weak,105.9
ORD12814,Birnin Kebbi Hub,Bunza,46.0,Keke (Tricycle),Paved,Harmattan Dust,High,Parcel,0,0.8,7.1,Midday,Tuesday,False,Weak,178.6
ORD12815,Birnin Kebbi Hub,Jega,58.3,Truck,Paved,Clear,Low,Parcel,0,9.4,3.7,Midday,Thursday,False,Weak,87.5
ORD12816,Birnin Kebbi Hub,Aliero,32.9,Truck,Paved,Clear,Medium,Bulk Goods,0,30.9,5.8,Evening,Thursday,False,Weak,70.0
ORD12817,Birnin Kebbi Hub,Jega,56.7,Keke (Tricycle),Unpaved,Clear,Medium,Food,1,5.1,1.1,Evening,Monday,False,Strong,246.3
ORD12818,Birnin Kebbi Hub,Birnin Kebbi,9.1,Motorcycle,Paved,Clear,High,Bulk Goods,0,38.1,4.0,Midday,Saturday,True,Strong,44.8
ORD12819,Birnin Kebbi Hub,Kamba,157.6,Motorcycle,Paved,Clear,Low,Parcel,0,4.7,1.4,Morning,Friday,False,Strong,191.7
ORD12820,Birnin Kebbi Hub,Birnin Kebbi,4.8,Motorcycle,Paved,Clear,Low,Food,0,0.8,1.3,Evening,Saturday,True,Weak,21.6
ORD12821,Birnin Kebbi Hub,Kamba,128.4,Keke (Tricycle),Unpaved,Harmattan Dust,Low,Parcel,1,12.2,1.4,Morning,Tuesday,False,Weak,533.7
ORD12822,Birnin Kebbi Hub,Bunza,40.4,Van,Paved,Harmattan Dust,Medium,Food,0,0.5,2.6,Midday,Thursday,False,Strong,68.3
ORD12823,Birnin Kebbi Hub,Argungu,71.1,Motorcycle,Unpaved,Harmattan Dust,Low,Food,0,5.0,3.5,Morning,Monday,False,Weak,197.5
ORD12824,Birnin Kebbi Hub,Yauri,133.4,Motorcycle,Paved,Clear,Low,Parcel,3,3.9,3.9,Afternoon,Thursday,False,No Signal,179.6
ORD12825,Birnin Kebbi Hub,Zuru,179.6,Motorcycle,Paved,Harmattan Dust,Medium,Documents,2,6.4,3.5,Evening,Saturday,True,Weak,338.4
ORD12826,Birnin Kebbi Hub,Birnin Kebbi,3.9,Motorcycle,Paved,Clear,Low,Parcel,1,0.7,3.0,Evening,Saturday,True,No Signal,30.3
ORD12827,Birnin Kebbi Hub,Kamba,135.1,Motorcycle,Unpaved,Rain,Medium,Parcel,0,1.0,0.7,Midday,Wednesday,False,Weak,520.8
ORD12828,Birnin Kebbi Hub,Argungu,63.5,Truck,Paved,Rain,Low,Parcel,1,2.8,1.0,Morning,Thursday,False,Strong,153.3
ORD12829,Birnin Kebbi Hub,Bunza,54.3,Motorcycle,Paved,Clear,Low,Food,0,1.4,2.2,Midday,Tuesday,False,No Signal,82.1
ORD12830,Birnin Kebbi Hub,Jega,64.4,Van,Unpaved,Rain,Low,Food,1,4.0,1.1,Afternoon,Monday,False,Strong,207.3
ORD12831,Birnin Kebbi Hub,Birnin Kebbi,4.0,Motorcycle,Paved,Rain,High,Parcel,0,0.7,5.2,Midday,Thursday,False,Strong,22.1
ORD12832,Birnin Kebbi Hub,Zuru,169.6,Motorcycle,Paved,Harmattan Dust,Low,Parcel,0,3.6,1.6,Morning,Friday,False,No Signal,250.1
ORD12833,Birnin Kebbi Hub,Birnin Kebbi,8.4,Keke (Tricycle),Unpaved,Clear,High,Food,0,0.2,3.1,Morning,Saturday,True,Weak,72.1
ORD12834,Birnin Kebbi Hub,Bunza,43.7,Motorcycle,Paved,Rain,Medium,Bulk Goods,1,17.8,0.5,Morning,Sunday,True,Weak,119.7
ORD12835,Birnin Kebbi Hub,Jega,52.8,Motorcycle,Paved,Clear,Low,Parcel,1,1.1,1.9,Evening,Wednesday,False,Weak,69.7
ORD12836,Birnin Kebbi Hub,Birnin Kebbi,7.0,Truck,Paved,Rain,Medium,Bulk Goods,2,31.8,2.8,Evening,Thursday,False,Weak,63.5
ORD12837,Birnin Kebbi Hub,Argungu,68.9,Van,Unpaved,Harmattan Dust,Medium,Food,0,1.4,0.8,Morning,Sunday,True,No Signal,218.1
ORD12838,Birnin Kebbi Hub,Argungu,59.3,Motorcycle,Unpaved,Harmattan Dust,Medium,Food,2,0.9,1.6,Morning,Monday,False,No Signal,203.9
ORD12839,Birnin Kebbi Hub,Bunza,45.8,Motorcycle,Unpaved,Harmattan Dust,Low,Parcel,3,7.4,1.5,Evening,Tuesday,False,Strong,147.0
ORD12840,Birnin Kebbi Hub,Argungu,66.0,Motorcycle,Unpaved,Rain,Medium,Documents,1,0.4,3.8,Morning,Wednesday,False,Strong,256.6
ORD12841,Birnin Kebbi Hub,Bunza,51.9,Motorcycle,Paved,Clear,Low,Parcel,0,1.2,2.6,Evening,Monday,False,Strong,69.5
ORD12842,Birnin Kebbi Hub,Zuru,199.5,Keke (Tricycle),Unpaved,Clear,Medium,Bulk Goods,3,13.3,9.8,Midday,Saturday,True,Strong,804.5
ORD12843,Birnin Kebbi Hub,Kamba,137.5,Motorcycle,Paved,Clear,High,Documents,0,9.7,3.1,Evening,Saturday,True,Strong,285.9
ORD12844,Birnin Kebbi Hub,Birnin Kebbi,6.6,Motorcycle,Paved,Clear,Low,Bulk Goods,0,40.3,4.4,Midday,Thursday,False,Weak,33.7
ORD12845,Birnin Kebbi Hub,Argungu,65.2,Motorcycle,Unpaved,Clear,Low,Food,0,10.1,0.7,Midday,Saturday,True,Strong,143.1
ORD12846,Birnin Kebbi Hub,Aliero,41.4,Motorcycle,Unpaved,Clear,High,Bulk Goods,0,35.1,0.9,Evening,Thursday,False,No Signal,180.5
ORD12847,Birnin Kebbi Hub,Zuru,159.3,Motorcycle,Unpaved,Harmattan Dust,High,Parcel,2,2.4,1.0,Morning,Thursday,False,No Signal,752.5
ORD12848,Birnin Kebbi Hub,Yauri,151.2,Motorcycle,Paved,Rain,Low,Food,2,4.0,2.5,Midday,Saturday,True,Strong,277.2
ORD12849,Birnin Kebbi Hub,Argungu,69.7,Motorcycle,Paved,Clear,Medium,Food,1,5.6,3.0,Morning,Saturday,True,Strong,118.7
ORD12850,Birnin Kebbi Hub,Jega,68.0,Motorcycle,Paved,Rain,Low,Food,1,7.6,1.1,Afternoon,Tuesday,False,Weak,134.4
ORD12851,Birnin Kebbi Hub,Birnin Kebbi,3.8,Truck,Paved,Harmattan Dust,Medium,Food,0,0.9,0.7,Morning,Friday,False,No Signal,19.8
ORD12852,Birnin Kebbi Hub,Birnin Kebbi,8.6,Van,Paved,Clear,Low,Food,0,0.4,1.0,Evening,Saturday,True,Strong,20.9
ORD12853,Birnin Kebbi Hub,Bunza,43.7,Motorcycle,Unpaved,Rain,High,Food,0,2.8,0.6,Evening,Monday,False,Strong,256.3
ORD12854,Birnin Kebbi Hub,Bunza,43.0,Keke (Tricycle),Paved,Clear,Medium,Documents,2,0.2,1.4,Morning,Thursday,False,Weak,123.2
ORD12855,Birnin Kebbi Hub,Kamba,137.7,Keke (Tricycle),Unpaved,Clear,Low,Parcel,0,2.9,0.3,Afternoon,Saturday,True,Strong,452.2
ORD12856,Birnin Kebbi Hub,Aliero,37.7,Motorcycle,Paved,Harmattan Dust,Medium,Food,0,1.2,3.6,Midday,Friday,False,Weak,78.6
ORD12857,Birnin Kebbi Hub,Yauri,164.4,Van,Paved,Clear,High,Documents,0,0.2,3.4,Evening,Wednesday,False,Strong,302.1
ORD12858,Birnin Kebbi Hub,Argungu,76.3,Motorcycle,Paved,Harmattan Dust,Low,Parcel,0,0.7,1.5,Morning,Wednesday,False,Weak,108.7
ORD12859,Birnin Kebbi Hub,Argungu,63.1,Van,Paved,Clear,Low,Parcel,1,4.7,3.3,Evening,Tuesday,False,Weak,77.5
ORD12860,Birnin Kebbi Hub,Jega,45.8,Van,Unpaved,Rain,Low,Food,2,5.4,1.4,Midday,Friday,False,Weak,160.0
ORD12861,Birnin Kebbi Hub,Jega,53.9,Keke (Tricycle),Unpaved,Harmattan Dust,High,Parcel,0,0.4,0.7,Afternoon,Saturday,True,Strong,393.2
ORD12862,Birnin Kebbi Hub,Yauri,166.4,Truck,Paved,Clear,Low,Bulk Goods,0,14.0,5.0,Morning,Sunday,True,Weak,237.6
ORD12863,Birnin Kebbi Hub,Bunza,48.0,Van,Unpaved,Rain,Low,Bulk Goods,0,27.2,2.8,Midday,Saturday,True,Strong,136.2
ORD12864,Birnin Kebbi Hub,Birnin Kebbi,9.7,Van,Paved,Clear,High,Food,0,6.5,1.3,Evening,Saturday,True,Weak,42.8
ORD12865,Birnin Kebbi Hub,Argungu,63.0,Motorcycle,Unpaved,Clear,Low,Bulk Goods,0,33.2,3.6,Morning,Saturday,True,Weak,147.5
ORD12866,Birnin Kebbi Hub,Birnin Kebbi,8.5,Keke (Tricycle),Paved,Clear,Low,Parcel,1,1.3,1.5,Morning,Saturday,True,Strong,34.3
ORD12867,Birnin Kebbi Hub,Bunza,51.8,Motorcycle,Paved,Harmattan Dust,Medium,Food,0,3.8,1.7,Afternoon,Friday,False,Weak,105.6
ORD12868,Birnin Kebbi Hub,Jega,62.2,Motorcycle,Paved,Rain,Medium,Parcel,3,7.3,1.2,Evening,Saturday,True,Weak,168.3
ORD12869,Birnin Kebbi Hub,Yauri,173.3,Keke (Tricycle),Paved,Clear,Low,Food,2,8.4,0.5,Midday,Saturday,True,Weak,325.3
ORD12870,Birnin Kebbi Hub,Birnin Kebbi,6.0,Motorcycle,Paved,Clear,Low,Parcel,0,0.2,1.2,Midday,Wednesday,False,Strong,18.0
ORD12871,Birnin Kebbi Hub,Bunza,43.6,Motorcycle,Unpaved,Clear,Low,Parcel,0,5.3,3.1,Morning,Wednesday,False,No Signal,112.3
ORD12872,Birnin Kebbi Hub,Kamba,141.5,Motorcycle,Unpaved,Clear,Low,Food,2,0.2,1.6,Morning,Thursday,False,Weak,315.1
ORD12873,Birnin Kebbi Hub,Jega,63.6,Keke (Tricycle),Paved,Clear,Low,Food,0,14.9,2.3,Midday,Wednesday,False,Strong,131.8
ORD12874,Birnin Kebbi Hub,Birnin Kebbi,6.6,Motorcycle,Paved,Rain,Low,Food,0,1.2,1.3,Evening,Thursday,False,Strong,26.0
ORD12875,Birnin Kebbi Hub,Zuru,156.4,Keke (Tricycle),Paved,Rain,Low,Documents,1,7.3,4.5,Morning,Friday,False,Strong,446.8
ORD12876,Birnin Kebbi Hub,Jega,54.9,Motorcycle,Paved,Clear,Medium,Food,2,8.7,3.1,Morning,Wednesday,False,Strong,95.6
ORD12877,Birnin Kebbi Hub,Birnin Kebbi,6.1,Keke (Tricycle),Paved,Rain,Medium,Food,0,1.2,2.3,Midday,Sunday,True,Strong,38.6
ORD12878,Birnin Kebbi Hub,Zuru,221.2,Van,Paved,Rain,High,Parcel,0,1.4,0.5,Morning,Friday,False,Strong,633.9
ORD12879,Birnin Kebbi Hub,Birnin Kebbi,7.1,Truck,Paved,Clear,High,Parcel,2,9.4,1.3,Morning,Saturday,True,No Signal,65.9
ORD12880,Birnin Kebbi Hub,Yauri,158.7,Motorcycle,Unpaved,Clear,High,Bulk Goods,0,42.8,1.3,Evening,Tuesday,False,Strong,613.6
ORD12881,Birnin Kebbi Hub,Birnin Kebbi,6.1,Motorcycle,Unpaved,Clear,Low,Parcel,1,0.3,2.3,Evening,Thursday,False,Weak,24.8
ORD12882,Birnin Kebbi Hub,Birnin Kebbi,4.7,Motorcycle,Paved,Clear,Low,Food,3,3.7,1.9,Afternoon,Sunday,True,Weak,32.9
ORD12883,Birnin Kebbi Hub,Kamba,145.1,Motorcycle,Paved,Clear,Low,Food,0,12.2,2.7,Evening,Friday,False,No Signal,186.9
ORD12884,Birnin Kebbi Hub,Kamba,177.5,Motorcycle,Paved,Rain,Low,Parcel,2,1.7,3.5,Morning,Friday,False,Weak,328.6
ORD12885,Birnin Kebbi Hub,Kamba,143.7,Keke (Tricycle),Unpaved,Clear,Medium,Parcel,2,7.0,0.3,Midday,Monday,False,Weak,594.0
ORD12886,Birnin Kebbi Hub,Kamba,139.3,Motorcycle,Paved,Clear,High,Bulk Goods,1,27.3,1.6,Midday,Friday,False,No Signal,308.9
ORD12887,Birnin Kebbi Hub,Birnin Kebbi,6.1,Van,Paved,Rain,Low,Documents,0,2.4,0.3,Midday,Monday,False,Strong,23.6
ORD12888,Birnin Kebbi Hub,Jega,45.7,Motorcycle,Paved,Harmattan Dust,Low,Bulk Goods,0,30.4,4.2,Morning,Monday,False,Weak,109.4
ORD12889,Birnin Kebbi Hub,Kamba,140.7,Van,Paved,Clear,Low,Documents,1,5.6,0.6,Afternoon,Friday,False,Strong,165.8
ORD12890,Birnin Kebbi Hub,Aliero,36.3,Motorcycle,Paved,Clear,Medium,Food,0,1.9,0.6,Morning,Wednesday,False,Strong,65.5
ORD12891,Birnin Kebbi Hub,Yauri,162.1,Motorcycle,Paved,Clear,Medium,Food,0,1.7,1.6,Midday,Saturday,True,Strong,240.4
ORD12892,Birnin Kebbi Hub,Birnin Kebbi,4.5,Keke (Tricycle),Paved,Rain,Medium,Food,0,1.4,3.1,Midday,Thursday,False,Weak,32.7
ORD12893,Birnin Kebbi Hub,Birnin Kebbi,5.5,Truck,Paved,Clear,Low,Parcel,0,0.3,1.5,Morning,Tuesday,False,Weak,12.9
ORD12894,Birnin Kebbi Hub,Birnin Kebbi,5.3,Keke (Tricycle),Paved,Clear,Medium,Parcel,0,1.7,1.8,Midday,Sunday,True,No Signal,46.3
ORD12895,Birnin Kebbi Hub,Aliero,39.1,Motorcycle,Paved,Clear,Medium,Parcel,2,16.9,1.2,Morning,Thursday,False,Weak,85.3
ORD12896,Birnin Kebbi Hub,Birnin Kebbi,2.7,Van,Paved,Rain,Low,Bulk Goods,1,30.4,8.9,Midday,Monday,False,Weak,19.2
ORD12897,Birnin Kebbi Hub,Birnin Kebbi,2.9,Keke (Tricycle),Paved,Clear,High,Food,0,2.5,1.8,Midday,Tuesday,False,No Signal,19.9
ORD12898,Birnin Kebbi Hub,Birnin Kebbi,5.1,Motorcycle,Paved,Clear,Medium,Parcel,4,4.0,2.3,Afternoon,Sunday,True,Strong,44.2
ORD12899,Birnin Kebbi Hub,Jega,51.0,Motorcycle,Paved,Clear,Medium,Parcel,3,5.2,6.0,Morning,Saturday,True,No Signal,108.0
ORD12900,Birnin Kebbi Hub,Yauri,162.3,Motorcycle,Unpaved,Harmattan Dust,Low,Parcel,0,0.2,0.9,Morning,Saturday,True,Weak,438.7
ORD12901,Birnin Kebbi Hub,Birnin Kebbi,4.5,Motorcycle,Paved,Rain,Low,Parcel,1,6.6,0.9,Morning,Wednesday,False,Weak,32.9
ORD12902,Birnin Kebbi Hub,Birnin Kebbi,6.2,Keke (Tricycle),Paved,Rain,Low,Documents,0,4.0,2.4,Midday,Saturday,True,Weak,23.7
ORD12903,Birnin Kebbi Hub,Birnin Kebbi,5.5,Keke (Tricycle),Paved,Clear,Medium,Parcel,2,0.2,2.9,Midday,Thursday,False,Weak,37.4
ORD12904,Birnin Kebbi Hub,Yauri,110.6,Keke (Tricycle),Unpaved,Clear,Medium,Food,3,20.2,0.5,Midday,Friday,False,Weak,475.9
ORD12905,Birnin Kebbi Hub,Jega,54.8,Keke (Tricycle),Unpaved,Clear,Medium,Parcel,0,1.0,6.8,Midday,Monday,False,Strong,216.0
ORD12906,Birnin Kebbi Hub,Bunza,53.1,Van,Paved,Clear,Medium,Food,0,1.1,3.0,Afternoon,Tuesday,False,Weak,97.3
ORD12907,Birnin Kebbi Hub,Argungu,59.6,Van,Paved,Clear,Low,Food,1,3.5,2.7,Morning,Monday,False,Strong,84.4
ORD12908,Birnin Kebbi Hub,Argungu,59.9,Van,Paved,Clear,Low,Parcel,0,1.0,7.6,Evening,Friday,False,Strong,60.6
ORD12909,Birnin Kebbi Hub,Yauri,156.2,Keke (Tricycle),Paved,Harmattan Dust,High,Parcel,0,4.8,1.0,Afternoon,Sunday,True,Strong,630.9
ORD12910,Birnin Kebbi Hub,Birnin Kebbi,8.2,Motorcycle,Paved,Clear,Low,Parcel,0,11.4,1.6,Morning,Friday,False,Weak,29.6
ORD12911,Birnin Kebbi Hub,Birnin Kebbi,4.8,Motorcycle,Paved,Rain,Low,Food,0,0.7,4.8,Midday,Saturday,True,Weak,8.0
ORD12912,Birnin Kebbi Hub,Jega,59.1,Keke (Tricycle),Paved,Clear,High,Documents,0,1.6,3.1,Midday,Thursday,False,Strong,202.9
ORD12913,Birnin Kebbi Hub,Kamba,128.8,Motorcycle,Unpaved,Harmattan Dust,Medium,Food,1,2.7,3.5,Morning,Tuesday,False,Weak,414.8
ORD12914,Birnin Kebbi Hub,Yauri,197.1,Van,Unpaved,Clear,Low,Bulk Goods,0,24.1,1.0,Evening,Monday,False,Strong,381.0
ORD12915,Birnin Kebbi Hub,Argungu,63.8,Motorcycle,Unpaved,Harmattan Dust,Low,Documents,4,11.2,2.9,Morning,Friday,False,Strong,199.8
ORD12916,Birnin Kebbi Hub,Kamba,141.8,Keke (Tricycle),Paved,Harmattan Dust,Low,Parcel,0,1.2,1.1,Morning,Thursday,False,Weak,326.3
ORD12917,Birnin Kebbi Hub,Birnin Kebbi,5.1,Truck,Paved,Rain,Medium,Bulk Goods,1,28.2,0.8,Afternoon,Tuesday,False,Weak,51.0
ORD12918,Birnin Kebbi Hub,Argungu,55.4,Truck,Paved,Harmattan Dust,High,Bulk Goods,0,17.2,2.5,Morning,Friday,False,Strong,187.8
ORD12919,Birnin Kebbi Hub,Jega,62.3,Motorcycle,Paved,Clear,Medium,Food,0,2.3,0.8,Morning,Saturday,True,Strong,112.0
ORD12920,Birnin Kebbi Hub,Kamba,143.1,Van,Paved,Clear,Low,Parcel,1,1.2,1.1,Midday,Wednesday,False,Weak,163.1
ORD12921,Birnin Kebbi Hub,Birnin Kebbi,3.8,Motorcycle,Paved,Clear,Low,Documents,0,6.0,2.5,Evening,Saturday,True,Weak,17.8
ORD12922,Birnin Kebbi Hub,Birnin Kebbi,5.1,Van,Paved,Harmattan Dust,Medium,Parcel,1,0.5,0.6,Afternoon,Thursday,False,Weak,29.9
ORD12923,Birnin Kebbi Hub,Kamba,165.0,Keke (Tricycle),Paved,Clear,Low,Food,0,0.2,6.5,Morning,Saturday,True,Weak,298.8
ORD12924,Birnin Kebbi Hub,Birnin Kebbi,5.7,Motorcycle,Paved,Rain,Medium,Parcel,0,2.0,4.7,Evening,Saturday,True,No Signal,21.0
ORD12925,Birnin Kebbi Hub,Birnin Kebbi,4.2,Motorcycle,Paved,Clear,Medium,Food,2,7.5,2.6,Evening,Monday,False,Strong,16.2
ORD12926,Birnin Kebbi Hub,Bunza,55.2,Motorcycle,Unpaved,Clear,Low,Parcel,3,0.6,2.6,Midday,Sunday,True,Strong,139.2
ORD12927,Birnin Kebbi Hub,Birnin Kebbi,3.0,Motorcycle,Paved,Clear,High,Bulk Goods,0,14.9,4.8,Afternoon,Sunday,True,Strong,26.9
ORD12928,Birnin Kebbi Hub,Birnin Kebbi,5.7,Motorcycle,Unpaved,Harmattan Dust,Low,Parcel,0,0.5,5.1,Afternoon,Wednesday,False,Weak,27.8
ORD12929,Birnin Kebbi Hub,Bunza,44.4,Motorcycle,Unpaved,Rain,Low,Parcel,0,0.2,3.7,Morning,Friday,False,No Signal,160.4
ORD12930,Birnin Kebbi Hub,Argungu,58.1,Motorcycle,Unpaved,Harmattan Dust,Low,Food,2,11.3,5.7,Morning,Friday,False,Strong,177.7
ORD12931,Birnin Kebbi Hub,Birnin Kebbi,2.1,Motorcycle,Paved,Rain,Medium,Bulk Goods,1,35.6,0.6,Midday,Wednesday,False,Strong,35.5
ORD12932,Birnin Kebbi Hub,Zuru,170.0,Motorcycle,Paved,Clear,Medium,Food,2,2.7,1.8,Afternoon,Tuesday,False,Weak,261.4
ORD12933,Birnin Kebbi Hub,Birnin Kebbi,9.5,Van,Paved,Rain,Medium,Bulk Goods,1,17.0,1.7,Afternoon,Sunday,True,Strong,55.5
ORD12934,Birnin Kebbi Hub,Yauri,156.1,Keke (Tricycle),Unpaved,Harmattan Dust,Low,Documents,1,0.6,1.3,Evening,Monday,False,Weak,626.0
ORD12935,Birnin Kebbi Hub,Kamba,141.3,Motorcycle,Unpaved,Harmattan Dust,Medium,Documents,1,5.8,3.4,Morning,Wednesday,False,Weak,475.8
ORD12936,Birnin Kebbi Hub,Kamba,120.6,Motorcycle,Unpaved,Rain,Low,Food,0,0.8,1.9,Midday,Friday,False,Strong,358.0
ORD12937,Birnin Kebbi Hub,Zuru,186.0,Keke (Tricycle),Paved,Clear,Medium,Bulk Goods,4,33.7,1.6,Afternoon,Wednesday,False,Weak,471.1
ORD12938,Birnin Kebbi Hub,Birnin Kebbi,4.4,Keke (Tricycle),Paved,Clear,Medium,Food,0,0.2,0.8,Morning,Thursday,False,Strong,23.3
ORD12939,Birnin Kebbi Hub,Yauri,192.0,Motorcycle,Unpaved,Rain,Low,Parcel,0,4.8,1.0,Evening,Saturday,True,Strong,602.2
ORD12940,Birnin Kebbi Hub,Yauri,144.2,Motorcycle,Paved,Clear,High,Documents,0,0.2,3.9,Midday,Friday,False,Strong,299.2
ORD12941,Birnin Kebbi Hub,Birnin Kebbi,8.4,Keke (Tricycle),Paved,Rain,High,Parcel,0,8.6,0.7,Morning,Saturday,True,Strong,53.2
ORD12942,Birnin Kebbi Hub,Bunza,51.1,Keke (Tricycle),Unpaved,Rain,Low,Parcel,0,1.1,0.5,Evening,Thursday,False,Strong,254.5
ORD12943,Birnin Kebbi Hub,Birnin Kebbi,8.0,Motorcycle,Paved,Clear,High,Food,3,0.4,3.7,Midday,Thursday,False,Weak,38.7
ORD12944,Birnin Kebbi Hub,Aliero,41.0,Keke (Tricycle),Paved,Clear,Low,Parcel,2,4.3,1.6,Evening,Thursday,False,Strong,85.9
ORD12945,Birnin Kebbi Hub,Argungu,66.7,Keke (Tricycle),Unpaved,Harmattan Dust,Low,Documents,0,0.4,2.1,Morning,Thursday,False,Strong,267.4
ORD12946,Birnin Kebbi Hub,Argungu,60.2,Motorcycle,Unpaved,Clear,Low,Parcel,0,5.1,3.2,Midday,Wednesday,False,Strong,129.3
ORD12947,Birnin Kebbi Hub,Bunza,39.8,Keke (Tricycle),Unpaved,Harmattan Dust,Medium,Documents,0,0.9,3.1,Afternoon,Wednesday,False,No Signal,217.7
ORD12948,Birnin Kebbi Hub,Zuru,155.2,Keke (Tricycle),Paved,Clear,Low,Bulk Goods,0,25.0,0.4,Midday,Friday,False,No Signal,299.4
ORD12949,Birnin Kebbi Hub,Birnin Kebbi,8.9,Keke (Tricycle),Paved,Clear,Low,Parcel,0,3.4,2.4,Afternoon,Sunday,True,Weak,35.2
ORD12950,Birnin Kebbi Hub,Aliero,39.8,Motorcycle,Paved,Clear,Low,Documents,0,4.8,0.5,Midday,Wednesday,False,Weak,60.6
ORD12951,Birnin Kebbi Hub,Bunza,40.0,Van,Paved,Rain,Medium,Food,0,5.1,2.5,Evening,Thursday,False,Weak,83.4
ORD12952,Birnin Kebbi Hub,Yauri,130.7,Van,Paved,Clear,Medium,Parcel,0,5.1,0.9,Morning,Tuesday,False,Weak,186.8
ORD12953,Birnin Kebbi Hub,Zuru,206.2,Van,Unpaved,Rain,Low,Bulk Goods,0,34.7,0.8,Evening,Wednesday,False,Strong,588.0
ORD12954,Birnin Kebbi Hub,Kamba,137.4,Keke (Tricycle),Paved,Harmattan Dust,Medium,Parcel,1,1.0,4.6,Morning,Saturday,True,Weak,396.5
ORD12955,Birnin Kebbi Hub,Argungu,52.8,Motorcycle,Paved,Clear,Medium,Parcel,2,2.7,2.6,Midday,Thursday,False,Weak,96.8
ORD12956,Birnin Kebbi Hub,Argungu,51.1,Motorcycle,Unpaved,Clear,Medium,Food,0,2.5,3.1,Midday,Thursday,False,Strong,131.6
ORD12957,Birnin Kebbi Hub,Kamba,147.6,Motorcycle,Unpaved,Rain,Low,Food,0,0.5,1.5,Evening,Saturday,True,Strong,460.8
ORD12958,Birnin Kebbi Hub,Bunza,35.6,Keke (Tricycle),Paved,Clear,High,Parcel,0,18.7,0.9,Midday,Tuesday,False,Weak,145.2
ORD12959,Birnin Kebbi Hub,Birnin Kebbi,3.7,Van,Unpaved,Clear,Medium,Parcel,0,0.2,2.2,Evening,Wednesday,False,No Signal,32.9
ORD12960,Birnin Kebbi Hub,Aliero,38.0,Truck,Paved,Clear,High,Bulk Goods,1,17.1,1.0,Midday,Wednesday,False,Weak,112.5
ORD12961,Birnin Kebbi Hub,Kamba,127.3,Motorcycle,Unpaved,Rain,Low,Bulk Goods,2,41.2,1.4,Midday,Thursday,False,Weak,422.9
ORD12962,Birnin Kebbi Hub,Kamba,118.3,Van,Paved,Rain,Low,Parcel,1,18.5,1.7,Midday,Thursday,False,No Signal,211.9
ORD12963,Birnin Kebbi Hub,Bunza,44.8,Motorcycle,Paved,Harmattan Dust,High,Parcel,1,2.1,0.8,Midday,Sunday,True,Weak,136.8
ORD12964,Birnin Kebbi Hub,Birnin Kebbi,4.9,Keke (Tricycle),Paved,Clear,Medium,Documents,0,0.5,3.1,Afternoon,Sunday,True,Weak,28.9
ORD12965,Birnin Kebbi Hub,Bunza,44.5,Motorcycle,Unpaved,Clear,Medium,Bulk Goods,0,26.4,4.0,Evening,Tuesday,False,No Signal,138.3
ORD12966,Birnin Kebbi Hub,Birnin Kebbi,2.9,Motorcycle,Paved,Clear,Low,Parcel,0,1.0,1.0,Afternoon,Saturday,True,Weak,31.7
ORD12967,Birnin Kebbi Hub,Birnin Kebbi,6.9,Van,Paved,Clear,High,Parcel,0,10.6,1.0,Afternoon,Saturday,True,No Signal,35.4
ORD12968,Birnin Kebbi Hub,Zuru,182.6,Keke (Tricycle),Unpaved,Clear,Low,Food,0,1.3,4.5,Midday,Wednesday,False,Weak,584.9
ORD12969,Birnin Kebbi Hub,Argungu,48.0,Motorcycle,Unpaved,Clear,Medium,Bulk Goods,0,31.9,3.0,Evening,Thursday,False,Strong,148.6
ORD12970,Birnin Kebbi Hub,Jega,51.8,Motorcycle,Paved,Clear,Low,Parcel,0,2.6,3.4,Afternoon,Sunday,True,Strong,62.8
ORD12971,Birnin Kebbi Hub,Birnin Kebbi,5.3,Motorcycle,Paved,Rain,Medium,Food,2,5.9,2.0,Evening,Friday,False,Weak,33.7
ORD12972,Birnin Kebbi Hub,Argungu,55.4,Truck,Paved,Harmattan Dust,High,Parcel,0,1.7,3.7,Midday,Thursday,False,No Signal,178.0
ORD12973,Birnin Kebbi Hub,Jega,63.6,Keke (Tricycle),Paved,Rain,Medium,Documents,1,13.3,0.9,Afternoon,Saturday,True,Weak,238.9
ORD12974,Birnin Kebbi Hub,Birnin Kebbi,3.8,Van,Paved,Harmattan Dust,Low,Parcel,0,6.3,2.5,Midday,Thursday,False,No Signal,16.0
ORD12975,Birnin Kebbi Hub,Aliero,34.9,Motorcycle,Paved,Rain,Medium,Food,1,7.0,0.9,Morning,Friday,False,Weak,100.0
ORD12976,Birnin Kebbi Hub,Kamba,148.4,Truck,Unpaved,Clear,Low,Food,0,2.4,1.4,Morning,Friday,False,Strong,370.9
ORD12977,Birnin Kebbi Hub,Jega,52.2,Motorcycle,Unpaved,Clear,High,Documents,0,0.6,0.6,Afternoon,Thursday,False,Weak,205.1
ORD12978,Birnin Kebbi Hub,Argungu,69.4,Motorcycle,Paved,Rain,Medium,Bulk Goods,1,10.4,2.6,Evening,Sunday,True,No Signal,182.4
ORD12979,Birnin Kebbi Hub,Jega,53.0,Motorcycle,Unpaved,Clear,Low,Parcel,0,5.9,3.7,Afternoon,Thursday,False,Weak,122.0
ORD12980,Birnin Kebbi Hub,Bunza,50.7,Motorcycle,Paved,Clear,Low,Food,0,0.6,2.2,Evening,Sunday,True,Weak,70.7
ORD12981,Birnin Kebbi Hub,Argungu,61.4,Van,Paved,Rain,Low,Parcel,1,2.9,1.3,Afternoon,Friday,False,Weak,121.2
ORD12982,Birnin Kebbi Hub,Argungu,61.1,Keke (Tricycle),Paved,Rain,Medium,Food,4,0.2,3.3,Morning,Saturday,True,No Signal,242.8
ORD12983,Birnin Kebbi Hub,Argungu,71.4,Keke (Tricycle),Unpaved,Clear,Medium,Parcel,0,2.0,1.9,Afternoon,Thursday,False,Strong,296.3
ORD12984,Birnin Kebbi Hub,Zuru,155.8,Keke (Tricycle),Unpaved,Clear,Medium,Food,2,1.1,2.4,Evening,Saturday,True,Strong,637.6
ORD12985,Birnin Kebbi Hub,Bunza,45.1,Keke (Tricycle),Paved,Harmattan Dust,Medium,Documents,1,0.7,1.5,Evening,Saturday,True,Strong,146.5
ORD12986,Birnin Kebbi Hub,Birnin Kebbi,4.3,Van,Paved,Clear,Medium,Parcel,0,1.4,3.2,Afternoon,Monday,False,Weak,12.6
ORD12987,Birnin Kebbi Hub,Birnin Kebbi,4.2,Keke (Tricycle),Paved,Harmattan Dust,Low,Parcel,0,8.1,1.0,Morning,Thursday,False,Weak,26.7
ORD12988,Birnin Kebbi Hub,Kamba,126.4,Keke (Tricycle),Unpaved,Clear,Medium,Parcel,0,0.6,3.2,Afternoon,Sunday,True,Weak,509.0
ORD12989,Birnin Kebbi Hub,Bunza,57.0,Motorcycle,Paved,Clear,Medium,Bulk Goods,0,32.5,2.8,Afternoon,Saturday,True,Strong,112.1
ORD12990,Birnin Kebbi Hub,Bunza,46.6,Keke (Tricycle),Paved,Clear,Medium,Parcel,0,7.4,5.7,Midday,Monday,False,Weak,105.1
ORD12991,Birnin Kebbi Hub,Jega,53.8,Keke (Tricycle),Paved,Clear,Medium,Documents,1,18.0,13.9,Afternoon,Monday,False,Strong,135.6
ORD12992,Birnin Kebbi Hub,Yauri,145.7,Van,Paved,Clear,High,Bulk Goods,0,15.8,4.0,Midday,Monday,False,Strong,277.4
ORD12993,Birnin Kebbi Hub,Aliero,35.0,Motorcycle,Paved,Clear,Medium,Documents,2,10.2,1.9,Evening,Thursday,False,Weak,79.3
ORD12994,Birnin Kebbi Hub,Bunza,42.2,Motorcycle,Unpaved,Clear,Medium,Food,0,6.9,1.6,Morning,Friday,False,Strong,125.4
ORD12995,Birnin Kebbi Hub,Yauri,167.9,Keke (Tricycle),Paved,Clear,Low,Parcel,0,0.7,2.4,Midday,Tuesday,False,Strong,301.3
ORD12996,Birnin Kebbi Hub,Argungu,59.8,Motorcycle,Unpaved,Clear,Low,Parcel,0,4.8,4.2,Midday,Sunday,True,Strong,123.4
ORD12997,Birnin Kebbi Hub,Kamba,146.2,Van,Unpaved,Rain,Low,Parcel,0,1.3,2.0,Morning,Saturday,True,Weak,423.8
ORD12998,Birnin Kebbi Hub,Bunza,48.7,Keke (Tricycle),Unpaved,Clear,Medium,Food,0,0.2,5.4,Afternoon,Monday,False,Strong,190.1
ORD12999,Birnin Kebbi Hub,Jega,57.9,Motorcycle,Paved,Clear,Medium,Food,2,2.5,3.8,Morning,Sunday,True,Strong,105.3
ORD13000,Birnin Kebbi Hub,Birnin Kebbi,7.2,Motorcycle,Paved,Clear,Low,Bulk Goods,0,44.4,1.4,Evening,Wednesday,False,Strong,30.6
ORD13001,Birnin Kebbi Hub,Bunza,53.0,Motorcycle,Paved,Harmattan Dust,Low,Food,0,0.5,1.0,Evening,Tuesday,False,Strong,75.8
ORD13002,Birnin Kebbi Hub,Kamba,105.9,Keke (Tricycle),Paved,Clear,High,Documents,0,3.2,6.2,Morning,Tuesday,False,Strong,339.8
ORD13003,Birnin Kebbi Hub,Kamba,158.9,Motorcycle,Unpaved,Clear,Low,Parcel,0,0.4,6.7,Evening,Thursday,False,Weak,326.0
ORD13004,Birnin Kebbi Hub,Birnin Kebbi,6.1,Motorcycle,Paved,Clear,Low,Bulk Goods,0,47.3,5.0,Evening,Saturday,True,Strong,38.1
ORD13005,Birnin Kebbi Hub,Aliero,42.0,Motorcycle,Unpaved,Rain,Low,Bulk Goods,0,36.8,1.8,Evening,Friday,False,Weak,157.8
ORD13006,Birnin Kebbi Hub,Birnin Kebbi,4.8,Van,Paved,Rain,Medium,Documents,0,1.5,3.2,Evening,Saturday,True,Weak,13.5
ORD13007,Birnin Kebbi Hub,Birnin Kebbi,5.4,Motorcycle,Paved,Rain,Low,Parcel,2,4.8,0.8,Morning,Sunday,True,Strong,37.7
ORD13008,Birnin Kebbi Hub,Kamba,126.1,Keke (Tricycle),Unpaved,Clear,Low,Food,0,1.9,1.9,Morning,Sunday,True,Strong,415.9
ORD13009,Birnin Kebbi Hub,Birnin Kebbi,8.5,Keke (Tricycle),Unpaved,Rain,Low,Parcel,1,0.2,3.8,Midday,Friday,False,Weak,50.2
ORD13010,Birnin Kebbi Hub,Birnin Kebbi,7.2,Keke (Tricycle),Paved,Clear,High,Parcel,0,9.0,2.7,Midday,Wednesday,False,Weak,41.6
ORD13011,Birnin Kebbi Hub,Aliero,29.5,Keke (Tricycle),Unpaved,Rain,High,Bulk Goods,0,28.0,2.1,Morning,Monday,False,Weak,258.2
ORD13012,Birnin Kebbi Hub,Bunza,36.4,Van,Unpaved,Clear,Low,Parcel,0,8.8,1.6,Morning,Thursday,False,Strong,72.9
ORD13013,Birnin Kebbi Hub,Argungu,65.0,Motorcycle,Paved,Clear,Low,Parcel,0,4.9,1.4,Evening,Friday,False,Strong,71.6
ORD13014,Birnin Kebbi Hub,Bunza,47.3,Motorcycle,Paved,Clear,High,Documents,0,0.2,5.1,Midday,Wednesday,False,Weak,100.1
ORD13015,Birnin Kebbi Hub,Jega,63.1,Motorcycle,Paved,Clear,High,Parcel,0,5.7,3.2,Midday,Sunday,True,No Signal,145.0
ORD13016,Birnin Kebbi Hub,Birnin Kebbi,11.3,Van,Paved,Clear,Medium,Food,2,4.3,2.1,Afternoon,Friday,False,Weak,54.1
ORD13017,Birnin Kebbi Hub,Kamba,143.2,Keke (Tricycle),Unpaved,Clear,Low,Parcel,2,2.7,1.4,Morning,Monday,False,Strong,469.2
ORD13018,Birnin Kebbi Hub,Jega,42.2,Motorcycle,Unpaved,Rain,Low,Food,0,16.0,1.8,Afternoon,Tuesday,False,Weak,151.3
ORD13019,Birnin Kebbi Hub,Birnin Kebbi,9.6,Truck,Paved,Clear,Low,Parcel,1,2.1,2.6,Midday,Saturday,True,Weak,44.9
ORD13020,Birnin Kebbi Hub,Birnin Kebbi,6.7,Keke (Tricycle),Paved,Rain,Low,Parcel,0,3.2,4.2,Morning,Monday,False,No Signal,49.5
ORD13021,Birnin Kebbi Hub,Argungu,79.8,Keke (Tricycle),Paved,Rain,Medium,Parcel,1,3.8,4.6,Evening,Wednesday,False,Strong,273.5
ORD13022,Birnin Kebbi Hub,Bunza,46.4,Van,Unpaved,Clear,Medium,Parcel,0,0.8,0.2,Morning,Sunday,True,Strong,125.2
ORD13023,Birnin Kebbi Hub,Birnin Kebbi,10.8,Truck,Paved,Harmattan Dust,High,Bulk Goods,0,32.0,1.0,Evening,Wednesday,False,Weak,49.0
ORD13024,Birnin Kebbi Hub,Argungu,86.2,Motorcycle,Unpaved,Rain,Medium,Documents,0,0.7,1.5,Evening,Sunday,True,Weak,345.1
ORD13025,Birnin Kebbi Hub,Birnin Kebbi,5.2,Motorcycle,Paved,Clear,Low,Bulk Goods,0,32.2,4.7,Morning,Friday,False,Strong,47.8
ORD13026,Birnin Kebbi Hub,Kamba,155.8,Keke (Tricycle),Paved,Rain,Medium,Food,2,0.6,2.1,Morning,Tuesday,False,No Signal,544.3
ORD13027,Birnin Kebbi Hub,Aliero,39.3,Van,Unpaved,Harmattan Dust,High,Parcel,0,4.7,0.3,Afternoon,Monday,False,Strong,182.9
ORD13028,Birnin Kebbi Hub,Argungu,69.8,Truck,Unpaved,Rain,Low,Food,2,4.2,1.0,Morning,Saturday,True,No Signal,309.4
ORD13029,Birnin Kebbi Hub,Argungu,59.8,Motorcycle,Unpaved,Harmattan Dust,Medium,Documents,1,1.9,4.5,Afternoon,Tuesday,False,Weak,206.6
ORD13030,Birnin Kebbi Hub,Argungu,65.1,Motorcycle,Paved,Rain,Low,Bulk Goods,0,14.5,6.3,Afternoon,Sunday,True,Weak,125.0
ORD13031,Birnin Kebbi Hub,Birnin Kebbi,5.5,Keke (Tricycle),Paved,Clear,Low,Parcel,0,0.4,1.1,Afternoon,Saturday,True,Weak,38.8
ORD13032,Birnin Kebbi Hub,Argungu,67.3,Keke (Tricycle),Paved,Clear,Low,Documents,1,0.4,1.5,Afternoon,Saturday,True,Weak,149.6
ORD13033,Birnin Kebbi Hub,Birnin Kebbi,3.2,Keke (Tricycle),Unpaved,Rain,Medium,Parcel,1,9.1,1.9,Afternoon,Friday,False,Strong,44.3
ORD13034,Birnin Kebbi Hub,Birnin Kebbi,7.4,Motorcycle,Paved,Clear,Low,Documents,0,4.2,3.8,Morning,Friday,False,Strong,17.0
ORD13035,Birnin Kebbi Hub,Bunza,42.1,Motorcycle,Unpaved,Harmattan Dust,High,Bulk Goods,3,20.7,3.5,Evening,Monday,False,Weak,217.3
ORD13036,Birnin Kebbi Hub,Jega,50.9,Van,Unpaved,Harmattan Dust,Low,Food,3,0.6,0.2,Morning,Tuesday,False,Weak,161.1
ORD13037,Birnin Kebbi Hub,Birnin Kebbi,4.1,Van,Paved,Rain,Medium,Parcel,2,1.7,1.6,Midday,Wednesday,False,Weak,32.2
ORD13038,Birnin Kebbi Hub,Kamba,131.4,Keke (Tricycle),Unpaved,Harmattan Dust,Medium,Bulk Goods,2,28.5,2.4,Evening,Tuesday,False,Weak,682.6
ORD13039,Birnin Kebbi Hub,Birnin Kebbi,4.4,Motorcycle,Paved,Clear,Low,Parcel,0,7.2,6.3,Evening,Wednesday,False,No Signal,20.0
ORD13040,Birnin Kebbi Hub,Argungu,60.8,Keke (Tricycle),Unpaved,Clear,Medium,Parcel,0,3.3,2.2,Morning,Friday,False,Weak,250.3
ORD13041,Birnin Kebbi Hub,Kamba,130.2,Motorcycle,Paved,Clear,Medium,Parcel,0,0.9,2.8,Afternoon,Friday,False,No Signal,192.6
ORD13042,Birnin Kebbi Hub,Birnin Kebbi,6.8,Keke (Tricycle),Paved,Harmattan Dust,Medium,Food,1,3.7,0.6,Morning,Monday,False,Strong,31.5
ORD13043,Birnin Kebbi Hub,Argungu,64.4,Keke (Tricycle),Paved,Clear,Low,Parcel,0,5.9,0.5,Evening,Saturday,True,Weak,115.2
ORD13044,Birnin Kebbi Hub,Birnin Kebbi,8.8,Keke (Tricycle),Paved,Rain,Low,Parcel,0,3.5,2.0,Afternoon,Saturday,True,Strong,51.4
ORD13045,Birnin Kebbi Hub,Bunza,35.7,Motorcycle,Unpaved,Clear,Medium,Food,3,0.3,6.7,Morning,Wednesday,False,Weak,123.7
ORD13046,Birnin Kebbi Hub,Birnin Kebbi,5.1,Keke (Tricycle),Paved,Clear,Low,Parcel,1,3.3,1.4,Morning,Friday,False,Weak,35.2
ORD13047,Birnin Kebbi Hub,Argungu,72.4,Keke (Tricycle),Unpaved,Clear,High,Parcel,0,2.1,6.8,Morning,Thursday,False,Weak,421.6
ORD13048,Birnin Kebbi Hub,Kamba,99.6,Keke (Tricycle),Paved,Clear,Low,Food,0,0.5,5.4,Evening,Saturday,True,No Signal,185.9
ORD13049,Birnin Kebbi Hub,Zuru,182.9,Keke (Tricycle),Paved,Clear,Medium,Documents,2,9.2,4.0,Midday,Sunday,True,Strong,412.9
ORD13050,Birnin Kebbi Hub,Jega,54.8,Motorcycle,Unpaved,Clear,High,Parcel,1,2.5,1.5,Morning,Thursday,False,Weak,227.8
ORD13051,Birnin Kebbi Hub,Jega,55.5,Keke (Tricycle),Unpaved,Clear,Low,Documents,0,0.2,3.1,Morning,Tuesday,False,Weak,193.2
ORD13052,Birnin Kebbi Hub,Argungu,69.3,Motorcycle,Unpaved,Harmattan Dust,Low,Parcel,2,4.9,2.9,Midday,Saturday,True,Strong,182.7
ORD13053,Birnin Kebbi Hub,Birnin Kebbi,6.0,Motorcycle,Paved,Clear,Low,Documents,0,2.6,5.5,Midday,Wednesday,False,Strong,12.6
ORD13054,Birnin Kebbi Hub,Aliero,39.2,Van,Unpaved,Clear,Low,Food,0,1.3,1.7,Morning,Thursday,False,Strong,80.1
ORD13055,Birnin Kebbi Hub,Jega,69.7,Motorcycle,Unpaved,Harmattan Dust,High,Parcel,0,0.5,2.8,Morning,Tuesday,False,No Signal,322.6
ORD13056,Birnin Kebbi Hub,Zuru,194.0,Motorcycle,Unpaved,Clear,Medium,Food,0,1.6,4.5,Midday,Thursday,False,Weak,481.3
ORD13057,Birnin Kebbi Hub,Bunza,47.0,Keke (Tricycle),Unpaved,Clear,High,Food,0,15.1,4.4,Afternoon,Thursday,False,Strong,284.8
ORD13058,Birnin Kebbi Hub,Bunza,43.3,Keke (Tricycle),Unpaved,Rain,Medium,Documents,3,1.3,1.8,Evening,Monday,False,Strong,279.9
ORD13059,Birnin Kebbi Hub,Bunza,45.7,Motorcycle,Unpaved,Rain,Low,Parcel,0,3.9,0.9,Morning,Thursday,False,Strong,156.8
ORD13060,Birnin Kebbi Hub,Birnin Kebbi,5.6,Keke (Tricycle),Paved,Clear,Medium,Food,0,0.6,0.6,Midday,Wednesday,False,Strong,26.0
ORD13061,Birnin Kebbi Hub,Jega,54.3,Van,Paved,Harmattan Dust,Low,Food,0,1.7,3.5,Midday,Friday,False,Weak,78.4
ORD13062,Birnin Kebbi Hub,Yauri,150.9,Van,Paved,Clear,Medium,Bulk Goods,2,17.6,4.0,Afternoon,Thursday,False,Weak,227.0
ORD13063,Birnin Kebbi Hub,Kamba,142.6,Motorcycle,Unpaved,Rain,Medium,Food,1,4.3,3.2,Morning,Monday,False,Strong,565.6
ORD13064,Birnin Kebbi Hub,Argungu,64.6,Keke (Tricycle),Paved,Clear,High,Bulk Goods,0,25.2,1.7,Afternoon,Wednesday,False,No Signal,239.8
ORD13065,Birnin Kebbi Hub,Birnin Kebbi,7.1,Motorcycle,Paved,Rain,Low,Food,1,0.9,4.7,Morning,Wednesday,False,Strong,27.0
ORD13066,Birnin Kebbi Hub,Birnin Kebbi,3.0,Motorcycle,Paved,Clear,Medium,Parcel,3,5.5,1.5,Midday,Wednesday,False,Strong,41.7
ORD13067,Birnin Kebbi Hub,Zuru,200.1,Motorcycle,Unpaved,Clear,Low,Parcel,0,0.6,2.2,Afternoon,Monday,False,Weak,413.2
ORD13068,Birnin Kebbi Hub,Birnin Kebbi,7.1,Van,Paved,Harmattan Dust,Low,Bulk Goods,0,34.1,0.5,Morning,Sunday,True,Weak,38.7
ORD13069,Birnin Kebbi Hub,Birnin Kebbi,6.0,Van,Paved,Clear,Low,Parcel,2,0.6,1.5,Morning,Tuesday,False,Strong,39.3
ORD13070,Birnin Kebbi Hub,Zuru,190.4,Van,Unpaved,Clear,Low,Documents,1,1.1,2.5,Afternoon,Saturday,True,Strong,377.7
ORD13071,Birnin Kebbi Hub,Bunza,48.6,Motorcycle,Paved,Clear,High,Parcel,0,1.2,2.4,Morning,Wednesday,False,Weak,120.1
ORD13072,Birnin Kebbi Hub,Argungu,81.2,Keke (Tricycle),Paved,Rain,Medium,Parcel,1,0.8,2.0,Evening,Friday,False,Weak,285.0
ORD13073,Birnin Kebbi Hub,Bunza,44.8,Keke (Tricycle),Paved,Clear,Low,Documents,0,0.7,4.1,Afternoon,Wednesday,False,No Signal,97.1
ORD13074,Birnin Kebbi Hub,Birnin Kebbi,6.1,Motorcycle,Unpaved,Clear,Medium,Bulk Goods,0,34.6,0.2,Evening,Saturday,True,Strong,56.1
ORD13075,Birnin Kebbi Hub,Birnin Kebbi,6.5,Keke (Tricycle),Paved,Clear,Low,Parcel,1,7.6,3.6,Morning,Tuesday,False,Weak,31.2
ORD13076,Birnin Kebbi Hub,Argungu,64.2,Motorcycle,Unpaved,Harmattan Dust,Medium,Documents,0,5.2,2.1,Morning,Tuesday,False,Strong,219.0
ORD13077,Birnin Kebbi Hub,Bunza,47.3,Motorcycle,Paved,Harmattan Dust,Low,Parcel,1,6.2,1.3,Morning,Thursday,False,No Signal,103.5
ORD13078,Birnin Kebbi Hub,Yauri,138.0,Motorcycle,Unpaved,Clear,Low,Parcel,1,2.5,1.7,Midday,Thursday,False,Strong,291.3
ORD13079,Birnin Kebbi Hub,Zuru,201.0,Motorcycle,Unpaved,Clear,Low,Documents,0,0.6,0.8,Afternoon,Sunday,True,Weak,419.6
ORD13080,Birnin Kebbi Hub,Bunza,54.2,Van,Unpaved,Clear,High,Parcel,0,2.4,2.5,Morning,Thursday,False,Weak,198.3
ORD13081,Birnin Kebbi Hub,Birnin Kebbi,3.9,Van,Paved,Clear,Low,Bulk Goods,2,12.6,0.9,Morning,Wednesday,False,Strong,42.6
ORD13082,Birnin Kebbi Hub,Birnin Kebbi,6.9,Keke (Tricycle),Paved,Rain,Low,Documents,0,0.6,0.3,Morning,Thursday,False,Weak,46.4
ORD13083,Birnin Kebbi Hub,Argungu,78.7,Motorcycle,Paved,Clear,Medium,Food,0,1.6,2.5,Evening,Thursday,False,Weak,105.6
ORD13084,Birnin Kebbi Hub,Birnin Kebbi,6.9,Motorcycle,Unpaved,Rain,Low,Bulk Goods,0,20.6,3.2,Midday,Sunday,True,Strong,43.8
ORD13085,Birnin Kebbi Hub,Aliero,33.2,Motorcycle,Paved,Clear,High,Parcel,0,1.9,0.7,Morning,Thursday,False,No Signal,86.2
ORD13086,Birnin Kebbi Hub,Argungu,70.5,Truck,Paved,Harmattan Dust,Medium,Food,2,2.9,1.8,Evening,Wednesday,False,Weak,200.1
ORD13087,Birnin Kebbi Hub,Aliero,43.6,Keke (Tricycle),Paved,Clear,Low,Parcel,0,1.1,1.9,Morning,Friday,False,No Signal,93.2
ORD13088,Birnin Kebbi Hub,Kamba,149.9,Van,Paved,Rain,High,Food,0,3.9,4.4,Morning,Sunday,True,Weak,443.0
ORD13089,Birnin Kebbi Hub,Kamba,139.7,Motorcycle,Paved,Rain,Low,Documents,1,1.5,4.7,Midday,Monday,False,Strong,240.7
ORD13090,Birnin Kebbi Hub,Bunza,48.1,Keke (Tricycle),Unpaved,Clear,Low,Parcel,2,0.3,1.2,Evening,Monday,False,Strong,167.3
ORD13091,Birnin Kebbi Hub,Zuru,170.3,Motorcycle,Paved,Rain,High,Bulk Goods,1,35.2,1.2,Evening,Tuesday,False,No Signal,557.1
ORD13092,Birnin Kebbi Hub,Jega,66.2,Motorcycle,Unpaved,Clear,Medium,Food,0,4.2,3.1,Evening,Sunday,True,Strong,173.6
ORD13093,Birnin Kebbi Hub,Bunza,40.9,Motorcycle,Paved,Rain,Medium,Food,0,21.2,1.6,Afternoon,Wednesday,False,Weak,122.6
ORD13094,Birnin Kebbi Hub,Argungu,67.2,Keke (Tricycle),Paved,Clear,Medium,Bulk Goods,1,13.6,2.9,Evening,Monday,False,Weak,171.8
ORD13095,Birnin Kebbi Hub,Jega,59.0,Keke (Tricycle),Unpaved,Harmattan Dust,Medium,Food,2,1.0,1.5,Midday,Thursday,False,Strong,310.0
ORD13096,Birnin Kebbi Hub,Bunza,39.1,Keke (Tricycle),Unpaved,Harmattan Dust,Low,Food,0,2.5,3.6,Midday,Wednesday,False,Weak,164.3
ORD13097,Birnin Kebbi Hub,Bunza,55.0,Truck,Paved,Clear,Low,Parcel,0,1.7,2.3,Afternoon,Wednesday,False,No Signal,94.7
ORD13098,Birnin Kebbi Hub,Jega,54.6,Truck,Paved,Harmattan Dust,High,Food,0,2.1,1.1,Morning,Sunday,True,Strong,166.9
ORD13099,Birnin Kebbi Hub,Bunza,42.7,Motorcycle,Paved,Rain,High,Food,2,5.2,0.6,Morning,Tuesday,False,Strong,155.9
ORD13100,Birnin Kebbi Hub,Birnin Kebbi,9.7,Motorcycle,Paved,Clear,Low,Food,0,0.7,3.1,Midday,Monday,False,Weak,15.5
ORD13101,Birnin Kebbi Hub,Argungu,60.3,Motorcycle,Paved,Clear,Medium,Parcel,0,3.5,1.2,Morning,Sunday,True,Strong,101.8
ORD13102,Birnin Kebbi Hub,Aliero,34.6,Motorcycle,Unpaved,Clear,Medium,Parcel,3,3.6,2.7,Afternoon,Friday,False,Weak,116.5
ORD13103,Birnin Kebbi Hub,Zuru,163.5,Motorcycle,Paved,Clear,High,Bulk Goods,2,35.8,0.5,Evening,Sunday,True,Weak,378.9
ORD13104,Birnin Kebbi Hub,Birnin Kebbi,7.3,Truck,Paved,Clear,Low,Documents,4,10.8,1.3,Evening,Saturday,True,Strong,90.7
ORD13105,Birnin Kebbi Hub,Bunza,51.1,Van,Unpaved,Harmattan Dust,High,Parcel,1,2.0,0.3,Evening,Wednesday,False,Strong,230.0
ORD13106,Birnin Kebbi Hub,Jega,55.1,Motorcycle,Unpaved,Clear,Medium,Documents,1,3.4,1.6,Afternoon,Friday,False,Weak,157.9
ORD13107,Birnin Kebbi Hub,Aliero,37.9,Motorcycle,Paved,Clear,Low,Food,1,1.8,0.5,Morning,Monday,False,Weak,74.2
ORD13108,Birnin Kebbi Hub,Jega,58.0,Motorcycle,Unpaved,Clear,Low,Parcel,0,3.0,3.7,Afternoon,Friday,False,Strong,126.7
ORD13109,Birnin Kebbi Hub,Bunza,41.7,Keke (Tricycle),Paved,Clear,High,Bulk Goods,0,26.5,4.1,Evening,Friday,False,Weak,151.6
ORD13110,Birnin Kebbi Hub,Argungu,64.9,Keke (Tricycle),Unpaved,Harmattan Dust,High,Parcel,2,0.3,3.5,Afternoon,Tuesday,False,Strong,479.6
ORD13111,Birnin Kebbi Hub,Birnin Kebbi,6.4,Motorcycle,Paved,Harmattan Dust,Low,Food,2,3.7,5.2,Midday,Saturday,True,Weak,29.0
ORD13112,Birnin Kebbi Hub,Aliero,33.8,Motorcycle,Paved,Harmattan Dust,Medium,Parcel,0,8.3,2.8,Afternoon,Monday,False,Strong,72.1
ORD13113,Birnin Kebbi Hub,Kamba,159.2,Motorcycle,Paved,Clear,Medium,Documents,0,1.1,1.5,Evening,Saturday,True,Strong,224.3
ORD13114,Birnin Kebbi Hub,Bunza,38.8,Keke (Tricycle),Unpaved,Rain,High,Parcel,0,3.6,3.9,Morning,Friday,False,Strong,295.6
ORD13115,Birnin Kebbi Hub,Argungu,74.1,Keke (Tricycle),Unpaved,Clear,Medium,Food,0,4.6,1.2,Morning,Wednesday,False,Weak,306.9
ORD13116,Birnin Kebbi Hub,Birnin Kebbi,7.7,Van,Paved,Clear,Medium,Parcel,0,5.2,5.0,Evening,Saturday,True,Strong,25.3
ORD13117,Birnin Kebbi Hub,Zuru,161.6,Van,Unpaved,Rain,Low,Parcel,1,0.4,0.2,Afternoon,Saturday,True,Weak,486.7
ORD13118,Birnin Kebbi Hub,Birnin Kebbi,7.1,Motorcycle,Paved,Clear,Low,Parcel,0,9.7,4.7,Midday,Saturday,True,Strong,27.2
ORD13119,Birnin Kebbi Hub,Jega,61.7,Keke (Tricycle),Paved,Clear,Medium,Parcel,1,0.4,2.2,Morning,Wednesday,False,Strong,158.6
ORD13120,Birnin Kebbi Hub,Kamba,137.4,Keke (Tricycle),Unpaved,Clear,Low,Documents,1,3.0,6.1,Evening,Sunday,True,Strong,446.3
ORD13121,Birnin Kebbi Hub,Birnin Kebbi,5.6,Motorcycle,Paved,Clear,Low,Bulk Goods,3,29.6,1.2,Afternoon,Thursday,False,Strong,48.9
ORD13122,Birnin Kebbi Hub,Bunza,48.2,Motorcycle,Unpaved,Harmattan Dust,Low,Parcel,0,1.9,1.7,Midday,Saturday,True,Weak,131.4
ORD13123,Birnin Kebbi Hub,Bunza,50.6,Van,Unpaved,Clear,Low,Parcel,0,1.3,4.0,Evening,Wednesday,False,Weak,101.0
ORD13124,Birnin Kebbi Hub,Birnin Kebbi,8.9,Motorcycle,Paved,Clear,High,Parcel,2,0.3,2.7,Morning,Wednesday,False,Weak,40.9
ORD13125,Birnin Kebbi Hub,Birnin Kebbi,4.2,Motorcycle,Paved,Clear,Low,Bulk Goods,0,51.3,0.5,Midday,Thursday,False,Strong,47.0
ORD13126,Birnin Kebbi Hub,Zuru,189.8,Motorcycle,Paved,Harmattan Dust,Low,Parcel,0,2.3,2.2,Morning,Monday,False,Weak,272.4
ORD13127,Birnin Kebbi Hub,Birnin Kebbi,3.7,Truck,Paved,Clear,Medium,Documents,0,4.8,2.8,Morning,Saturday,True,No Signal,42.2
ORD13128,Birnin Kebbi Hub,Birnin Kebbi,6.2,Van,Paved,Clear,Medium,Documents,1,3.3,0.8,Afternoon,Monday,False,Weak,32.2
ORD13129,Birnin Kebbi Hub,Bunza,33.8,Motorcycle,Unpaved,Rain,Low,Parcel,1,3.6,2.1,Afternoon,Thursday,False,Strong,128.9
ORD13130,Birnin Kebbi Hub,Birnin Kebbi,6.0,Motorcycle,Paved,Harmattan Dust,Low,Parcel,2,4.4,3.5,Morning,Monday,False,No Signal,32.9
ORD13131,Birnin Kebbi Hub,Zuru,176.3,Motorcycle,Paved,Clear,Medium,Food,1,3.2,2.4,Midday,Sunday,True,Weak,257.4
ORD13132,Birnin Kebbi Hub,Zuru,182.7,Keke (Tricycle),Paved,Rain,Medium,Food,2,0.4,0.5,Morning,Monday,False,Weak,632.5
ORD13133,Birnin Kebbi Hub,Birnin Kebbi,2.9,Keke (Tricycle),Paved,Rain,Low,Parcel,1,2.2,6.3,Evening,Thursday,False,No Signal,21.2
ORD13134,Birnin Kebbi Hub,Argungu,59.1,Motorcycle,Unpaved,Harmattan Dust,Low,Food,2,0.2,0.3,Afternoon,Friday,False,Weak,180.3
ORD13135,Birnin Kebbi Hub,Kamba,153.4,Van,Paved,Clear,Low,Parcel,0,0.2,2.3,Midday,Thursday,False,Strong,157.6
ORD13136,Birnin Kebbi Hub,Birnin Kebbi,7.4,Motorcycle,Paved,Clear,Medium,Food,1,6.1,1.5,Evening,Wednesday,False,Weak,24.8
ORD13137,Birnin Kebbi Hub,Birnin Kebbi,6.1,Keke (Tricycle),Paved,Rain,Medium,Parcel,4,0.7,0.7,Midday,Wednesday,False,Strong,55.1
ORD13138,Birnin Kebbi Hub,Birnin Kebbi,6.5,Motorcycle,Paved,Clear,Medium,Food,0,0.8,1.5,Midday,Saturday,True,Strong,27.1
ORD13139,Birnin Kebbi Hub,Yauri,192.2,Motorcycle,Unpaved,Harmattan Dust,Low,Parcel,1,12.4,3.1,Evening,Wednesday,False,Strong,493.7
ORD13140,Birnin Kebbi Hub,Kamba,102.3,Motorcycle,Unpaved,Harmattan Dust,Medium,Parcel,0,2.8,1.5,Afternoon,Saturday,True,Weak,341.9
ORD13141,Birnin Kebbi Hub,Argungu,58.3,Motorcycle,Paved,Harmattan Dust,High,Parcel,0,1.6,3.1,Midday,Tuesday,False,Strong,157.2
ORD13142,Birnin Kebbi Hub,Yauri,143.8,Keke (Tricycle),Paved,Harmattan Dust,Medium,Documents,0,6.0,1.1,Midday,Monday,False,No Signal,397.6
ORD13143,Birnin Kebbi Hub,Birnin Kebbi,4.5,Keke (Tricycle),Paved,Clear,Low,Food,2,0.2,4.9,Midday,Tuesday,False,Weak,22.4
ORD13144,Birnin Kebbi Hub,Birnin Kebbi,4.5,Motorcycle,Paved,Clear,High,Parcel,1,3.4,2.9,Midday,Wednesday,False,Strong,27.4
ORD13145,Birnin Kebbi Hub,Yauri,151.9,Van,Paved,Clear,Medium,Food,0,1.2,2.6,Evening,Sunday,True,Strong,198.8
ORD13146,Birnin Kebbi Hub,Jega,54.2,Van,Unpaved,Clear,Medium,Food,0,1.2,2.9,Midday,Sunday,True,Weak,127.2
ORD13147,Birnin Kebbi Hub,Aliero,36.4,Van,Paved,Clear,Low,Parcel,1,0.8,3.4,Afternoon,Friday,False,Strong,53.0
ORD13148,Birnin Kebbi Hub,Birnin Kebbi,6.0,Keke (Tricycle),Paved,Rain,High,Documents,0,1.1,3.9,Morning,Monday,False,Strong,46.1
ORD13149,Birnin Kebbi Hub,Birnin Kebbi,7.6,Motorcycle,Paved,Clear,Medium,Parcel,0,0.2,3.6,Morning,Friday,False,Strong,26.7
ORD13150,Birnin Kebbi Hub,Birnin Kebbi,7.6,Motorcycle,Paved,Harmattan Dust,High,Parcel,0,0.8,1.0,Evening,Monday,False,Weak,30.0
ORD13151,Birnin Kebbi Hub,Birnin Kebbi,6.3,Motorcycle,Paved,Clear,High,Parcel,2,6.7,3.1,Morning,Saturday,True,No Signal,53.1
ORD13152,Birnin Kebbi Hub,Birnin Kebbi,6.2,Truck,Unpaved,Harmattan Dust,Low,Food,0,0.6,0.7,Morning,Sunday,True,No Signal,51.7
ORD13153,Birnin Kebbi Hub,Yauri,144.2,Truck,Unpaved,Clear,High,Parcel,1,1.9,3.8,Midday,Tuesday,False,Weak,649.3
ORD13154,Birnin Kebbi Hub,Argungu,67.0,Keke (Tricycle),Paved,Clear,High,Documents,0,1.0,0.5,Morning,Wednesday,False,No Signal,234.3
ORD13155,Birnin Kebbi Hub,Bunza,45.3,Keke (Tricycle),Paved,Clear,High,Parcel,0,7.1,4.3,Morning,Monday,False,Strong,155.0
ORD13156,Birnin Kebbi Hub,Jega,61.8,Keke (Tricycle),Unpaved,Clear,Low,Parcel,2,7.9,4.3,Afternoon,Sunday,True,No Signal,225.0
ORD13157,Birnin Kebbi Hub,Jega,57.8,Keke (Tricycle),Paved,Clear,Medium,Parcel,2,1.2,0.7,Evening,Friday,False,Weak,156.5
ORD13158,Birnin Kebbi Hub,Bunza,50.9,Keke (Tricycle),Paved,Rain,Low,Parcel,0,1.9,2.6,Evening,Sunday,True,Weak,149.0
ORD13159,Birnin Kebbi Hub,Bunza,45.9,Motorcycle,Paved,Harmattan Dust,Low,Parcel,0,3.7,5.4,Morning,Monday,False,Strong,78.1
ORD13160,Birnin Kebbi Hub,Zuru,178.6,Van,Paved,Clear,High,Parcel,1,4.0,1.0,Midday,Monday,False,No Signal,337.1
ORD13161,Birnin Kebbi Hub,Birnin Kebbi,4.5,Motorcycle,Paved,Clear,Low,Parcel,2,2.7,1.3,Evening,Thursday,False,Strong,10.1
ORD13162,Birnin Kebbi Hub,Argungu,61.2,Motorcycle,Unpaved,Clear,Medium,Documents,2,3.6,1.0,Morning,Sunday,True,Strong,178.0
ORD13163,Birnin Kebbi Hub,Bunza,52.3,Keke (Tricycle),Paved,Clear,Low,Parcel,2,2.1,3.0,Morning,Friday,False,Weak,127.6
ORD13164,Birnin Kebbi Hub,Jega,62.3,Motorcycle,Paved,Rain,Low,Food,2,3.4,3.9,Afternoon,Monday,False,Weak,125.7
ORD13165,Birnin Kebbi Hub,Bunza,40.6,Motorcycle,Unpaved,Clear,High,Parcel,0,0.9,2.0,Afternoon,Saturday,True,Strong,171.2
ORD13166,Birnin Kebbi Hub,Argungu,67.1,Motorcycle,Paved,Harmattan Dust,Low,Parcel,0,1.7,4.0,Morning,Friday,False,No Signal,103.3
ORD13167,Birnin Kebbi Hub,Bunza,41.8,Motorcycle,Paved,Rain,Medium,Food,2,1.0,3.2,Midday,Monday,False,No Signal,109.2
ORD13168,Birnin Kebbi Hub,Kamba,154.8,Keke (Tricycle),Unpaved,Clear,Medium,Food,0,0.2,1.1,Morning,Sunday,True,Weak,618.2
ORD13169,Birnin Kebbi Hub,Birnin Kebbi,5.0,Keke (Tricycle),Paved,Harmattan Dust,Medium,Bulk Goods,3,21.3,1.3,Midday,Saturday,True,Weak,56.8
ORD13170,Birnin Kebbi Hub,Birnin Kebbi,4.2,Keke (Tricycle),Paved,Rain,Low,Parcel,0,3.4,4.3,Evening,Friday,False,Strong,25.5
ORD13171,Birnin Kebbi Hub,Argungu,56.4,Motorcycle,Unpaved,Rain,Low,Parcel,1,13.4,3.4,Afternoon,Thursday,False,Strong,189.1
ORD13172,Birnin Kebbi Hub,Kamba,138.6,Motorcycle,Paved,Clear,Medium,Bulk Goods,0,31.8,1.7,Evening,Monday,False,Weak,216.2
ORD13173,Birnin Kebbi Hub,Bunza,39.6,Van,Unpaved,Harmattan Dust,Low,Documents,0,10.7,1.5,Morning,Friday,False,Strong,103.6
ORD13174,Birnin Kebbi Hub,Kamba,158.0,Keke (Tricycle),Paved,Clear,Medium,Bulk Goods,0,11.6,0.9,Midday,Wednesday,False,Weak,355.5
ORD13175,Birnin Kebbi Hub,Bunza,39.8,Motorcycle,Paved,Clear,Medium,Parcel,0,5.3,2.1,Morning,Monday,False,Strong,80.0
ORD13176,Birnin Kebbi Hub,Bunza,28.6,Van,Unpaved,Clear,Low,Parcel,1,0.9,1.3,Evening,Friday,False,Strong,73.2
ORD13177,Birnin Kebbi Hub,Argungu,65.8,Motorcycle,Unpaved,Clear,High,Parcel,0,9.9,9.0,Midday,Wednesday,False,No Signal,260.0
ORD13178,Birnin Kebbi Hub,Jega,58.0,Motorcycle,Paved,Clear,Low,Documents,0,11.6,2.9,Midday,Monday,False,Strong,64.1
ORD13179,Birnin Kebbi Hub,Birnin Kebbi,7.0,Keke (Tricycle),Paved,Harmattan Dust,Low,Documents,2,0.8,1.0,Afternoon,Thursday,False,Weak,33.3
ORD13180,Birnin Kebbi Hub,Birnin Kebbi,4.7,Motorcycle,Paved,Harmattan Dust,Medium,Food,0,4.1,0.6,Morning,Tuesday,False,Strong,16.2
ORD13181,Birnin Kebbi Hub,Kamba,108.3,Motorcycle,Paved,Harmattan Dust,Low,Bulk Goods,0,30.1,1.7,Midday,Thursday,False,Strong,170.8
ORD13182,Birnin Kebbi Hub,Birnin Kebbi,5.6,Van,Paved,Clear,Medium,Documents,2,3.2,3.6,Evening,Tuesday,False,Weak,38.7
ORD13183,Birnin Kebbi Hub,Kamba,131.9,Van,Unpaved,Clear,Low,Food,0,3.7,6.2,Midday,Friday,False,Strong,244.2
ORD13184,Birnin Kebbi Hub,Yauri,185.7,Keke (Tricycle),Paved,Rain,Medium,Parcel,1,0.9,2.0,Afternoon,Friday,False,Strong,633.8
ORD13185,Birnin Kebbi Hub,Birnin Kebbi,6.1,Motorcycle,Paved,Rain,Medium,Food,1,0.6,0.6,Evening,Friday,False,Weak,27.0
ORD13186,Birnin Kebbi Hub,Bunza,46.4,Motorcycle,Paved,Clear,Low,Bulk Goods,0,40.4,4.3,Evening,Monday,False,Weak,80.0
ORD13187,Birnin Kebbi Hub,Aliero,37.0,Motorcycle,Paved,Rain,High,Food,1,7.6,1.1,Morning,Saturday,True,Weak,134.1
ORD13188,Birnin Kebbi Hub,Bunza,46.2,Motorcycle,Unpaved,Harmattan Dust,Medium,Bulk Goods,3,42.6,1.4,Midday,Monday,False,Strong,194.1
ORD13189,Birnin Kebbi Hub,Argungu,54.5,Van,Paved,Clear,Low,Bulk Goods,0,25.8,0.9,Morning,Sunday,True,Weak,75.7
ORD13190,Birnin Kebbi Hub,Argungu,49.6,Keke (Tricycle),Paved,Clear,Low,Food,0,4.0,2.8,Evening,Wednesday,False,Strong,96.8
ORD13191,Birnin Kebbi Hub,Birnin Kebbi,6.2,Motorcycle,Paved,Clear,Low,Documents,0,1.1,1.6,Midday,Tuesday,False,Strong,12.5
ORD13192,Birnin Kebbi Hub,Zuru,163.4,Keke (Tricycle),Unpaved,Clear,Low,Parcel,2,1.1,3.7,Evening,Monday,False,Strong,524.1
ORD13193,Birnin Kebbi Hub,Aliero,30.5,Keke (Tricycle),Unpaved,Rain,High,Food,1,1.4,5.3,Afternoon,Monday,False,Strong,249.2
ORD13194,Birnin Kebbi Hub,Birnin Kebbi,6.9,Keke (Tricycle),Paved,Clear,Medium,Food,3,0.2,0.2,Midday,Friday,False,Weak,49.0
ORD13195,Birnin Kebbi Hub,Yauri,145.7,Motorcycle,Unpaved,Harmattan Dust,Low,Documents,0,4.7,3.7,Morning,Friday,False,Weak,383.6
ORD13196,Birnin Kebbi Hub,Birnin Kebbi,7.1,Van,Paved,Harmattan Dust,Medium,Bulk Goods,0,35.2,6.0,Evening,Sunday,True,No Signal,35.6
ORD13197,Birnin Kebbi Hub,Birnin Kebbi,4.7,Motorcycle,Paved,Clear,High,Documents,1,0.6,0.3,Evening,Sunday,True,Weak,38.2
ORD13198,Birnin Kebbi Hub,Birnin Kebbi,2.9,Motorcycle,Paved,Clear,Low,Food,0,11.3,1.1,Afternoon,Friday,False,Strong,35.2
ORD13199,Birnin Kebbi Hub,Yauri,186.8,Van,Unpaved,Harmattan Dust,High,Bulk Goods,0,45.8,1.0,Afternoon,Wednesday,False,Weak,784.3
ORD13200,Birnin Kebbi Hub,Birnin Kebbi,5.5,Motorcycle,Paved,Harmattan Dust,High,Parcel,3,1.0,3.3,Midday,Saturday,True,Strong,35.6
ORD13201,Birnin Kebbi Hub,Birnin Kebbi,4.4,Motorcycle,Paved,Clear,High,Parcel,0,3.5,3.2,Midday,Monday,False,Weak,15.0
ORD13202,Birnin Kebbi Hub,Argungu,71.1,Van,Paved,Clear,Medium,Parcel,0,5.6,3.1,Evening,Tuesday,False,Strong,93.7
ORD13203,Birnin Kebbi Hub,Jega,50.7,Truck,Paved,Clear,High,Parcel,0,1.7,5.5,Morning,Thursday,False,Weak,134.1
ORD13204,Birnin Kebbi Hub,Birnin Kebbi,7.6,Motorcycle,Paved,Clear,Medium,Food,0,5.7,2.0,Morning,Thursday,False,Weak,29.5
ORD13205,Birnin Kebbi Hub,Argungu,62.3,Motorcycle,Unpaved,Clear,High,Parcel,0,8.8,1.7,Midday,Monday,False,Weak,234.8
ORD13206,Birnin Kebbi Hub,Yauri,169.0,Motorcycle,Paved,Harmattan Dust,Low,Parcel,2,5.2,2.2,Morning,Monday,False,Strong,251.8
ORD13207,Birnin Kebbi Hub,Jega,54.2,Motorcycle,Paved,Rain,Low,Parcel,0,13.4,3.2,Afternoon,Wednesday,False,Strong,123.3
ORD13208,Birnin Kebbi Hub,Jega,57.1,Keke (Tricycle),Unpaved,Clear,Medium,Parcel,1,5.3,0.8,Evening,Wednesday,False,Strong,239.5
ORD13209,Birnin Kebbi Hub,Birnin Kebbi,7.2,Motorcycle,Paved,Clear,Medium,Parcel,2,8.5,4.3,Evening,Sunday,True,Strong,31.3
ORD13210,Birnin Kebbi Hub,Birnin Kebbi,5.0,Van,Paved,Clear,High,Food,0,0.4,1.2,Morning,Saturday,True,Weak,24.8
ORD13211,Birnin Kebbi Hub,Yauri,192.0,Motorcycle,Unpaved,Harmattan Dust,Medium,Bulk Goods,1,21.0,3.3,Afternoon,Friday,False,Strong,627.9
ORD13212,Birnin Kebbi Hub,Bunza,46.3,Keke (Tricycle),Paved,Clear,Medium,Documents,0,0.2,3.6,Morning,Monday,False,Weak,112.8
ORD13213,Birnin Kebbi Hub,Yauri,171.5,Van,Unpaved,Harmattan Dust,Low,Bulk Goods,1,12.1,4.9,Morning,Tuesday,False,Strong,407.3
ORD13214,Birnin Kebbi Hub,Argungu,63.8,Truck,Paved,Harmattan Dust,Medium,Food,0,18.3,0.7,Midday,Sunday,True,Weak,148.4
ORD13215,Birnin Kebbi Hub,Birnin Kebbi,4.7,Motorcycle,Unpaved,Clear,Medium,Bulk Goods,2,22.2,0.7,Evening,Monday,False,Weak,47.8
ORD13216,Birnin Kebbi Hub,Birnin Kebbi,4.9,Keke (Tricycle),Paved,Harmattan Dust,High,Food,0,5.2,1.9,Midday,Saturday,True,Weak,36.7
ORD13217,Birnin Kebbi Hub,Aliero,38.9,Keke (Tricycle),Paved,Clear,High,Food,1,3.2,0.3,Morning,Monday,False,Strong,147.1
ORD13218,Birnin Kebbi Hub,Jega,52.7,Keke (Tricycle),Unpaved,Clear,Medium,Parcel,3,11.0,2.8,Evening,Thursday,False,Strong,230.1
ORD13219,Birnin Kebbi Hub,Kamba,160.1,Van,Paved,Harmattan Dust,High,Bulk Goods,1,15.9,2.1,Midday,Monday,False,Weak,376.0
ORD13220,Birnin Kebbi Hub,Jega,57.9,Motorcycle,Paved,Clear,Low,Parcel,1,0.2,5.7,Morning,Saturday,True,Weak,78.4
ORD13221,Birnin Kebbi Hub,Kamba,155.7,Keke (Tricycle),Paved,Rain,Medium,Bulk Goods,0,24.5,1.0,Morning,Tuesday,False,Strong,543.1
ORD13222,Birnin Kebbi Hub,Kamba,131.8,Motorcycle,Paved,Harmattan Dust,High,Bulk Goods,1,21.3,0.9,Midday,Friday,False,Strong,347.1
ORD13223,Birnin Kebbi Hub,Birnin Kebbi,6.4,Motorcycle,Paved,Clear,Medium,Food,3,9.2,5.4,Evening,Monday,False,Strong,31.7
ORD13224,Birnin Kebbi Hub,Argungu,57.7,Motorcycle,Unpaved,Clear,Low,Parcel,2,0.2,4.4,Midday,Thursday,False,Strong,121.9
ORD13225,Birnin Kebbi Hub,Jega,55.8,Motorcycle,Unpaved,Clear,Low,Documents,0,5.7,1.5,Evening,Saturday,True,Strong,117.5
ORD13226,Birnin Kebbi Hub,Birnin Kebbi,9.3,Truck,Paved,Harmattan Dust,Medium,Food,0,0.4,2.6,Afternoon,Monday,False,Weak,42.7
ORD13227,Birnin Kebbi Hub,Zuru,162.7,Keke (Tricycle),Unpaved,Rain,High,Food,1,2.6,4.0,Evening,Friday,False,Strong,1234.4
ORD13228,Birnin Kebbi Hub,Jega,55.0,Van,Paved,Clear,Low,Bulk Goods,0,20.2,0.5,Evening,Saturday,True,No Signal,73.2
ORD13229,Birnin Kebbi Hub,Aliero,40.6,Motorcycle,Unpaved,Clear,Low,Parcel,3,0.2,0.2,Afternoon,Monday,False,Strong,110.7
ORD13230,Birnin Kebbi Hub,Birnin Kebbi,6.1,Keke (Tricycle),Paved,Clear,Low,Parcel,1,1.0,1.9,Midday,Sunday,True,Strong,30.8
ORD13231,Birnin Kebbi Hub,Birnin Kebbi,6.5,Keke (Tricycle),Paved,Clear,Medium,Food,1,6.7,4.3,Morning,Sunday,True,No Signal,38.7
ORD13232,Birnin Kebbi Hub,Argungu,72.6,Keke (Tricycle),Paved,Clear,Low,Food,0,3.2,3.9,Afternoon,Sunday,True,Strong,149.8
ORD13233,Birnin Kebbi Hub,Birnin Kebbi,7.1,Motorcycle,Paved,Harmattan Dust,Medium,Food,0,4.1,2.4,Evening,Tuesday,False,Strong,33.4
ORD13234,Birnin Kebbi Hub,Yauri,149.8,Motorcycle,Paved,Clear,Low,Food,1,3.4,0.7,Morning,Wednesday,False,Weak,185.1
ORD13235,Birnin Kebbi Hub,Jega,53.2,Keke (Tricycle),Paved,Clear,Medium,Food,3,2.5,2.4,Evening,Monday,False,Strong,139.1
ORD13236,Birnin Kebbi Hub,Argungu,67.2,Motorcycle,Unpaved,Clear,High,Bulk Goods,0,19.6,4.9,Evening,Wednesday,False,Strong,261.9
ORD13237,Birnin Kebbi Hub,Zuru,201.5,Van,Paved,Clear,Medium,Bulk Goods,4,36.5,2.0,Afternoon,Monday,False,Weak,310.4
ORD13238,Birnin Kebbi Hub,Birnin Kebbi,8.3,Motorcycle,Paved,Rain,High,Parcel,0,15.7,3.5,Evening,Thursday,False,Strong,38.3
ORD13239,Birnin Kebbi Hub,Birnin Kebbi,9.7,Van,Paved,Harmattan Dust,Medium,Parcel,0,3.4,2.3,Evening,Sunday,True,No Signal,33.6
ORD13240,Birnin Kebbi Hub,Birnin Kebbi,5.5,Keke (Tricycle),Paved,Clear,Medium,Parcel,0,1.0,3.1,Afternoon,Wednesday,False,Strong,19.2
ORD13241,Birnin Kebbi Hub,Zuru,157.8,Keke (Tricycle),Unpaved,Harmattan Dust,Low,Bulk Goods,2,38.7,1.3,Morning,Thursday,False,Weak,677.2
ORD13242,Birnin Kebbi Hub,Birnin Kebbi,6.0,Motorcycle,Unpaved,Clear,Medium,Bulk Goods,1,37.0,1.2,Morning,Wednesday,False,Weak,55.7
ORD13243,Birnin Kebbi Hub,Jega,59.5,Keke (Tricycle),Unpaved,Clear,High,Food,0,2.0,4.6,Midday,Thursday,False,Strong,344.9
ORD13244,Birnin Kebbi Hub,Kamba,144.7,Motorcycle,Paved,Clear,Low,Parcel,2,2.8,8.3,Morning,Sunday,True,Weak,182.8
ORD13245,Birnin Kebbi Hub,Zuru,167.3,Motorcycle,Paved,Harmattan Dust,Low,Food,2,0.2,0.6,Afternoon,Wednesday,False,Strong,253.2
ORD13246,Birnin Kebbi Hub,Birnin Kebbi,5.8,Van,Paved,Clear,Medium,Documents,0,1.4,3.7,Morning,Wednesday,False,No Signal,25.7
ORD13247,Birnin Kebbi Hub,Jega,70.6,Keke (Tricycle),Unpaved,Clear,Low,Food,2,4.2,4.3,Evening,Sunday,True,Weak,244.5
ORD13248,Birnin Kebbi Hub,Zuru,169.3,Motorcycle,Paved,Clear,High,Parcel,1,11.9,1.3,Afternoon,Tuesday,False,Weak,357.0
ORD13249,Birnin Kebbi Hub,Kamba,132.3,Keke (Tricycle),Paved,Clear,Low,Parcel,0,1.7,6.3,Morning,Saturday,True,Strong,247.1
ORD13250,Birnin Kebbi Hub,Zuru,185.1,Keke (Tricycle),Paved,Clear,Low,Documents,1,1.1,1.3,Midday,Thursday,False,Strong,338.4
ORD13251,Birnin Kebbi Hub,Bunza,40.7,Van,Unpaved,Rain,Medium,Bulk Goods,1,38.7,2.5,Afternoon,Friday,False,Weak,169.7
ORD13252,Birnin Kebbi Hub,Bunza,51.3,Keke (Tricycle),Paved,Harmattan Dust,High,Food,0,0.2,3.5,Morning,Friday,False,Weak,217.3
ORD13253,Birnin Kebbi Hub,Kamba,125.5,Keke (Tricycle),Paved,Rain,Medium,Bulk Goods,0,36.6,1.5,Afternoon,Saturday,True,Weak,451.4
ORD13254,Birnin Kebbi Hub,Birnin Kebbi,8.3,Motorcycle,Paved,Harmattan Dust,High,Documents,0,5.4,1.6,Midday,Tuesday,False,Weak,28.1
ORD13255,Birnin Kebbi Hub,Birnin Kebbi,7.6,Motorcycle,Paved,Clear,Low,Bulk Goods,0,39.9,0.3,Midday,Wednesday,False,Strong,42.2
ORD13256,Birnin Kebbi Hub,Argungu,76.1,Keke (Tricycle),Unpaved,Rain,Low,Parcel,0,3.6,0.3,Midday,Sunday,True,No Signal,384.9
ORD13257,Birnin Kebbi Hub,Birnin Kebbi,8.5,Motorcycle,Paved,Clear,Medium,Documents,0,1.7,1.6,Midday,Monday,False,Strong,28.3
ORD13258,Birnin Kebbi Hub,Birnin Kebbi,1.8,Motorcycle,Paved,Clear,Medium,Bulk Goods,0,18.2,1.3,Morning,Monday,False,Strong,23.6
ORD13259,Birnin Kebbi Hub,Birnin Kebbi,9.9,Truck,Paved,Clear,Medium,Parcel,0,13.6,3.5,Evening,Monday,False,Strong,15.5
ORD13260,Birnin Kebbi Hub,Bunza,33.8,Keke (Tricycle),Unpaved,Rain,Low,Parcel,2,3.1,2.0,Midday,Friday,False,Strong,188.6
ORD13261,Birnin Kebbi Hub,Bunza,37.3,Motorcycle,Paved,Harmattan Dust,Medium,Parcel,3,5.6,4.1,Morning,Wednesday,False,No Signal,96.4
ORD13262,Birnin Kebbi Hub,Birnin Kebbi,6.9,Keke (Tricycle),Paved,Clear,Low,Parcel,0,0.6,1.7,Afternoon,Saturday,True,No Signal,49.1
ORD13263,Birnin Kebbi Hub,Zuru,187.0,Keke (Tricycle),Unpaved,Clear,Low,Documents,1,1.2,1.6,Evening,Wednesday,False,Strong,605.4
ORD13264,Birnin Kebbi Hub,Zuru,185.1,Motorcycle,Paved,Rain,Medium,Food,0,6.1,3.4,Afternoon,Wednesday,False,No Signal,412.0
ORD13265,Birnin Kebbi Hub,Aliero,39.8,Van,Paved,Harmattan Dust,Low,Food,2,8.2,1.9,Midday,Sunday,True,Strong,90.5
ORD13266,Birnin Kebbi Hub,Argungu,79.2,Motorcycle,Paved,Rain,Medium,Documents,0,3.7,7.0,Midday,Thursday,False,Weak,182.1
ORD13267,Birnin Kebbi Hub,Birnin Kebbi,6.6,Motorcycle,Paved,Harmattan Dust,Medium,Parcel,0,11.9,2.0,Morning,Friday,False,Weak,34.5
ORD13268,Birnin Kebbi Hub,Aliero,34.9,Keke (Tricycle),Paved,Rain,Low,Parcel,1,2.7,2.2,Morning,Friday,False,Weak,113.3
ORD13269,Birnin Kebbi Hub,Kamba,124.5,Keke (Tricycle),Unpaved,Clear,Medium,Parcel,1,4.8,2.7,Afternoon,Monday,False,Weak,510.7
ORD13270,Birnin Kebbi Hub,Zuru,139.3,Van,Unpaved,Clear,Low,Documents,0,6.7,4.2,Afternoon,Saturday,True,Weak,274.0
ORD13271,Birnin Kebbi Hub,Birnin Kebbi,9.8,Keke (Tricycle),Paved,Harmattan Dust,Low,Bulk Goods,2,29.9,1.0,Morning,Friday,False,Weak,67.8
ORD13272,Birnin Kebbi Hub,Zuru,214.1,Van,Paved,Harmattan Dust,Medium,Parcel,2,0.6,0.5,Evening,Sunday,True,Weak,371.9
ORD13273,Birnin Kebbi Hub,Kamba,110.5,Motorcycle,Paved,Clear,Low,Parcel,0,5.0,4.1,Midday,Wednesday,False,Strong,124.1
ORD13274,Birnin Kebbi Hub,Birnin Kebbi,6.5,Van,Paved,Rain,Low,Food,0,9.3,2.0,Evening,Saturday,True,Weak,27.1
ORD13275,Birnin Kebbi Hub,Kamba,163.1,Truck,Paved,Clear,Low,Food,0,0.3,4.9,Afternoon,Saturday,True,Weak,234.3
ORD13276,Birnin Kebbi Hub,Kamba,128.4,Truck,Paved,Harmattan Dust,High,Parcel,0,5.6,1.8,Evening,Sunday,True,Strong,395.4
ORD13277,Birnin Kebbi Hub,Birnin Kebbi,5.8,Van,Paved,Clear,Medium,Parcel,0,13.1,3.1,Afternoon,Saturday,True,Weak,41.8
ORD13278,Birnin Kebbi Hub,Jega,48.8,Motorcycle,Unpaved,Clear,Low,Food,1,0.8,3.2,Midday,Saturday,True,No Signal,123.2
ORD13279,Birnin Kebbi Hub,Zuru,127.6,Motorcycle,Unpaved,Clear,Medium,Parcel,0,4.4,2.9,Evening,Tuesday,False,Weak,329.5
ORD13280,Birnin Kebbi Hub,Birnin Kebbi,7.1,Van,Paved,Clear,Low,Parcel,0,9.6,2.9,Afternoon,Monday,False,Strong,14.3
ORD13281,Birnin Kebbi Hub,Argungu,67.3,Van,Paved,Harmattan Dust,Low,Food,1,16.5,0.8,Afternoon,Thursday,False,Strong,115.4
ORD13282,Birnin Kebbi Hub,Birnin Kebbi,2.5,Van,Unpaved,Clear,Low,Documents,0,0.2,1.5,Midday,Monday,False,Strong,14.7
ORD13283,Birnin Kebbi Hub,Yauri,197.6,Truck,Unpaved,Rain,Low,Parcel,0,1.6,4.2,Morning,Friday,False,Strong,750.9
ORD13284,Birnin Kebbi Hub,Argungu,60.9,Motorcycle,Paved,Harmattan Dust,Low,Bulk Goods,1,41.7,0.6,Afternoon,Thursday,False,Strong,119.9
ORD13285,Birnin Kebbi Hub,Bunza,52.9,Van,Paved,Clear,Medium,Parcel,0,2.1,2.1,Midday,Thursday,False,Strong,78.8
ORD13286,Birnin Kebbi Hub,Jega,53.4,Motorcycle,Paved,Clear,Low,Parcel,0,4.8,1.0,Evening,Monday,False,Strong,76.8
ORD13287,Birnin Kebbi Hub,Yauri,151.7,Motorcycle,Unpaved,Rain,High,Bulk Goods,0,55.3,12.7,Evening,Tuesday,False,Weak,881.1
ORD13288,Birnin Kebbi Hub,Bunza,42.3,Keke (Tricycle),Unpaved,Clear,Medium,Bulk Goods,1,32.8,5.1,Morning,Tuesday,False,No Signal,208.3
ORD13289,Birnin Kebbi Hub,Birnin Kebbi,6.2,Van,Paved,Rain,Medium,Parcel,0,2.1,6.4,Evening,Wednesday,False,Weak,18.7
ORD13290,Birnin Kebbi Hub,Birnin Kebbi,7.4,Keke (Tricycle),Paved,Harmattan Dust,High,Bulk Goods,1,23.8,3.2,Midday,Tuesday,False,Strong,46.6
ORD13291,Birnin Kebbi Hub,Birnin Kebbi,5.8,Motorcycle,Paved,Clear,Low,Food,1,0.3,3.4,Morning,Tuesday,False,Weak,14.6
ORD13292,Birnin Kebbi Hub,Zuru,149.7,Van,Paved,Clear,Medium,Food,1,0.9,2.1,Morning,Thursday,False,Strong,213.7
ORD13293,Birnin Kebbi Hub,Bunza,46.4,Keke (Tricycle),Paved,Clear,Medium,Parcel,3,0.8,2.2,Evening,Friday,False,Strong,113.7
ORD13294,Birnin Kebbi Hub,Birnin Kebbi,5.6,Keke (Tricycle),Paved,Clear,Medium,Food,0,3.2,5.2,Morning,Tuesday,False,Strong,20.7
ORD13295,Birnin Kebbi Hub,Bunza,39.4,Keke (Tricycle),Paved,Clear,High,Food,0,13.7,2.6,Afternoon,Sunday,True,Weak,152.8
ORD13296,Birnin Kebbi Hub,Birnin Kebbi,5.1,Van,Paved,Clear,Medium,Documents,1,0.2,2.1,Midday,Thursday,False,No Signal,34.3
ORD13297,Birnin Kebbi Hub,Bunza,50.3,Van,Paved,Clear,Medium,Food,0,2.2,1.6,Midday,Monday,False,Weak,72.2
ORD13298,Birnin Kebbi Hub,Bunza,43.4,Keke (Tricycle),Unpaved,Clear,Low,Food,0,0.9,1.9,Morning,Tuesday,False,Strong,152.5
ORD13299,Birnin Kebbi Hub,Birnin Kebbi,8.0,Keke (Tricycle),Unpaved,Clear,Medium,Food,0,10.7,1.9,Midday,Wednesday,False,No Signal,45.5
ORD13300,Birnin Kebbi Hub,Jega,57.1,Motorcycle,Unpaved,Rain,Low,Documents,1,2.8,0.9,Afternoon,Saturday,True,Weak,204.5
ORD13301,Birnin Kebbi Hub,Kamba,123.8,Motorcycle,Paved,Clear,Medium,Documents,0,2.1,0.8,Midday,Tuesday,False,Strong,169.3
ORD13302,Birnin Kebbi Hub,Kamba,149.1,Keke (Tricycle),Paved,Clear,Medium,Parcel,2,3.5,8.9,Morning,Tuesday,False,Strong,351.6
ORD13303,Birnin Kebbi Hub,Birnin Kebbi,3.7,Keke (Tricycle),Unpaved,Clear,High,Food,0,5.3,6.8,Morning,Wednesday,False,Strong,22.8
ORD13304,Birnin Kebbi Hub,Argungu,64.6,Keke (Tricycle),Paved,Rain,Medium,Parcel,2,3.7,2.8,Midday,Thursday,False,Weak,248.6
ORD13305,Birnin Kebbi Hub,Birnin Kebbi,7.2,Van,Paved,Clear,Low,Parcel,1,1.3,2.8,Evening,Wednesday,False,Strong,27.9
ORD13306,Birnin Kebbi Hub,Bunza,41.6,Keke (Tricycle),Paved,Rain,Medium,Food,1,1.4,0.3,Afternoon,Wednesday,False,Weak,171.9
ORD13307,Birnin Kebbi Hub,Birnin Kebbi,4.2,Van,Paved,Rain,Medium,Parcel,0,1.9,0.8,Afternoon,Sunday,True,No Signal,30.6
ORD13308,Birnin Kebbi Hub,Birnin Kebbi,6.2,Van,Unpaved,Clear,Low,Parcel,1,0.3,2.1,Afternoon,Saturday,True,No Signal,45.2
ORD13309,Birnin Kebbi Hub,Yauri,187.5,Motorcycle,Paved,Harmattan Dust,High,Food,3,8.0,2.7,Evening,Friday,False,Strong,493.5
ORD13310,Birnin Kebbi Hub,Kamba,120.3,Truck,Paved,Clear,Medium,Parcel,0,4.8,1.6,Evening,Thursday,False,Strong,193.3
ORD13311,Birnin Kebbi Hub,Argungu,67.3,Motorcycle,Unpaved,Clear,Low,Parcel,1,0.2,0.7,Evening,Sunday,True,Strong,157.5
ORD13312,Birnin Kebbi Hub,Jega,55.5,Keke (Tricycle),Unpaved,Clear,Medium,Parcel,0,0.9,3.5,Morning,Monday,False,No Signal,234.8
ORD13313,Birnin Kebbi Hub,Argungu,77.4,Motorcycle,Paved,Rain,Low,Food,0,0.2,0.2,Morning,Sunday,True,Strong,150.9
ORD13314,Birnin Kebbi Hub,Aliero,30.1,Keke (Tricycle),Unpaved,Clear,High,Food,1,2.2,3.6,Midday,Thursday,False,Strong,182.2
ORD13315,Birnin Kebbi Hub,Bunza,43.4,Motorcycle,Paved,Rain,High,Food,1,3.3,2.5,Midday,Tuesday,False,Strong,143.1
ORD13316,Birnin Kebbi Hub,Birnin Kebbi,6.5,Motorcycle,Paved,Rain,Low,Parcel,0,4.8,1.9,Afternoon,Thursday,False,Strong,27.0
ORD13317,Birnin Kebbi Hub,Argungu,64.0,Motorcycle,Paved,Rain,Medium,Food,2,0.4,3.0,Morning,Saturday,True,Strong,156.9
ORD13318,Birnin Kebbi Hub,Jega,56.3,Truck,Unpaved,Clear,Low,Documents,0,0.3,1.9,Evening,Saturday,True,No Signal,150.5
ORD13319,Birnin Kebbi Hub,Birnin Kebbi,5.7,Van,Unpaved,Clear,Low,Food,2,0.2,3.2,Midday,Saturday,True,Weak,40.0
ORD13320,Birnin Kebbi Hub,Jega,64.3,Motorcycle,Unpaved,Harmattan Dust,Low,Food,0,4.3,4.4,Evening,Thursday,False,No Signal,173.3
ORD13321,Birnin Kebbi Hub,Bunza,40.8,Motorcycle,Unpaved,Clear,Low,Parcel,1,5.6,2.1,Midday,Thursday,False,Strong,101.4
ORD13322,Birnin Kebbi Hub,Zuru,172.5,Keke (Tricycle),Paved,Clear,Medium,Bulk Goods,0,43.5,5.5,Morning,Tuesday,False,Strong,406.8
ORD13323,Birnin Kebbi Hub,Yauri,178.5,Keke (Tricycle),Unpaved,Clear,Low,Food,0,11.8,1.2,Midday,Monday,False,Strong,568.3
ORD13324,Birnin Kebbi Hub,Zuru,203.8,Motorcycle,Unpaved,Clear,Low,Parcel,3,0.8,0.9,Morning,Wednesday,False,Strong,432.9
ORD13325,Birnin Kebbi Hub,Birnin Kebbi,5.6,Motorcycle,Paved,Harmattan Dust,Low,Food,0,2.2,3.2,Morning,Sunday,True,Strong,25.7
ORD13326,Birnin Kebbi Hub,Argungu,64.7,Motorcycle,Unpaved,Harmattan Dust,Medium,Parcel,1,6.3,0.5,Midday,Wednesday,False,Strong,215.7
ORD13327,Birnin Kebbi Hub,Aliero,34.1,Motorcycle,Unpaved,Clear,Medium,Documents,0,3.0,3.7,Afternoon,Tuesday,False,Weak,118.0
ORD13328,Birnin Kebbi Hub,Kamba,145.1,Motorcycle,Paved,Clear,High,Bulk Goods,0,18.7,1.7,Midday,Monday,False,Strong,309.0
ORD13329,Birnin Kebbi Hub,Jega,47.8,Motorcycle,Paved,Clear,Low,Parcel,3,0.4,3.7,Midday,Friday,False,Weak,74.0
ORD13330,Birnin Kebbi Hub,Yauri,137.3,Motorcycle,Paved,Clear,Medium,Food,0,5.1,0.8,Evening,Monday,False,Weak,198.8
ORD13331,Birnin Kebbi Hub,Kamba,143.0,Keke (Tricycle),Paved,Clear,Low,Food,0,2.2,0.5,Morning,Sunday,True,Weak,274.0
ORD13332,Birnin Kebbi Hub,Bunza,46.6,Motorcycle,Paved,Clear,Low,Bulk Goods,0,44.1,3.0,Afternoon,Friday,False,Weak,98.2
ORD13333,Birnin Kebbi Hub,Birnin Kebbi,5.0,Motorcycle,Paved,Clear,Medium,Food,1,0.8,3.2,Morning,Tuesday,False,Weak,24.4
ORD13334,Birnin Kebbi Hub,Birnin Kebbi,4.3,Van,Unpaved,Harmattan Dust,Low,Parcel,0,8.5,1.8,Evening,Friday,False,Weak,26.7
ORD13335,Birnin Kebbi Hub,Yauri,180.0,Keke (Tricycle),Unpaved,Clear,Medium,Parcel,2,5.7,1.9,Evening,Wednesday,False,Strong,717.1
ORD13336,Birnin Kebbi Hub,Birnin Kebbi,5.5,Motorcycle,Paved,Clear,Medium,Parcel,0,0.3,4.3,Morning,Tuesday,False,Strong,18.0
ORD13337,Birnin Kebbi Hub,Birnin Kebbi,8.5,Motorcycle,Paved,Clear,Low,Food,0,0.2,5.9,Morning,Friday,False,Weak,11.1
ORD13338,Birnin Kebbi Hub,Kamba,164.7,Keke (Tricycle),Paved,Rain,High,Parcel,2,2.0,0.3,Morning,Friday,False,Strong,821.0
ORD13339,Birnin Kebbi Hub,Bunza,39.9,Van,Paved,Harmattan Dust,Medium,Parcel,3,2.1,2.9,Morning,Monday,False,Weak,94.2
ORD13340,Birnin Kebbi Hub,Zuru,175.0,Keke (Tricycle),Paved,Harmattan Dust,High,Food,0,0.2,3.2,Afternoon,Tuesday,False,No Signal,703.5
ORD13341,Birnin Kebbi Hub,Jega,56.1,Van,Unpaved,Clear,Low,Parcel,1,6.1,2.7,Morning,Wednesday,False,Strong,120.6
ORD13342,Birnin Kebbi Hub,Birnin Kebbi,6.4,Motorcycle,Paved,Clear,Low,Food,0,0.8,0.6,Evening,Saturday,True,Weak,30.8
ORD13343,Birnin Kebbi Hub,Zuru,191.0,Motorcycle,Unpaved,Rain,Low,Food,1,1.8,0.2,Afternoon,Monday,False,Strong,598.9
ORD13344,Birnin Kebbi Hub,Birnin Kebbi,2.8,Van,Paved,Clear,Low,Parcel,2,5.4,3.7,Evening,Sunday,True,Weak,40.0
ORD13345,Birnin Kebbi Hub,Birnin Kebbi,7.1,Motorcycle,Paved,Clear,Low,Food,0,3.7,2.0,Afternoon,Tuesday,False,No Signal,27.7
ORD13346,Birnin Kebbi Hub,Jega,54.6,Motorcycle,Unpaved,Harmattan Dust,High,Bulk Goods,0,16.5,1.0,Midday,Monday,False,No Signal,276.9
ORD13347,Birnin Kebbi Hub,Argungu,61.2,Van,Unpaved,Clear,Low,Food,0,3.0,4.9,Midday,Saturday,True,Strong,126.9
ORD13348,Birnin Kebbi Hub,Kamba,139.6,Motorcycle,Unpaved,Clear,Low,Food,1,0.9,5.3,Morning,Thursday,False,Weak,295.4
ORD13349,Birnin Kebbi Hub,Birnin Kebbi,5.9,Keke (Tricycle),Paved,Harmattan Dust,Low,Parcel,2,2.8,3.1,Evening,Thursday,False,Weak,36.1
ORD13350,Birnin Kebbi Hub,Kamba,129.2,Keke (Tricycle),Paved,Rain,High,Food,0,6.1,3.0,Evening,Sunday,True,Strong,639.8
ORD13351,Birnin Kebbi Hub,Birnin Kebbi,8.7,Keke (Tricycle),Paved,Clear,Medium,Documents,2,13.7,2.7,Evening,Wednesday,False,Weak,56.9
ORD13352,Birnin Kebbi Hub,Yauri,159.1,Truck,Unpaved,Harmattan Dust,Low,Food,2,9.1,3.1,Evening,Sunday,True,Weak,525.0
ORD13353,Birnin Kebbi Hub,Jega,63.2,Motorcycle,Paved,Clear,Medium,Parcel,0,9.2,1.8,Midday,Sunday,True,Weak,113.7
ORD13354,Birnin Kebbi Hub,Argungu,62.6,Van,Unpaved,Clear,Low,Parcel,3,5.4,1.1,Evening,Wednesday,False,Strong,156.3
ORD13355,Birnin Kebbi Hub,Bunza,40.7,Van,Paved,Clear,High,Parcel,0,0.3,1.1,Evening,Tuesday,False,Weak,82.4
ORD13356,Birnin Kebbi Hub,Birnin Kebbi,4.6,Motorcycle,Paved,Harmattan Dust,Medium,Documents,1,4.9,5.6,Evening,Thursday,False,Strong,25.7
ORD13357,Birnin Kebbi Hub,Birnin Kebbi,5.6,Van,Paved,Clear,Low,Food,1,1.7,4.9,Midday,Tuesday,False,Weak,27.9
ORD13358,Birnin Kebbi Hub,Yauri,162.3,Keke (Tricycle),Unpaved,Clear,Low,Food,0,1.7,0.6,Afternoon,Friday,False,Weak,533.8
ORD13359,Birnin Kebbi Hub,Argungu,67.0,Motorcycle,Unpaved,Clear,Medium,Food,3,3.8,6.8,Evening,Sunday,True,Weak,188.5
ORD13360,Birnin Kebbi Hub,Kamba,127.8,Keke (Tricycle),Unpaved,Harmattan Dust,Low,Food,1,1.4,1.4,Midday,Saturday,True,Strong,513.9
ORD13361,Birnin Kebbi Hub,Birnin Kebbi,7.4,Motorcycle,Paved,Clear,Low,Parcel,1,0.2,0.9,Afternoon,Wednesday,False,No Signal,32.9
ORD13362,Birnin Kebbi Hub,Zuru,209.7,Keke (Tricycle),Unpaved,Clear,Medium,Parcel,1,5.0,4.8,Afternoon,Wednesday,False,Weak,846.8
ORD13363,Birnin Kebbi Hub,Birnin Kebbi,8.3,Motorcycle,Paved,Harmattan Dust,Low,Food,1,1.4,4.1,Evening,Tuesday,False,No Signal,25.7
ORD13364,Birnin Kebbi Hub,Yauri,140.2,Motorcycle,Paved,Harmattan Dust,High,Parcel,0,4.8,2.7,Evening,Monday,False,Weak,366.3
ORD13365,Birnin Kebbi Hub,Birnin Kebbi,9.7,Keke (Tricycle),Paved,Harmattan Dust,Medium,Parcel,0,1.0,1.6,Morning,Saturday,True,Strong,43.1
ORD13366,Birnin Kebbi Hub,Birnin Kebbi,3.6,Motorcycle,Paved,Harmattan Dust,Low,Parcel,0,3.6,0.3,Afternoon,Sunday,True,No Signal,25.3
ORD13367,Birnin Kebbi Hub,Birnin Kebbi,4.8,Keke (Tricycle),Paved,Clear,Medium,Parcel,1,7.1,8.3,Midday,Friday,False,Weak,35.6
ORD13368,Birnin Kebbi Hub,Bunza,44.6,Truck,Paved,Harmattan Dust,Low,Food,0,2.1,3.2,Morning,Monday,False,Weak,92.4
ORD13369,Birnin Kebbi Hub,Bunza,45.0,Van,Unpaved,Clear,Medium,Food,0,0.2,0.5,Morning,Friday,False,Weak,128.0
ORD13370,Birnin Kebbi Hub,Argungu,66.0,Keke (Tricycle),Paved,Rain,High,Documents,0,8.0,2.2,Morning,Wednesday,False,Strong,334.6
ORD13371,Birnin Kebbi Hub,Argungu,60.2,Truck,Paved,Clear,Medium,Parcel,0,10.9,4.9,Midday,Sunday,True,Weak,104.0
ORD13372,Birnin Kebbi Hub,Zuru,198.7,Motorcycle,Unpaved,Clear,Low,Food,2,4.9,5.0,Midday,Friday,False,Weak,407.4
ORD13373,Birnin Kebbi Hub,Jega,52.2,Truck,Unpaved,Clear,Low,Food,2,1.1,4.3,Afternoon,Saturday,True,Weak,172.4
ORD13374,Birnin Kebbi Hub,Bunza,43.9,Motorcycle,Paved,Clear,Low,Documents,2,3.6,2.6,Morning,Saturday,True,Weak,74.8
ORD13375,Birnin Kebbi Hub,Aliero,39.9,Keke (Tricycle),Paved,Clear,Medium,Food,0,0.2,3.2,Midday,Tuesday,False,Weak,89.4
ORD13376,Birnin Kebbi Hub,Bunza,48.0,Motorcycle,Paved,Rain,Medium,Parcel,0,10.0,0.3,Evening,Friday,False,Strong,113.0
ORD13377,Birnin Kebbi Hub,Birnin Kebbi,5.9,Van,Paved,Clear,Medium,Parcel,1,4.6,0.8,Morning,Tuesday,False,Strong,33.7
ORD13378,Birnin Kebbi Hub,Birnin Kebbi,2.8,Motorcycle,Paved,Harmattan Dust,Low,Parcel,0,1.1,1.1,Midday,Thursday,False,Strong,13.6
ORD13379,Birnin Kebbi Hub,Argungu,60.3,Van,Unpaved,Clear,High,Parcel,0,0.2,4.2,Midday,Wednesday,False,Strong,197.5
ORD13380,Birnin Kebbi Hub,Bunza,42.1,Van,Paved,Rain,Low,Parcel,0,3.1,1.7,Midday,Wednesday,False,No Signal,81.9
ORD13381,Birnin Kebbi Hub,Bunza,41.6,Truck,Unpaved,Harmattan Dust,Low,Food,0,4.5,4.7,Midday,Monday,False,Strong,136.0
ORD13382,Birnin Kebbi Hub,Birnin Kebbi,7.8,Van,Paved,Clear,Medium,Food,0,1.5,3.4,Morning,Friday,False,Weak,24.1
ORD13383,Birnin Kebbi Hub,Zuru,208.6,Motorcycle,Paved,Clear,Medium,Food,2,3.4,0.5,Evening,Saturday,True,Weak,311.3
ORD13384,Birnin Kebbi Hub,Birnin Kebbi,7.7,Keke (Tricycle),Paved,Clear,High,Documents,2,6.4,1.7,Afternoon,Friday,False,Weak,43.5
ORD13385,Birnin Kebbi Hub,Kamba,163.2,Keke (Tricycle),Paved,Rain,Medium,Bulk Goods,0,29.2,0.8,Morning,Wednesday,False,Weak,569.8
ORD13386,Birnin Kebbi Hub,Birnin Kebbi,4.7,Van,Paved,Clear,Medium,Food,2,3.3,6.4,Midday,Sunday,True,Weak,39.1
ORD13387,Birnin Kebbi Hub,Bunza,43.3,Motorcycle,Paved,Clear,High,Food,2,15.9,1.5,Evening,Friday,False,No Signal,125.8
ORD13388,Birnin Kebbi Hub,Yauri,172.6,Van,Paved,Clear,High,Documents,0,2.8,1.8,Evening,Wednesday,False,No Signal,329.5
ORD13389,Birnin Kebbi Hub,Argungu,74.8,Motorcycle,Unpaved,Clear,Medium,Parcel,2,6.2,2.5,Morning,Friday,False,Strong,204.9
ORD13390,Birnin Kebbi Hub,Birnin Kebbi,9.1,Motorcycle,Paved,Clear,Low,Documents,0,1.5,1.6,Evening,Sunday,True,Strong,33.6
ORD13391,Birnin Kebbi Hub,Bunza,39.9,Motorcycle,Unpaved,Clear,Low,Parcel,1,0.9,3.2,Evening,Friday,False,Strong,88.1
ORD13392,Birnin Kebbi Hub,Zuru,162.9,Motorcycle,Unpaved,Rain,Medium,Parcel,0,5.0,3.8,Morning,Monday,False,Strong,632.8
ORD13393,Birnin Kebbi Hub,Birnin Kebbi,5.7,Keke (Tricycle),Paved,Clear,Low,Food,0,3.7,2.5,Morning,Sunday,True,Weak,29.4
ORD13394,Birnin Kebbi Hub,Birnin Kebbi,7.1,Keke (Tricycle),Paved,Harmattan Dust,Low,Documents,0,3.7,0.4,Midday,Friday,False,No Signal,44.1
ORD13395,Birnin Kebbi Hub,Birnin Kebbi,4.9,Van,Unpaved,Clear,Low,Parcel,3,11.1,2.3,Evening,Wednesday,False,Strong,49.1
ORD13396,Birnin Kebbi Hub,Jega,63.8,Motorcycle,Unpaved,Clear,Low,Food,0,4.4,4.1,Morning,Sunday,True,Strong,141.9
ORD13397,Birnin Kebbi Hub,Aliero,34.3,Van,Paved,Rain,Low,Bulk Goods,1,40.9,9.1,Evening,Monday,False,Weak,78.4
ORD13398,Birnin Kebbi Hub,Birnin Kebbi,8.4,Van,Paved,Harmattan Dust,Medium,Parcel,2,5.3,4.0,Midday,Wednesday,False,Strong,42.5
ORD13399,Birnin Kebbi Hub,Bunza,37.1,Motorcycle,Paved,Clear,High,Documents,0,2.5,1.3,Morning,Saturday,True,Strong,96.3
ORD13400,Birnin Kebbi Hub,Jega,44.3,Motorcycle,Paved,Clear,Low,Parcel,2,11.5,4.7,Midday,Friday,False,Weak,68.0
ORD13401,Birnin Kebbi Hub,Argungu,61.6,Keke (Tricycle),Unpaved,Harmattan Dust,Low,Food,2,3.4,1.2,Morning,Friday,False,No Signal,266.2
ORD13402,Birnin Kebbi Hub,Bunza,40.1,Truck,Unpaved,Harmattan Dust,Low,Bulk Goods,1,39.5,1.7,Midday,Friday,False,Strong,151.4
ORD13403,Birnin Kebbi Hub,Birnin Kebbi,5.6,Keke (Tricycle),Paved,Harmattan Dust,Medium,Food,0,7.7,4.5,Morning,Sunday,True,Weak,45.0
ORD13404,Birnin Kebbi Hub,Jega,52.6,Van,Paved,Clear,Medium,Parcel,1,5.1,3.1,Afternoon,Thursday,False,Strong,75.9
ORD13405,Birnin Kebbi Hub,Birnin Kebbi,7.1,Van,Unpaved,Rain,Low,Food,0,11.7,2.7,Evening,Thursday,False,No Signal,32.9
ORD13406,Birnin Kebbi Hub,Argungu,64.3,Motorcycle,Unpaved,Clear,Medium,Parcel,3,9.3,2.5,Midday,Sunday,True,Strong,183.8
ORD13407,Birnin Kebbi Hub,Yauri,162.8,Van,Paved,Harmattan Dust,Medium,Parcel,4,10.6,3.5,Morning,Thursday,False,Strong,302.0
ORD13408,Birnin Kebbi Hub,Birnin Kebbi,4.6,Van,Paved,Clear,Medium,Food,2,7.5,2.4,Midday,Wednesday,False,No Signal,34.9
ORD13409,Birnin Kebbi Hub,Birnin Kebbi,5.3,Motorcycle,Paved,Clear,Low,Bulk Goods,0,47.7,4.0,Midday,Monday,False,Weak,32.6
ORD13410,Birnin Kebbi Hub,Birnin Kebbi,4.4,Truck,Paved,Harmattan Dust,High,Bulk Goods,0,39.2,0.7,Evening,Friday,False,Weak,32.5
ORD13411,Birnin Kebbi Hub,Birnin Kebbi,9.9,Motorcycle,Paved,Clear,Low,Documents,3,2.5,0.7,Evening,Wednesday,False,Strong,32.4
ORD13412,Birnin Kebbi Hub,Zuru,172.8,Keke (Tricycle),Paved,Clear,Low,Documents,0,9.7,2.6,Morning,Monday,False,Strong,319.8
ORD13413,Birnin Kebbi Hub,Zuru,204.6,Keke (Tricycle),Paved,Clear,High,Parcel,0,1.8,3.6,Evening,Wednesday,False,Strong,650.8
ORD13414,Birnin Kebbi Hub,Bunza,44.4,Keke (Tricycle),Unpaved,Clear,Medium,Parcel,0,7.0,3.0,Evening,Wednesday,False,Strong,185.1
ORD13415,Birnin Kebbi Hub,Birnin Kebbi,4.0,Keke (Tricycle),Unpaved,Harmattan Dust,Medium,Food,4,3.5,2.1,Midday,Saturday,True,Strong,56.8
ORD13416,Birnin Kebbi Hub,Jega,53.1,Van,Paved,Rain,Low,Bulk Goods,0,41.4,2.5,Evening,Saturday,True,Strong,105.2
ORD13417,Birnin Kebbi Hub,Kamba,148.1,Motorcycle,Paved,Clear,Medium,Parcel,0,3.3,0.2,Midday,Tuesday,False,Weak,225.0
ORD13418,Birnin Kebbi Hub,Argungu,75.5,Motorcycle,Paved,Clear,Low,Documents,0,0.2,1.8,Morning,Friday,False,Strong,90.2
ORD13419,Birnin Kebbi Hub,Yauri,162.5,Motorcycle,Unpaved,Clear,Low,Food,1,2.9,2.5,Evening,Wednesday,False,Weak,343.3
ORD13420,Birnin Kebbi Hub,Argungu,73.4,Van,Unpaved,Harmattan Dust,Low,Documents,1,8.4,4.2,Midday,Friday,False,Weak,189.6
ORD13421,Birnin Kebbi Hub,Birnin Kebbi,9.5,Motorcycle,Paved,Clear,Low,Documents,2,6.6,1.5,Morning,Monday,False,No Signal,45.7
ORD13422,Birnin Kebbi Hub,Jega,49.7,Motorcycle,Paved,Clear,High,Parcel,0,3.0,3.3,Midday,Sunday,True,Strong,104.6
ORD13423,Birnin Kebbi Hub,Birnin Kebbi,5.2,Van,Paved,Clear,Low,Food,1,10.2,1.1,Morning,Saturday,True,Strong,40.0
ORD13424,Birnin Kebbi Hub,Zuru,165.0,Motorcycle,Unpaved,Harmattan Dust,High,Parcel,0,0.4,0.6,Midday,Thursday,False,Weak,744.7
ORD13425,Birnin Kebbi Hub,Jega,48.9,Keke (Tricycle),Unpaved,Rain,High,Documents,1,0.5,1.0,Evening,Monday,False,Strong,383.3
ORD13426,Birnin Kebbi Hub,Aliero,26.7,Motorcycle,Unpaved,Rain,Medium,Food,3,0.6,1.1,Evening,Wednesday,False,Strong,116.5
ORD13427,Birnin Kebbi Hub,Zuru,216.0,Motorcycle,Paved,Clear,Low,Parcel,0,3.5,1.2,Evening,Tuesday,False,Weak,246.7
ORD13428,Birnin Kebbi Hub,Birnin Kebbi,2.3,Van,Paved,Clear,Low,Parcel,0,1.5,3.6,Morning,Thursday,False,Weak,8.8
ORD13429,Birnin Kebbi Hub,Birnin Kebbi,5.7,Motorcycle,Paved,Harmattan Dust,Medium,Parcel,1,2.0,0.9,Morning,Wednesday,False,Weak,19.3
ORD13430,Birnin Kebbi Hub,Bunza,42.0,Motorcycle,Paved,Harmattan Dust,High,Parcel,0,1.9,1.6,Morning,Sunday,True,Weak,119.1
ORD13431,Birnin Kebbi Hub,Bunza,42.8,Van,Paved,Clear,High,Food,1,9.0,2.7,Midday,Thursday,False,Strong,90.0
ORD13432,Birnin Kebbi Hub,Jega,60.1,Motorcycle,Unpaved,Clear,High,Bulk Goods,0,38.0,4.3,Morning,Friday,False,Weak,253.3
ORD13433,Birnin Kebbi Hub,Jega,67.0,Keke (Tricycle),Unpaved,Clear,High,Food,0,3.8,2.6,Evening,Friday,False,Strong,379.6
ORD13434,Birnin Kebbi Hub,Yauri,149.8,Van,Paved,Harmattan Dust,Medium,Parcel,0,0.2,0.8,Morning,Thursday,False,No Signal,255.5
ORD13435,Birnin Kebbi Hub,Kamba,156.4,Motorcycle,Paved,Clear,Low,Parcel,2,0.8,1.8,Afternoon,Saturday,True,No Signal,217.4
ORD13436,Birnin Kebbi Hub,Birnin Kebbi,3.2,Motorcycle,Paved,Clear,Low,Parcel,0,7.6,1.9,Morning,Monday,False,No Signal,29.7
ORD13437,Birnin Kebbi Hub,Birnin Kebbi,5.9,Motorcycle,Paved,Harmattan Dust,High,Bulk Goods,0,21.1,2.1,Afternoon,Sunday,True,Strong,48.7
ORD13438,Birnin Kebbi Hub,Zuru,140.1,Motorcycle,Paved,Clear,High,Food,0,0.9,0.0,Midday,Wednesday,False,Strong,284.5
ORD13439,Birnin Kebbi Hub,Zuru,216.1,Van,Unpaved,Clear,High,Food,0,4.2,2.9,Morning,Sunday,True,Weak,726.3
ORD13440,Birnin Kebbi Hub,Zuru,179.8,Truck,Unpaved,Clear,Medium,Parcel,0,5.3,2.5,Midday,Thursday,False,Strong,536.7
ORD13441,Birnin Kebbi Hub,Bunza,47.2,Motorcycle,Unpaved,Rain,Low,Documents,1,0.4,1.3,Morning,Wednesday,False,Strong,158.4
ORD13442,Birnin Kebbi Hub,Bunza,47.4,Motorcycle,Paved,Rain,Low,Parcel,1,2.0,0.9,Morning,Tuesday,False,No Signal,116.2
ORD13443,Birnin Kebbi Hub,Yauri,156.6,Motorcycle,Unpaved,Clear,Medium,Parcel,0,5.0,2.4,Morning,Thursday,False,Strong,390.0
ORD13444,Birnin Kebbi Hub,Zuru,180.0,Motorcycle,Unpaved,Rain,Low,Documents,0,4.8,8.1,Afternoon,Monday,False,Strong,547.5
ORD13445,Birnin Kebbi Hub,Jega,56.3,Van,Unpaved,Harmattan Dust,Low,Bulk Goods,0,38.6,2.2,Evening,Friday,False,Strong,144.8
ORD13446,Birnin Kebbi Hub,Birnin Kebbi,6.7,Motorcycle,Paved,Clear,Low,Parcel,0,0.2,3.4,Morning,Monday,False,Strong,16.9
ORD13447,Birnin Kebbi Hub,Jega,66.0,Motorcycle,Paved,Clear,Low,Food,2,0.8,6.4,Midday,Monday,False,Strong,84.6
ORD13448,Birnin Kebbi Hub,Birnin Kebbi,3.5,Keke (Tricycle),Paved,Clear,High,Documents,0,3.8,5.1,Midday,Sunday,True,Weak,20.2
ORD13449,Birnin Kebbi Hub,Birnin Kebbi,7.1,Motorcycle,Paved,Clear,High,Parcel,0,1.3,1.1,Evening,Thursday,False,Strong,27.7
ORD13450,Birnin Kebbi Hub,Argungu,75.0,Motorcycle,Paved,Rain,High,Bulk Goods,1,46.0,2.2,Morning,Monday,False,Weak,273.4
ORD13451,Birnin Kebbi Hub,Birnin Kebbi,4.3,Motorcycle,Paved,Clear,Low,Documents,2,5.6,0.4,Midday,Saturday,True,Strong,23.6
ORD13452,Birnin Kebbi Hub,Kamba,168.8,Van,Unpaved,Clear,Low,Food,0,2.2,0.4,Midday,Wednesday,False,Weak,315.0
ORD13453,Birnin Kebbi Hub,Birnin Kebbi,6.2,Van,Paved,Clear,High,Parcel,0,10.1,1.3,Afternoon,Wednesday,False,Weak,40.6
ORD13454,Birnin Kebbi Hub,Birnin Kebbi,6.0,Keke (Tricycle),Paved,Clear,Medium,Parcel,0,3.2,0.2,Morning,Monday,False,Weak,28.0
ORD13455,Birnin Kebbi Hub,Yauri,160.3,Motorcycle,Paved,Rain,Medium,Food,4,18.8,2.4,Evening,Saturday,True,Weak,383.3
ORD13456,Birnin Kebbi Hub,Zuru,168.9,Van,Paved,Clear,Medium,Parcel,0,0.4,0.7,Evening,Saturday,True,Weak,230.4
ORD13457,Birnin Kebbi Hub,Jega,60.0,Van,Paved,Rain,Low,Documents,0,1.7,0.9,Afternoon,Wednesday,False,Strong,103.7
ORD13458,Birnin Kebbi Hub,Jega,58.4,Van,Paved,Clear,Medium,Documents,0,7.3,1.5,Midday,Thursday,False,Strong,85.4
ORD13459,Birnin Kebbi Hub,Zuru,161.8,Keke (Tricycle),Paved,Clear,High,Documents,2,2.6,1.2,Evening,Saturday,True,Strong,534.2
ORD13460,Birnin Kebbi Hub,Argungu,70.2,Keke (Tricycle),Unpaved,Clear,Medium,Documents,4,0.8,4.4,Morning,Tuesday,False,Strong,308.4
ORD13461,Birnin Kebbi Hub,Jega,52.9,Motorcycle,Paved,Clear,Medium,Bulk Goods,1,45.8,3.0,Morning,Wednesday,False,Strong,112.4
ORD13462,Birnin Kebbi Hub,Jega,56.1,Motorcycle,Paved,Clear,Medium,Bulk Goods,3,21.8,1.0,Evening,Monday,False,Strong,122.6
ORD13463,Birnin Kebbi Hub,Argungu,57.6,Van,Unpaved,Harmattan Dust,Medium,Parcel,0,2.4,4.2,Morning,Saturday,True,Strong,188.6
ORD13464,Birnin Kebbi Hub,Zuru,161.9,Motorcycle,Unpaved,Rain,High,Bulk Goods,2,21.6,3.7,Morning,Thursday,False,Weak,949.5
ORD13465,Birnin Kebbi Hub,Birnin Kebbi,1.5,Van,Paved,Harmattan Dust,Medium,Documents,0,13.2,1.7,Midday,Thursday,False,Weak,15.1
ORD13466,Birnin Kebbi Hub,Bunza,51.8,Van,Paved,Harmattan Dust,High,Parcel,1,4.9,0.9,Midday,Friday,False,No Signal,136.9
ORD13467,Birnin Kebbi Hub,Birnin Kebbi,3.4,Motorcycle,Paved,Harmattan Dust,Medium,Documents,0,8.5,1.1,Afternoon,Friday,False,Weak,34.7
ORD13468,Birnin Kebbi Hub,Birnin Kebbi,6.7,Motorcycle,Unpaved,Harmattan Dust,Medium,Parcel,0,3.0,3.3,Morning,Wednesday,False,Strong,39.6
ORD13469,Birnin Kebbi Hub,Birnin Kebbi,4.5,Van,Paved,Clear,Medium,Bulk Goods,3,29.1,1.9,Evening,Sunday,True,Strong,47.1
ORD13470,Birnin Kebbi Hub,Argungu,63.6,Keke (Tricycle),Unpaved,Rain,Medium,Parcel,0,14.8,2.2,Midday,Friday,False,Strong,393.8
ORD13471,Birnin Kebbi Hub,Kamba,131.9,Keke (Tricycle),Paved,Clear,Low,Bulk Goods,0,23.5,2.2,Evening,Sunday,True,Weak,250.1
ORD13472,Birnin Kebbi Hub,Yauri,171.6,Motorcycle,Unpaved,Clear,Medium,Parcel,3,3.3,0.1,Evening,Friday,False,Strong,445.0
ORD13473,Birnin Kebbi Hub,Kamba,140.0,Van,Unpaved,Clear,Low,Food,4,6.6,2.4,Midday,Thursday,False,Strong,293.2
ORD13474,Birnin Kebbi Hub,Kamba,134.7,Keke (Tricycle),Paved,Clear,Medium,Parcel,0,8.0,0.8,Morning,Friday,False,Weak,313.8
ORD13475,Birnin Kebbi Hub,Birnin Kebbi,8.6,Van,Paved,Clear,High,Food,3,4.6,2.8,Morning,Wednesday,False,No Signal,61.4
ORD13476,Birnin Kebbi Hub,Birnin Kebbi,8.3,Motorcycle,Paved,Harmattan Dust,Low,Bulk Goods,0,24.5,2.5,Morning,Saturday,True,Strong,37.4
ORD13477,Birnin Kebbi Hub,Zuru,192.0,Motorcycle,Paved,Harmattan Dust,Medium,Parcel,0,2.6,5.6,Midday,Monday,False,Strong,334.9
ORD13478,Birnin Kebbi Hub,Birnin Kebbi,7.9,Keke (Tricycle),Paved,Rain,Low,Parcel,0,1.5,5.6,Midday,Tuesday,False,Strong,19.6
ORD13479,Birnin Kebbi Hub,Birnin Kebbi,3.3,Motorcycle,Paved,Harmattan Dust,Medium,Parcel,0,4.5,1.1,Evening,Wednesday,False,No Signal,22.2
ORD13480,Birnin Kebbi Hub,Jega,52.8,Keke (Tricycle),Paved,Rain,Low,Parcel,2,12.5,1.9,Evening,Friday,False,Weak,176.2
ORD13481,Birnin Kebbi Hub,Argungu,52.1,Keke (Tricycle),Unpaved,Rain,Low,Parcel,0,2.2,0.3,Morning,Sunday,True,No Signal,269.7
ORD13482,Birnin Kebbi Hub,Bunza,35.9,Van,Unpaved,Rain,Medium,Food,1,0.3,5.5,Morning,Saturday,True,Weak,151.2
ORD13483,Birnin Kebbi Hub,Kamba,150.1,Motorcycle,Unpaved,Clear,Medium,Parcel,2,9.6,1.5,Evening,Friday,False,Weak,390.8
ORD13484,Birnin Kebbi Hub,Argungu,66.6,Keke (Tricycle),Unpaved,Clear,High,Parcel,2,0.2,2.4,Midday,Sunday,True,Strong,388.5
ORD13485,Birnin Kebbi Hub,Birnin Kebbi,1.9,Keke (Tricycle),Paved,Harmattan Dust,Medium,Parcel,0,2.3,1.4,Evening,Sunday,True,Weak,29.3
ORD13486,Birnin Kebbi Hub,Kamba,142.7,Van,Paved,Clear,Low,Parcel,0,2.1,1.6,Evening,Sunday,True,Weak,150.6
ORD13487,Birnin Kebbi Hub,Argungu,76.0,Keke (Tricycle),Paved,Harmattan Dust,Low,Parcel,0,4.5,1.5,Evening,Tuesday,False,Weak,175.5
ORD13488,Birnin Kebbi Hub,Birnin Kebbi,8.3,Motorcycle,Paved,Clear,High,Bulk Goods,4,14.4,1.7,Evening,Tuesday,False,Weak,43.5
ORD13489,Birnin Kebbi Hub,Kamba,161.1,Motorcycle,Paved,Clear,Low,Parcel,0,0.2,1.0,Morning,Friday,False,Weak,198.4
ORD13490,Birnin Kebbi Hub,Kamba,124.1,Motorcycle,Unpaved,Clear,Medium,Documents,1,4.4,6.5,Afternoon,Friday,False,Weak,325.9
ORD13491,Birnin Kebbi Hub,Kamba,137.6,Van,Unpaved,Harmattan Dust,Low,Parcel,0,4.2,1.2,Morning,Tuesday,False,No Signal,320.8
ORD13492,Birnin Kebbi Hub,Bunza,37.8,Keke (Tricycle),Paved,Clear,Medium,Parcel,4,1.3,7.5,Evening,Saturday,True,Weak,125.3
ORD13493,Birnin Kebbi Hub,Birnin Kebbi,3.3,Motorcycle,Paved,Harmattan Dust,Low,Bulk Goods,0,15.1,1.4,Midday,Friday,False,Strong,22.1
ORD13494,Birnin Kebbi Hub,Kamba,132.5,Van,Unpaved,Clear,Medium,Food,0,0.6,4.9,Evening,Saturday,True,Strong,313.4
ORD13495,Birnin Kebbi Hub,Birnin Kebbi,4.4,Motorcycle,Paved,Clear,Low,Food,0,1.2,1.1,Afternoon,Friday,False,Weak,22.0
ORD13496,Birnin Kebbi Hub,Yauri,136.0,Van,Paved,Clear,Medium,Food,4,6.9,9.8,Evening,Wednesday,False,Weak,214.6
ORD13497,Birnin Kebbi Hub,Kamba,152.5,Motorcycle,Unpaved,Clear,Low,Documents,0,5.1,1.2,Afternoon,Saturday,True,Weak,329.3
ORD13498,Birnin Kebbi Hub,Zuru,157.8,Keke (Tricycle),Unpaved,Clear,Medium,Bulk Goods,1,18.2,1.4,Evening,Monday,False,Weak,637.0
ORD13499,Birnin Kebbi Hub,Argungu,48.9,Motorcycle,Unpaved,Clear,Medium,Documents,0,1.6,6.1,Midday,Tuesday,False,Strong,119.7
ORD13500,Birnin Kebbi Hub,Bunza,40.4,Van,Unpaved,Harmattan Dust,Medium,Parcel,0,4.7,2.9,Afternoon,Tuesday,False,Weak,146.2
ORD13501,Birnin Kebbi Hub,Zuru,226.6,Keke (Tricycle),Unpaved,Clear,Low,Parcel,1,0.8,1.0,Midday,Thursday,False,Weak,723.9
ORD13502,Birnin Kebbi Hub,Birnin Kebbi,9.5,Motorcycle,Paved,Clear,Low,Parcel,1,0.2,7.2,Midday,Thursday,False,Strong,21.9
ORD13503,Birnin Kebbi Hub,Jega,59.1,Motorcycle,Paved,Clear,Low,Bulk Goods,1,21.5,1.6,Evening,Tuesday,False,Strong,81.2
ORD13504,Birnin Kebbi Hub,Argungu,57.5,Motorcycle,Paved,Clear,Low,Food,0,9.3,2.7,Afternoon,Saturday,True,Weak,68.7
ORD13505,Birnin Kebbi Hub,Argungu,58.8,Keke (Tricycle),Paved,Clear,High,Food,0,3.4,5.9,Afternoon,Monday,False,Strong,193.7
ORD13506,Birnin Kebbi Hub,Aliero,36.2,Motorcycle,Paved,Harmattan Dust,Medium,Documents,1,6.0,1.2,Midday,Monday,False,Strong,77.6
ORD13507,Birnin Kebbi Hub,Zuru,163.3,Motorcycle,Paved,Harmattan Dust,Low,Parcel,0,2.9,2.9,Midday,Thursday,False,No Signal,245.9
ORD13508,Birnin Kebbi Hub,Kamba,144.0,Motorcycle,Unpaved,Harmattan Dust,Low,Food,0,7.8,2.6,Morning,Wednesday,False,Strong,368.7
ORD13509,Birnin Kebbi Hub,Argungu,56.5,Keke (Tricycle),Paved,Clear,Low,Parcel,4,0.3,0.2,Midday,Tuesday,False,No Signal,135.5
ORD13510,Birnin Kebbi Hub,Aliero,30.0,Keke (Tricycle),Unpaved,Rain,Medium,Parcel,0,4.6,2.0,Afternoon,Tuesday,False,Strong,187.3
ORD13511,Birnin Kebbi Hub,Jega,53.9,Motorcycle,Paved,Rain,Medium,Food,2,1.7,2.7,Evening,Friday,False,Strong,123.4
ORD13512,Birnin Kebbi Hub,Zuru,139.9,Keke (Tricycle),Unpaved,Clear,Medium,Bulk Goods,1,21.9,1.1,Afternoon,Monday,False,Weak,577.4
ORD13513,Birnin Kebbi Hub,Jega,56.3,Keke (Tricycle),Paved,Clear,Low,Parcel,0,0.5,1.3,Evening,Saturday,True,Weak,112.2
ORD13514,Birnin Kebbi Hub,Argungu,65.1,Van,Unpaved,Rain,Medium,Food,3,3.7,4.4,Morning,Wednesday,False,Strong,273.8
ORD13515,Birnin Kebbi Hub,Kamba,141.7,Motorcycle,Unpaved,Clear,Low,Parcel,1,3.4,0.8,Evening,Tuesday,False,Weak,304.5
ORD13516,Birnin Kebbi Hub,Kamba,137.1,Keke (Tricycle),Paved,Harmattan Dust,Low,Parcel,1,2.2,0.4,Afternoon,Friday,False,No Signal,316.8
ORD13517,Birnin Kebbi Hub,Jega,56.9,Motorcycle,Paved,Harmattan Dust,Low,Food,0,1.7,1.4,Morning,Thursday,False,Weak,96.0
ORD13518,Birnin Kebbi Hub,Aliero,39.4,Motorcycle,Unpaved,Clear,Low,Parcel,3,3.1,4.7,Afternoon,Sunday,True,Strong,102.3
ORD13519,Birnin Kebbi Hub,Birnin Kebbi,6.0,Motorcycle,Paved,Clear,Medium,Documents,3,1.4,1.3,Morning,Sunday,True,No Signal,37.5
ORD13520,Birnin Kebbi Hub,Birnin Kebbi,1.5,Keke (Tricycle),Unpaved,Clear,Low,Parcel,1,1.7,3.0,Afternoon,Friday,False,Strong,23.9
ORD13521,Birnin Kebbi Hub,Birnin Kebbi,5.2,Motorcycle,Paved,Rain,High,Parcel,1,1.7,6.3,Morning,Wednesday,False,Weak,29.1
ORD13522,Birnin Kebbi Hub,Zuru,157.6,Motorcycle,Paved,Rain,Low,Parcel,2,18.1,1.4,Morning,Wednesday,False,Weak,299.8
ORD13523,Birnin Kebbi Hub,Birnin Kebbi,8.4,Motorcycle,Paved,Rain,Medium,Food,0,3.7,1.5,Evening,Thursday,False,Strong,24.9
ORD13524,Birnin Kebbi Hub,Birnin Kebbi,6.1,Van,Paved,Harmattan Dust,Medium,Food,0,2.3,1.2,Midday,Sunday,True,No Signal,31.2
ORD13525,Birnin Kebbi Hub,Bunza,55.1,Truck,Paved,Clear,Low,Bulk Goods,0,22.4,2.5,Afternoon,Friday,False,Strong,91.9
ORD13526,Birnin Kebbi Hub,Jega,44.0,Truck,Unpaved,Clear,High,Parcel,1,3.8,3.2,Afternoon,Monday,False,Strong,211.4
ORD13527,Birnin Kebbi Hub,Zuru,179.4,Keke (Tricycle),Paved,Clear,Medium,Food,1,4.3,2.5,Afternoon,Friday,False,Strong,404.1
ORD13528,Birnin Kebbi Hub,Aliero,44.0,Motorcycle,Paved,Clear,Low,Parcel,0,1.7,4.9,Afternoon,Thursday,False,Strong,55.8
ORD13529,Birnin Kebbi Hub,Birnin Kebbi,4.3,Van,Paved,Harmattan Dust,Low,Parcel,0,0.2,5.0,Evening,Saturday,True,Strong,8.3
ORD13530,Birnin Kebbi Hub,Aliero,40.9,Motorcycle,Unpaved,Clear,Low,Food,3,3.6,0.8,Morning,Saturday,True,Weak,126.8
ORD13531,Birnin Kebbi Hub,Aliero,37.8,Keke (Tricycle),Paved,Clear,Low,Parcel,3,1.6,3.9,Evening,Tuesday,False,Weak,96.1
ORD13532,Birnin Kebbi Hub,Yauri,153.4,Keke (Tricycle),Paved,Harmattan Dust,Low,Food,2,1.5,1.8,Midday,Tuesday,False,Weak,352.6
ORD13533,Birnin Kebbi Hub,Zuru,196.5,Van,Unpaved,Clear,Low,Bulk Goods,0,10.7,5.6,Midday,Wednesday,False,Weak,378.1
ORD13534,Birnin Kebbi Hub,Birnin Kebbi,3.9,Van,Paved,Rain,Low,Documents,1,3.3,1.8,Afternoon,Saturday,True,No Signal,44.7
ORD13535,Birnin Kebbi Hub,Zuru,180.2,Motorcycle,Paved,Clear,Low,Food,2,2.0,1.4,Evening,Tuesday,False,Weak,210.3
ORD13536,Birnin Kebbi Hub,Kamba,133.8,Keke (Tricycle),Paved,Clear,Low,Food,3,10.7,2.7,Evening,Thursday,False,Strong,263.5
ORD13537,Birnin Kebbi Hub,Zuru,191.6,Keke (Tricycle),Unpaved,Clear,Low,Parcel,0,5.0,3.0,Evening,Friday,False,Strong,598.1
ORD13538,Birnin Kebbi Hub,Kamba,136.1,Motorcycle,Unpaved,Harmattan Dust,Low,Documents,0,1.8,3.4,Afternoon,Thursday,False,No Signal,352.3
ORD13539,Birnin Kebbi Hub,Bunza,47.2,Motorcycle,Paved,Clear,High,Parcel,1,5.2,3.2,Evening,Thursday,False,Strong,96.0
ORD13540,Birnin Kebbi Hub,Yauri,140.9,Truck,Unpaved,Clear,Medium,Parcel,1,1.2,2.7,Midday,Monday,False,Weak,449.3
ORD13541,Birnin Kebbi Hub,Jega,45.3,Truck,Paved,Clear,Low,Parcel,0,0.8,4.0,Evening,Friday,False,Strong,63.8
ORD13542,Birnin Kebbi Hub,Argungu,62.0,Keke (Tricycle),Paved,Clear,High,Food,1,4.7,3.1,Afternoon,Saturday,True,Weak,211.0
ORD13543,Birnin Kebbi Hub,Jega,49.6,Motorcycle,Paved,Clear,High,Food,0,0.2,1.7,Midday,Wednesday,False,Strong,101.1
ORD13544,Birnin Kebbi Hub,Aliero,28.5,Motorcycle,Unpaved,Rain,Low,Bulk Goods,0,27.6,4.8,Afternoon,Sunday,True,Strong,120.7
ORD13545,Birnin Kebbi Hub,Argungu,68.5,Van,Paved,Clear,Low,Documents,2,0.2,2.9,Afternoon,Friday,False,Weak,97.1
ORD13546,Birnin Kebbi Hub,Zuru,186.5,Keke (Tricycle),Paved,Rain,High,Food,0,5.6,1.4,Morning,Saturday,True,Weak,919.0
ORD13547,Birnin Kebbi Hub,Birnin Kebbi,4.7,Van,Unpaved,Clear,Medium,Parcel,1,2.5,2.1,Morning,Monday,False,Weak,34.3
ORD13548,Birnin Kebbi Hub,Birnin Kebbi,9.8,Van,Paved,Clear,Low,Documents,3,2.4,4.1,Afternoon,Monday,False,Strong,48.9
ORD13549,Birnin Kebbi Hub,Bunza,36.6,Van,Unpaved,Clear,Medium,Food,0,3.1,5.9,Afternoon,Sunday,True,Strong,96.3
ORD13550,Birnin Kebbi Hub,Zuru,189.1,Motorcycle,Paved,Clear,Medium,Food,1,0.2,3.2,Evening,Saturday,True,Strong,280.0
ORD13551,Birnin Kebbi Hub,Birnin Kebbi,5.1,Motorcycle,Unpaved,Rain,Medium,Parcel,2,2.6,1.2,Evening,Wednesday,False,No Signal,49.1
ORD13552,Birnin Kebbi Hub,Birnin Kebbi,4.6,Motorcycle,Paved,Clear,High,Parcel,0,2.2,1.6,Afternoon,Thursday,False,No Signal,39.0
ORD13553,Birnin Kebbi Hub,Birnin Kebbi,8.1,Motorcycle,Paved,Clear,Low,Food,1,3.2,1.6,Morning,Monday,False,Strong,32.5
ORD13554,Birnin Kebbi Hub,Birnin Kebbi,6.1,Van,Unpaved,Clear,Medium,Documents,0,8.1,3.5,Midday,Wednesday,False,Strong,18.8
ORD13555,Birnin Kebbi Hub,Argungu,54.5,Keke (Tricycle),Unpaved,Harmattan Dust,Low,Parcel,0,0.6,2.2,Evening,Saturday,True,Weak,234.7
ORD13556,Birnin Kebbi Hub,Aliero,37.3,Motorcycle,Unpaved,Clear,Medium,Parcel,0,2.8,2.1,Afternoon,Sunday,True,Weak,117.8
ORD13557,Birnin Kebbi Hub,Birnin Kebbi,2.8,Keke (Tricycle),Paved,Clear,Medium,Documents,1,5.5,1.0,Midday,Saturday,True,No Signal,40.0
ORD13558,Birnin Kebbi Hub,Argungu,74.0,Van,Paved,Clear,Medium,Food,1,6.9,0.6,Evening,Sunday,True,Weak,118.2
ORD13559,Birnin Kebbi Hub,Aliero,29.9,Motorcycle,Unpaved,Clear,Low,Documents,0,1.2,0.5,Morning,Tuesday,False,Strong,78.5
ORD13560,Birnin Kebbi Hub,Aliero,35.8,Motorcycle,Paved,Clear,High,Parcel,0,0.8,2.1,Morning,Wednesday,False,Weak,82.8
ORD13561,Birnin Kebbi Hub,Bunza,53.0,Van,Unpaved,Clear,Medium,Documents,0,15.9,1.8,Afternoon,Monday,False,Strong,142.4
ORD13562,Birnin Kebbi Hub,Bunza,41.5,Keke (Tricycle),Paved,Clear,Medium,Parcel,0,2.3,5.6,Morning,Thursday,False,Weak,93.4
ORD13563,Birnin Kebbi Hub,Bunza,34.1,Keke (Tricycle),Paved,Harmattan Dust,Low,Bulk Goods,0,15.8,2.8,Evening,Friday,False,Strong,83.5
ORD13564,Birnin Kebbi Hub,Bunza,47.9,Motorcycle,Paved,Clear,Low,Food,3,0.4,2.1,Afternoon,Monday,False,Weak,91.3
ORD13565,Birnin Kebbi Hub,Zuru,172.2,Keke (Tricycle),Unpaved,Clear,Low,Parcel,0,0.2,0.4,Afternoon,Sunday,True,Weak,552.0
ORD13566,Birnin Kebbi Hub,Birnin Kebbi,7.5,Motorcycle,Paved,Harmattan Dust,Medium,Bulk Goods,1,41.5,4.8,Morning,Saturday,True,Weak,60.6
ORD13567,Birnin Kebbi Hub,Aliero,38.8,Motorcycle,Unpaved,Harmattan Dust,Low,Bulk Goods,0,49.3,2.2,Morning,Tuesday,False,Strong,134.6
ORD13568,Birnin Kebbi Hub,Birnin Kebbi,1.5,Truck,Paved,Clear,Low,Food,3,1.8,6.6,Morning,Tuesday,False,Strong,43.1
ORD13569,Birnin Kebbi Hub,Argungu,59.8,Keke (Tricycle),Unpaved,Harmattan Dust,Low,Parcel,3,9.6,2.1,Morning,Monday,False,Strong,271.2
ORD13570,Birnin Kebbi Hub,Birnin Kebbi,7.3,Van,Paved,Clear,Low,Food,1,3.1,1.9,Midday,Sunday,True,Weak,32.0
ORD13571,Birnin Kebbi Hub,Kamba,172.8,Van,Unpaved,Clear,Low,Bulk Goods,0,26.7,2.9,Evening,Tuesday,False,Weak,327.1
ORD13572,Birnin Kebbi Hub,Birnin Kebbi,6.1,Van,Paved,Rain,Low,Documents,0,3.2,3.0,Evening,Thursday,False,Strong,17.6
ORD13573,Birnin Kebbi Hub,Kamba,152.4,Van,Paved,Rain,Medium,Bulk Goods,0,30.8,3.1,Evening,Sunday,True,No Signal,314.3
ORD13574,Birnin Kebbi Hub,Zuru,152.5,Van,Paved,Clear,Low,Bulk Goods,1,35.8,1.0,Morning,Saturday,True,Weak,186.8
ORD13575,Birnin Kebbi Hub,Argungu,73.4,Van,Unpaved,Rain,Low,Food,1,6.4,4.9,Morning,Friday,False,Weak,221.7
ORD13576,Birnin Kebbi Hub,Aliero,39.8,Motorcycle,Paved,Harmattan Dust,Low,Documents,0,1.2,1.1,Morning,Monday,False,Weak,77.7
ORD13577,Birnin Kebbi Hub,Birnin Kebbi,6.6,Motorcycle,Paved,Clear,Low,Food,0,6.3,1.0,Midday,Wednesday,False,Weak,27.0
ORD13578,Birnin Kebbi Hub,Jega,52.9,Keke (Tricycle),Paved,Rain,High,Documents,0,9.8,2.4,Afternoon,Thursday,False,Weak,270.5
ORD13579,Birnin Kebbi Hub,Birnin Kebbi,9.9,Keke (Tricycle),Paved,Clear,Medium,Food,0,3.3,1.1,Evening,Saturday,True,Strong,32.9
ORD13580,Birnin Kebbi Hub,Birnin Kebbi,5.0,Motorcycle,Paved,Clear,Low,Parcel,2,1.2,0.7,Afternoon,Thursday,False,Strong,10.1
ORD13581,Birnin Kebbi Hub,Birnin Kebbi,5.7,Motorcycle,Paved,Clear,Low,Parcel,2,0.2,0.9,Morning,Thursday,False,No Signal,30.9
ORD13582,Birnin Kebbi Hub,Jega,46.0,Keke (Tricycle),Unpaved,Clear,Medium,Parcel,0,10.0,0.2,Evening,Monday,False,Weak,190.5
ORD13583,Birnin Kebbi Hub,Argungu,62.0,Keke (Tricycle),Unpaved,Rain,Low,Parcel,1,10.4,2.3,Morning,Thursday,False,Strong,327.8
ORD13584,Birnin Kebbi Hub,Zuru,162.3,Van,Unpaved,Clear,High,Documents,0,13.5,1.8,Morning,Monday,False,Weak,564.1
ORD13585,Birnin Kebbi Hub,Bunza,40.7,Van,Paved,Clear,Low,Parcel,0,0.5,0.7,Evening,Tuesday,False,No Signal,64.6
ORD13586,Birnin Kebbi Hub,Jega,54.5,Van,Paved,Rain,Medium,Documents,1,2.9,1.5,Evening,Saturday,True,Weak,125.5
ORD13587,Birnin Kebbi Hub,Argungu,59.1,Van,Unpaved,Clear,Medium,Bulk Goods,0,17.7,1.7,Midday,Tuesday,False,Weak,160.5
ORD13588,Birnin Kebbi Hub,Zuru,161.9,Motorcycle,Paved,Clear,High,Bulk Goods,0,23.6,1.4,Evening,Saturday,True,Weak,340.4
ORD13589,Birnin Kebbi Hub,Birnin Kebbi,2.8,Van,Unpaved,Rain,Low,Parcel,0,3.0,0.6,Afternoon,Sunday,True,Weak,24.5
ORD13590,Birnin Kebbi Hub,Bunza,48.1,Keke (Tricycle),Paved,Harmattan Dust,Medium,Parcel,0,5.0,3.1,Morning,Thursday,False,Strong,138.3
ORD13591,Birnin Kebbi Hub,Jega,57.5,Van,Unpaved,Clear,Low,Parcel,2,12.6,1.8,Evening,Saturday,True,No Signal,143.7
ORD13592,Birnin Kebbi Hub,Bunza,55.0,Keke (Tricycle),Unpaved,Clear,Low,Food,0,1.0,9.9,Evening,Tuesday,False,Weak,178.1
ORD13593,Birnin Kebbi Hub,Argungu,63.9,Keke (Tricycle),Unpaved,Clear,Medium,Parcel,0,1.9,0.5,Afternoon,Tuesday,False,Strong,263.2
ORD13594,Birnin Kebbi Hub,Kamba,158.2,Keke (Tricycle),Unpaved,Clear,Medium,Parcel,1,6.6,1.4,Midday,Friday,False,Weak,638.5
ORD13595,Birnin Kebbi Hub,Argungu,68.1,Keke (Tricycle),Paved,Clear,Medium,Parcel,1,3.6,2.7,Afternoon,Thursday,False,Strong,159.0
ORD13596,Birnin Kebbi Hub,Jega,59.5,Motorcycle,Paved,Clear,Medium,Parcel,0,15.0,1.9,Evening,Monday,False,Weak,107.5
ORD13597,Birnin Kebbi Hub,Kamba,139.4,Van,Unpaved,Harmattan Dust,Low,Food,2,3.5,1.0,Morning,Thursday,False,Weak,340.5
ORD13598,Birnin Kebbi Hub,Birnin Kebbi,6.8,Keke (Tricycle),Paved,Rain,Low,Parcel,0,10.2,1.0,Midday,Thursday,False,Strong,41.5
ORD13599,Birnin Kebbi Hub,Jega,56.7,Motorcycle,Paved,Clear,High,Documents,0,1.2,6.9,Midday,Saturday,True,Weak,108.7
ORD13600,Birnin Kebbi Hub,Birnin Kebbi,4.0,Motorcycle,Paved,Rain,Medium,Food,0,1.6,0.6,Midday,Sunday,True,Strong,32.4
ORD13601,Birnin Kebbi Hub,Zuru,207.8,Keke (Tricycle),Paved,Harmattan Dust,Low,Documents,2,1.2,0.7,Afternoon,Thursday,False,Strong,475.2
ORD13602,Birnin Kebbi Hub,Kamba,111.3,Van,Paved,Clear,Medium,Documents,0,3.8,2.3,Morning,Saturday,True,Strong,161.2
ORD13603,Birnin Kebbi Hub,Birnin Kebbi,9.1,Motorcycle,Unpaved,Clear,Medium,Bulk Goods,0,38.6,4.0,Midday,Saturday,True,Strong,59.2
ORD13604,Birnin Kebbi Hub,Birnin Kebbi,7.0,Motorcycle,Unpaved,Clear,Medium,Parcel,0,0.3,1.5,Morning,Tuesday,False,Weak,34.9
ORD13605,Birnin Kebbi Hub,Argungu,68.9,Motorcycle,Paved,Clear,Medium,Documents,0,6.1,1.6,Midday,Monday,False,Strong,106.0
ORD13606,Birnin Kebbi Hub,Kamba,171.1,Motorcycle,Paved,Harmattan Dust,Medium,Parcel,0,1.0,1.4,Afternoon,Thursday,False,Strong,302.2
ORD13607,Birnin Kebbi Hub,Birnin Kebbi,6.7,Keke (Tricycle),Paved,Clear,High,Food,1,7.7,0.9,Midday,Saturday,True,Weak,51.6
ORD13608,Birnin Kebbi Hub,Kamba,129.1,Motorcycle,Unpaved,Clear,High,Documents,0,4.8,3.6,Afternoon,Monday,False,Weak,488.3
ORD13609,Birnin Kebbi Hub,Argungu,63.3,Motorcycle,Paved,Harmattan Dust,Low,Parcel,1,2.9,5.6,Evening,Wednesday,False,Weak,105.5
ORD13610,Birnin Kebbi Hub,Kamba,135.6,Truck,Unpaved,Harmattan Dust,Low,Food,0,4.3,1.3,Evening,Wednesday,False,Strong,426.1
ORD13611,Birnin Kebbi Hub,Kamba,148.9,Keke (Tricycle),Unpaved,Clear,Medium,Parcel,1,4.1,0.7,Evening,Friday,False,Strong,600.0
ORD13612,Birnin Kebbi Hub,Birnin Kebbi,2.9,Truck,Paved,Clear,Medium,Parcel,0,2.0,1.2,Evening,Sunday,True,No Signal,18.0
ORD13613,Birnin Kebbi Hub,Bunza,38.4,Keke (Tricycle),Unpaved,Rain,High,Parcel,2,3.8,8.5,Morning,Thursday,False,Strong,312.0
ORD13614,Birnin Kebbi Hub,Argungu,70.1,Motorcycle,Paved,Clear,Low,Parcel,2,7.5,1.0,Midday,Saturday,True,Strong,101.4
ORD13615,Birnin Kebbi Hub,Jega,54.5,Keke (Tricycle),Paved,Clear,High,Food,0,3.0,2.6,Evening,Tuesday,False,Weak,178.5
ORD13616,Birnin Kebbi Hub,Bunza,44.4,Van,Unpaved,Clear,Low,Parcel,2,10.5,0.4,Afternoon,Tuesday,False,Strong,110.8
ORD13617,Birnin Kebbi Hub,Birnin Kebbi,3.5,Keke (Tricycle),Paved,Rain,Low,Parcel,0,0.5,1.2,Midday,Thursday,False,Weak,13.8
ORD13618,Birnin Kebbi Hub,Birnin Kebbi,8.2,Keke (Tricycle),Paved,Clear,High,Food,0,10.8,3.3,Morning,Sunday,True,Strong,45.0
ORD13619,Birnin Kebbi Hub,Kamba,105.8,Motorcycle,Unpaved,Clear,Low,Food,0,2.5,2.8,Afternoon,Wednesday,False,Weak,221.6
ORD13620,Birnin Kebbi Hub,Bunza,32.6,Truck,Unpaved,Rain,Low,Parcel,0,4.1,3.3,Evening,Saturday,True,Weak,134.2
ORD13621,Birnin Kebbi Hub,Yauri,163.1,Motorcycle,Unpaved,Clear,Medium,Bulk Goods,0,27.6,1.2,Midday,Tuesday,False,No Signal,448.5
ORD13622,Birnin Kebbi Hub,Birnin Kebbi,5.3,Motorcycle,Paved,Harmattan Dust,Low,Food,1,0.3,3.3,Morning,Wednesday,False,Strong,31.5
ORD13623,Birnin Kebbi Hub,Argungu,64.9,Motorcycle,Paved,Clear,High,Food,2,2.8,4.4,Morning,Monday,False,Strong,155.7
ORD13624,Birnin Kebbi Hub,Bunza,44.1,Motorcycle,Paved,Clear,Medium,Parcel,3,0.2,0.5,Morning,Saturday,True,No Signal,98.1
ORD13625,Birnin Kebbi Hub,Zuru,179.0,Motorcycle,Paved,Clear,Medium,Parcel,0,7.9,1.8,Evening,Tuesday,False,No Signal,261.0
ORD13626,Birnin Kebbi Hub,Argungu,77.2,Van,Paved,Harmattan Dust,Medium,Documents,2,2.1,2.9,Midday,Saturday,True,Weak,158.3
ORD13627,Birnin Kebbi Hub,Zuru,155.2,Motorcycle,Paved,Clear,Medium,Food,0,4.2,1.0,Midday,Saturday,True,Weak,225.3
ORD13628,Birnin Kebbi Hub,Argungu,64.4,Truck,Unpaved,Clear,Low,Parcel,0,0.7,2.4,Midday,Monday,False,No Signal,175.7
ORD13629,Birnin Kebbi Hub,Kamba,126.4,Motorcycle,Unpaved,Clear,Low,Parcel,0,1.1,2.9,Afternoon,Friday,False,Strong,268.3
ORD13630,Birnin Kebbi Hub,Bunza,39.3,Motorcycle,Paved,Clear,Medium,Parcel,0,5.1,2.2,Afternoon,Friday,False,No Signal,78.1
ORD13631,Birnin Kebbi Hub,Zuru,205.2,Motorcycle,Unpaved,Rain,Medium,Parcel,3,7.0,3.9,Afternoon,Sunday,True,Weak,809.1
ORD13632,Birnin Kebbi Hub,Jega,54.5,Keke (Tricycle),Unpaved,Clear,Low,Parcel,0,3.5,2.7,Evening,Thursday,False,Weak,181.5
ORD13633,Birnin Kebbi Hub,Yauri,198.1,Motorcycle,Paved,Clear,Medium,Parcel,0,6.5,1.8,Morning,Saturday,True,Strong,283.9
ORD13634,Birnin Kebbi Hub,Bunza,49.2,Keke (Tricycle),Paved,Rain,Low,Documents,0,8.4,3.2,Midday,Sunday,True,Weak,153.2
ORD13635,Birnin Kebbi Hub,Zuru,202.3,Keke (Tricycle),Unpaved,Harmattan Dust,Low,Documents,2,3.9,7.3,Afternoon,Friday,False,Weak,816.5
ORD13636,Birnin Kebbi Hub,Bunza,43.8,Motorcycle,Paved,Harmattan Dust,Medium,Parcel,2,10.6,0.9,Morning,Wednesday,False,Weak,106.2
ORD13637,Birnin Kebbi Hub,Argungu,64.2,Motorcycle,Unpaved,Clear,Low,Bulk Goods,0,43.8,0.8,Midday,Thursday,False,Weak,165.9
ORD13638,Birnin Kebbi Hub,Birnin Kebbi,1.9,Motorcycle,Paved,Harmattan Dust,Medium,Parcel,0,9.3,0.5,Midday,Saturday,True,Weak,22.1
ORD13639,Birnin Kebbi Hub,Bunza,35.0,Truck,Unpaved,Rain,Medium,Parcel,0,6.9,0.8,Afternoon,Tuesday,False,Weak,177.6
ORD13640,Birnin Kebbi Hub,Bunza,52.4,Motorcycle,Unpaved,Clear,High,Parcel,2,5.1,0.9,Evening,Monday,False,No Signal,225.7
ORD13641,Birnin Kebbi Hub,Argungu,66.3,Van,Unpaved,Clear,High,Documents,2,1.5,3.7,Morning,Wednesday,False,Strong,242.5
ORD13642,Birnin Kebbi Hub,Zuru,158.6,Keke (Tricycle),Unpaved,Clear,Low,Parcel,1,1.8,0.6,Morning,Thursday,False,Strong,518.6
ORD13643,Birnin Kebbi Hub,Argungu,60.6,Motorcycle,Paved,Clear,Low,Parcel,4,0.9,3.1,Morning,Saturday,True,Strong,93.2
ORD13644,Birnin Kebbi Hub,Yauri,187.9,Van,Paved,Clear,Low,Bulk Goods,0,50.5,3.9,Midday,Saturday,True,Strong,200.7
ORD13645,Birnin Kebbi Hub,Argungu,67.6,Keke (Tricycle),Unpaved,Rain,Medium,Food,0,0.5,7.8,Morning,Monday,False,Strong,410.5
ORD13646,Birnin Kebbi Hub,Kamba,136.2,Keke (Tricycle),Unpaved,Harmattan Dust,Medium,Bulk Goods,1,35.2,4.1,Evening,Tuesday,False,No Signal,699.2
ORD13647,Birnin Kebbi Hub,Zuru,175.3,Keke (Tricycle),Unpaved,Harmattan Dust,Medium,Bulk Goods,0,39.0,0.4,Evening,Friday,False,Strong,891.3
ORD13648,Birnin Kebbi Hub,Bunza,38.6,Motorcycle,Unpaved,Rain,Low,Food,0,1.0,4.7,Morning,Friday,False,Weak,132.0
ORD13649,Birnin Kebbi Hub,Bunza,45.4,Motorcycle,Unpaved,Clear,Low,Parcel,0,1.1,4.2,Morning,Tuesday,False,Strong,103.7
ORD13650,Birnin Kebbi Hub,Birnin Kebbi,7.7,Keke (Tricycle),Paved,Harmattan Dust,Medium,Bulk Goods,1,22.5,2.4,Morning,Wednesday,False,Strong,66.8
ORD13651,Birnin Kebbi Hub,Zuru,185.3,Motorcycle,Unpaved,Clear,Medium,Parcel,4,6.3,6.5,Afternoon,Thursday,False,No Signal,498.4
ORD13652,Birnin Kebbi Hub,Kamba,160.7,Keke (Tricycle),Paved,Clear,Low,Food,0,1.4,4.4,Midday,Friday,False,Weak,283.5
ORD13653,Birnin Kebbi Hub,Jega,47.0,Motorcycle,Unpaved,Clear,Low,Parcel,0,3.5,3.5,Midday,Sunday,True,Strong,115.2
ORD13654,Birnin Kebbi Hub,Birnin Kebbi,3.6,Keke (Tricycle),Paved,Harmattan Dust,High,Food,2,0.7,1.8,Midday,Wednesday,False,No Signal,40.9
ORD13655,Birnin Kebbi Hub,Birnin Kebbi,6.1,Van,Paved,Clear,Low,Food,1,13.1,2.2,Morning,Sunday,True,Strong,40.3
ORD13656,Birnin Kebbi Hub,Jega,40.6,Motorcycle,Paved,Rain,Low,Bulk Goods,0,36.8,5.6,Morning,Friday,False,No Signal,95.9
ORD13657,Birnin Kebbi Hub,Birnin Kebbi,4.5,Motorcycle,Paved,Rain,Medium,Documents,1,7.0,1.7,Evening,Tuesday,False,Weak,27.5
ORD13658,Birnin Kebbi Hub,Jega,45.8,Keke (Tricycle),Paved,Clear,Low,Parcel,2,0.5,1.9,Midday,Saturday,True,Weak,112.3
ORD13659,Birnin Kebbi Hub,Bunza,46.5,Motorcycle,Unpaved,Clear,High,Parcel,0,1.6,0.5,Evening,Saturday,True,No Signal,193.1
ORD13660,Birnin Kebbi Hub,Birnin Kebbi,7.1,Motorcycle,Paved,Clear,Medium,Bulk Goods,1,23.0,4.3,Morning,Sunday,True,Strong,42.4
ORD13661,Birnin Kebbi Hub,Jega,59.3,Keke (Tricycle),Paved,Harmattan Dust,Medium,Parcel,0,1.3,5.2,Morning,Saturday,True,No Signal,179.7
ORD13662,Birnin Kebbi Hub,Zuru,206.9,Motorcycle,Paved,Clear,Medium,Bulk Goods,4,28.9,1.0,Midday,Friday,False,Weak,326.9
ORD13663,Birnin Kebbi Hub,Aliero,42.3,Motorcycle,Paved,Clear,Medium,Parcel,0,4.8,4.3,Afternoon,Sunday,True,No Signal,95.8
ORD13664,Birnin Kebbi Hub,Zuru,187.2,Motorcycle,Paved,Clear,High,Parcel,1,0.9,0.9,Morning,Tuesday,False,Weak,400.3
ORD13665,Birnin Kebbi Hub,Yauri,150.8,Motorcycle,Unpaved,Clear,Medium,Parcel,0,3.7,8.1,Midday,Sunday,True,Strong,373.2
ORD13666,Birnin Kebbi Hub,Birnin Kebbi,6.5,Keke (Tricycle),Paved,Harmattan Dust,High,Food,0,1.8,0.8,Morning,Thursday,False,No Signal,38.4
ORD13667,Birnin Kebbi Hub,Argungu,75.9,Motorcycle,Unpaved,Clear,Low,Parcel,0,0.4,5.5,Evening,Sunday,True,Weak,160.6
ORD13668,Birnin Kebbi Hub,Zuru,203.6,Keke (Tricycle),Paved,Clear,Medium,Food,0,1.4,8.1,Midday,Sunday,True,Strong,444.4
ORD13669,Birnin Kebbi Hub,Birnin Kebbi,7.5,Motorcycle,Unpaved,Clear,High,Parcel,0,6.7,6.9,Midday,Monday,False,Strong,33.9
ORD13670,Birnin Kebbi Hub,Aliero,29.8,Keke (Tricycle),Paved,Harmattan Dust,Medium,Parcel,2,0.4,1.6,Morning,Sunday,True,Weak,112.5
ORD13671,Birnin Kebbi Hub,Bunza,37.9,Van,Paved,Clear,Low,Bulk Goods,4,33.2,3.5,Morning,Friday,False,Weak,90.6
ORD13672,Birnin Kebbi Hub,Jega,53.1,Truck,Unpaved,Rain,High,Parcel,0,16.8,2.8,Midday,Wednesday,False,Weak,376.8
ORD13673,Birnin Kebbi Hub,Argungu,60.6,Keke (Tricycle),Paved,Clear,High,Food,0,8.5,3.7,Afternoon,Thursday,False,Weak,197.5
ORD13674,Birnin Kebbi Hub,Bunza,39.9,Van,Unpaved,Clear,Low,Documents,1,9.9,4.0,Morning,Sunday,True,Weak,105.1
ORD13675,Birnin Kebbi Hub,Aliero,33.7,Motorcycle,Unpaved,Clear,High,Food,2,10.7,7.0,Morning,Friday,False,Weak,149.9
ORD13676,Birnin Kebbi Hub,Kamba,187.0,Motorcycle,Unpaved,Clear,Medium,Bulk Goods,0,38.3,1.9,Morning,Saturday,True,Strong,508.5
ORD13677,Birnin Kebbi Hub,Bunza,38.9,Keke (Tricycle),Paved,Clear,Low,Bulk Goods,2,31.1,2.4,Evening,Sunday,True,Weak,108.7
ORD13678,Birnin Kebbi Hub,Argungu,59.2,Motorcycle,Paved,Harmattan Dust,Medium,Food,0,1.8,1.8,Morning,Friday,False,Weak,121.4
ORD13679,Birnin Kebbi Hub,Argungu,65.9,Motorcycle,Paved,Clear,Low,Parcel,0,7.5,1.3,Evening,Friday,False,Weak,86.1
ORD13680,Birnin Kebbi Hub,Jega,59.4,Keke (Tricycle),Unpaved,Clear,Medium,Food,0,1.3,1.5,Evening,Thursday,False,Strong,239.2
ORD13681,Birnin Kebbi Hub,Birnin Kebbi,5.8,Motorcycle,Paved,Rain,Medium,Food,2,3.8,2.6,Morning,Monday,False,Weak,42.6
ORD13682,Birnin Kebbi Hub,Bunza,54.6,Motorcycle,Paved,Harmattan Dust,Medium,Bulk Goods,2,38.8,1.0,Afternoon,Tuesday,False,No Signal,145.7
ORD13683,Birnin Kebbi Hub,Argungu,62.1,Keke (Tricycle),Unpaved,Clear,Low,Parcel,4,1.0,0.8,Morning,Wednesday,False,No Signal,236.7
ORD13684,Birnin Kebbi Hub,Argungu,81.2,Keke (Tricycle),Unpaved,Rain,Low,Parcel,1,2.6,2.7,Morning,Saturday,True,Strong,403.4
ORD13685,Birnin Kebbi Hub,Kamba,154.8,Motorcycle,Unpaved,Rain,Medium,Parcel,0,0.5,3.0,Morning,Friday,False,Weak,611.0
ORD13686,Birnin Kebbi Hub,Kamba,120.1,Keke (Tricycle),Paved,Clear,Low,Parcel,0,1.4,3.5,Morning,Monday,False,Strong,221.1
ORD13687,Birnin Kebbi Hub,Birnin Kebbi,6.8,Motorcycle,Paved,Rain,High,Food,1,6.2,2.6,Afternoon,Thursday,False,Strong,35.4
ORD13688,Birnin Kebbi Hub,Bunza,42.1,Motorcycle,Paved,Harmattan Dust,Low,Parcel,0,1.8,2.9,Afternoon,Sunday,True,Strong,80.7
ORD13689,Birnin Kebbi Hub,Birnin Kebbi,6.6,Keke (Tricycle),Paved,Clear,High,Food,0,1.1,4.2,Midday,Thursday,False,Strong,22.7
ORD13690,Birnin Kebbi Hub,Argungu,63.4,Motorcycle,Paved,Clear,Low,Documents,0,8.4,5.3,Midday,Friday,False,No Signal,88.2
ORD13691,Birnin Kebbi Hub,Jega,49.5,Keke (Tricycle),Unpaved,Clear,Medium,Parcel,0,0.2,4.9,Evening,Sunday,True,Strong,195.7
ORD13692,Birnin Kebbi Hub,Birnin Kebbi,6.4,Motorcycle,Paved,Harmattan Dust,Low,Parcel,0,0.3,2.4,Afternoon,Saturday,True,Weak,32.3
ORD13693,Birnin Kebbi Hub,Argungu,54.1,Motorcycle,Unpaved,Rain,High,Parcel,0,4.7,3.0,Evening,Thursday,False,Strong,311.4
ORD13694,Birnin Kebbi Hub,Bunza,47.4,Van,Unpaved,Rain,High,Parcel,4,0.7,0.5,Afternoon,Friday,False,Weak,294.9
ORD13695,Birnin Kebbi Hub,Birnin Kebbi,7.1,Van,Paved,Clear,Medium,Food,3,0.6,1.1,Evening,Saturday,True,Weak,51.8
ORD13696,Birnin Kebbi Hub,Yauri,147.6,Keke (Tricycle),Unpaved,Harmattan Dust,Low,Food,1,7.1,2.6,Afternoon,Thursday,False,Strong,591.0
ORD13697,Birnin Kebbi Hub,Birnin Kebbi,7.2,Motorcycle,Paved,Clear,Medium,Documents,0,3.1,3.0,Evening,Saturday,True,Weak,16.7
ORD13698,Birnin Kebbi Hub,Birnin Kebbi,2.9,Keke (Tricycle),Unpaved,Rain,Medium,Food,2,2.9,2.5,Afternoon,Tuesday,False,Weak,46.9
ORD13699,Birnin Kebbi Hub,Birnin Kebbi,6.4,Keke (Tricycle),Unpaved,Clear,High,Food,0,0.2,3.4,Evening,Friday,False,Weak,39.6
ORD13700,Birnin Kebbi Hub,Bunza,34.4,Motorcycle,Paved,Clear,Low,Food,0,6.5,3.5,Evening,Wednesday,False,Weak,56.8
ORD13701,Birnin Kebbi Hub,Jega,51.4,Motorcycle,Paved,Clear,Low,Parcel,2,4.5,4.6,Afternoon,Saturday,True,Weak,78.5
ORD13702,Birnin Kebbi Hub,Bunza,45.9,Keke (Tricycle),Paved,Rain,Medium,Documents,1,19.2,5.3,Morning,Wednesday,False,Weak,175.1
ORD13703,Birnin Kebbi Hub,Zuru,176.5,Keke (Tricycle),Paved,Harmattan Dust,Medium,Food,1,3.4,3.2,Evening,Saturday,True,Weak,492.1
ORD13704,Birnin Kebbi Hub,Zuru,172.5,Van,Paved,Rain,Medium,Documents,0,0.2,1.6,Morning,Monday,False,Weak,347.5
ORD13705,Birnin Kebbi Hub,Birnin Kebbi,2.9,Motorcycle,Paved,Harmattan Dust,Low,Food,0,7.4,3.8,Morning,Monday,False,Weak,25.8
ORD13706,Birnin Kebbi Hub,Birnin Kebbi,3.7,Motorcycle,Paved,Rain,Low,Parcel,0,7.6,4.8,Afternoon,Saturday,True,Strong,38.9
ORD13707,Birnin Kebbi Hub,Bunza,51.1,Van,Unpaved,Clear,Low,Parcel,0,5.1,2.7,Evening,Sunday,True,Strong,97.7
ORD13708,Birnin Kebbi Hub,Yauri,174.9,Motorcycle,Paved,Rain,Low,Parcel,0,10.7,3.8,Evening,Thursday,False,Strong,312.7
ORD13709,Birnin Kebbi Hub,Aliero,26.8,Van,Paved,Clear,Low,Food,0,3.2,2.8,Morning,Sunday,True,No Signal,55.7
ORD13710,Birnin Kebbi Hub,Birnin Kebbi,8.2,Keke (Tricycle),Paved,Harmattan Dust,Low,Food,1,6.5,4.4,Afternoon,Saturday,True,Weak,47.5
ORD13711,Birnin Kebbi Hub,Argungu,70.3,Motorcycle,Paved,Harmattan Dust,High,Bulk Goods,2,22.2,3.2,Evening,Wednesday,False,Weak,197.4
ORD13712,Birnin Kebbi Hub,Birnin Kebbi,4.2,Motorcycle,Paved,Clear,Low,Parcel,2,3.9,6.1,Morning,Saturday,True,Strong,40.9
ORD13713,Birnin Kebbi Hub,Kamba,136.2,Truck,Unpaved,Rain,Low,Parcel,2,1.3,2.9,Evening,Friday,False,Strong,532.2
ORD13714,Birnin Kebbi Hub,Aliero,39.6,Motorcycle,Unpaved,Clear,Medium,Bulk Goods,0,32.1,2.2,Midday,Friday,False,Strong,123.6
ORD13715,Birnin Kebbi Hub,Argungu,57.3,Motorcycle,Unpaved,Clear,Medium,Parcel,0,0.5,4.4,Afternoon,Monday,False,Weak,152.4
ORD13716,Birnin Kebbi Hub,Argungu,53.1,Motorcycle,Paved,Clear,Low,Food,0,8.1,1.7,Evening,Sunday,True,No Signal,85.8
ORD13717,Birnin Kebbi Hub,Aliero,34.6,Keke (Tricycle),Paved,Rain,High,Bulk Goods,3,22.6,2.3,Morning,Thursday,False,Strong,207.0
ORD13718,Birnin Kebbi Hub,Bunza,43.8,Motorcycle,Paved,Rain,Low,Food,2,11.6,1.7,Morning,Wednesday,False,Weak,97.6
ORD13719,Birnin Kebbi Hub,Kamba,167.9,Van,Paved,Clear,Low,Documents,2,2.6,2.5,Midday,Monday,False,Strong,198.5
ORD13720,Birnin Kebbi Hub,Aliero,44.1,Van,Unpaved,Clear,Low,Parcel,1,2.7,4.2,Evening,Friday,False,Weak,101.1
ORD13721,Birnin Kebbi Hub,Aliero,35.5,Truck,Paved,Clear,Medium,Food,0,1.9,6.2,Midday,Sunday,True,Strong,62.1
ORD13722,Birnin Kebbi Hub,Argungu,55.1,Keke (Tricycle),Paved,Rain,Medium,Bulk Goods,0,24.2,0.3,Evening,Monday,False,Strong,204.1
ORD13723,Birnin Kebbi Hub,Jega,53.1,Keke (Tricycle),Paved,Clear,Medium,Food,1,2.3,3.2,Midday,Monday,False,Strong,121.4
ORD13724,Birnin Kebbi Hub,Zuru,157.2,Motorcycle,Paved,Clear,Medium,Parcel,0,1.2,3.9,Midday,Sunday,True,Weak,212.1
ORD13725,Birnin Kebbi Hub,Kamba,104.9,Motorcycle,Paved,Clear,High,Food,1,6.6,0.3,Evening,Friday,False,No Signal,217.3
ORD13726,Birnin Kebbi Hub,Jega,55.7,Keke (Tricycle),Unpaved,Rain,Medium,Food,0,4.7,2.4,Evening,Wednesday,False,Strong,348.7
ORD13727,Birnin Kebbi Hub,Bunza,45.8,Truck,Paved,Clear,High,Bulk Goods,2,29.7,0.6,Midday,Wednesday,False,Strong,146.7
ORD13728,Birnin Kebbi Hub,Yauri,197.0,Motorcycle,Unpaved,Clear,Medium,Parcel,0,1.5,1.3,Morning,Friday,False,No Signal,510.6
ORD13729,Birnin Kebbi Hub,Argungu,61.6,Keke (Tricycle),Paved,Clear,Medium,Parcel,0,14.8,1.0,Afternoon,Wednesday,False,Weak,151.1
ORD13730,Birnin Kebbi Hub,Birnin Kebbi,2.0,Motorcycle,Paved,Clear,High,Parcel,1,5.9,3.9,Evening,Friday,False,Strong,24.8
ORD13731,Birnin Kebbi Hub,Zuru,147.2,Van,Paved,Clear,Medium,Documents,0,0.2,5.5,Midday,Friday,False,Strong,188.8
ORD13732,Birnin Kebbi Hub,Kamba,128.4,Van,Unpaved,Clear,High,Food,0,11.7,2.4,Evening,Saturday,True,Weak,436.0
ORD13733,Birnin Kebbi Hub,Bunza,34.6,Van,Paved,Harmattan Dust,Medium,Parcel,1,7.2,7.9,Morning,Wednesday,False,Strong,73.5
ORD13734,Birnin Kebbi Hub,Argungu,70.6,Motorcycle,Paved,Rain,Medium,Food,1,3.8,2.7,Midday,Thursday,False,Weak,157.5
ORD13735,Birnin Kebbi Hub,Bunza,43.8,Motorcycle,Unpaved,Clear,High,Food,1,0.2,2.4,Morning,Sunday,True,Strong,174.9
ORD13736,Birnin Kebbi Hub,Zuru,199.6,Motorcycle,Paved,Harmattan Dust,Low,Bulk Goods,0,25.2,4.8,Evening,Friday,False,Weak,304.8
ORD13737,Birnin Kebbi Hub,Bunza,31.2,Truck,Paved,Harmattan Dust,Medium,Food,2,0.2,3.2,Midday,Thursday,False,Weak,98.7
ORD13738,Birnin Kebbi Hub,Zuru,161.5,Motorcycle,Unpaved,Clear,High,Documents,0,0.4,2.0,Evening,Friday,False,Weak,593.7
ORD13739,Birnin Kebbi Hub,Bunza,45.2,Motorcycle,Unpaved,Rain,Low,Parcel,3,1.5,3.7,Evening,Thursday,False,Weak,165.8
ORD13740,Birnin Kebbi Hub,Argungu,62.0,Motorcycle,Paved,Clear,Medium,Food,3,1.9,0.9,Evening,Tuesday,False,Weak,118.5
ORD13741,Birnin Kebbi Hub,Birnin Kebbi,6.5,Motorcycle,Paved,Clear,Medium,Food,1,1.3,1.1,Evening,Monday,False,Weak,27.3
ORD13742,Birnin Kebbi Hub,Kamba,144.0,Van,Unpaved,Clear,Low,Food,3,2.5,1.9,Morning,Saturday,True,Strong,308.3
ORD13743,Birnin Kebbi Hub,Argungu,55.8,Motorcycle,Unpaved,Clear,Medium,Documents,0,2.0,0.7,Morning,Tuesday,False,Strong,165.1
ORD13744,Birnin Kebbi Hub,Argungu,65.8,Truck,Unpaved,Rain,Medium,Parcel,1,1.0,2.1,Midday,Wednesday,False,Weak,327.5
ORD13745,Birnin Kebbi Hub,Jega,55.8,Van,Unpaved,Harmattan Dust,Medium,Parcel,0,1.4,0.7,Afternoon,Tuesday,False,Strong,165.7
ORD13746,Birnin Kebbi Hub,Zuru,155.3,Truck,Paved,Rain,Low,Parcel,1,13.9,1.8,Afternoon,Wednesday,False,Strong,340.5
ORD13747,Birnin Kebbi Hub,Birnin Kebbi,7.3,Keke (Tricycle),Paved,Clear,High,Parcel,0,0.8,4.7,Evening,Wednesday,False,Weak,18.2
ORD13748,Birnin Kebbi Hub,Birnin Kebbi,7.2,Motorcycle,Paved,Clear,Medium,Parcel,2,3.1,2.7,Evening,Wednesday,False,No Signal,30.0
ORD13749,Birnin Kebbi Hub,Bunza,43.1,Motorcycle,Paved,Rain,Medium,Food,0,1.1,2.7,Morning,Thursday,False,Strong,106.6
ORD13750,Birnin Kebbi Hub,Birnin Kebbi,5.0,Keke (Tricycle),Paved,Clear,Low,Food,2,4.3,4.9,Evening,Wednesday,False,Weak,31.0
ORD13751,Birnin Kebbi Hub,Bunza,45.3,Keke (Tricycle),Unpaved,Rain,Medium,Food,0,1.8,3.4,Midday,Thursday,False,No Signal,282.9
ORD13752,Birnin Kebbi Hub,Jega,52.1,Motorcycle,Unpaved,Clear,Low,Parcel,1,0.9,2.8,Midday,Wednesday,False,Weak,107.2
ORD13753,Birnin Kebbi Hub,Bunza,42.3,Keke (Tricycle),Paved,Clear,Low,Food,3,1.0,1.3,Morning,Friday,False,Weak,107.0
ORD13754,Birnin Kebbi Hub,Bunza,49.3,Motorcycle,Paved,Clear,Low,Parcel,0,1.3,3.6,Midday,Sunday,True,Weak,74.8
ORD13755,Birnin Kebbi Hub,Bunza,52.0,Keke (Tricycle),Paved,Harmattan Dust,Low,Parcel,0,0.2,1.9,Evening,Wednesday,False,Weak,120.9
ORD13756,Birnin Kebbi Hub,Kamba,119.2,Keke (Tricycle),Paved,Clear,Low,Food,0,0.7,2.3,Afternoon,Tuesday,False,Strong,223.2
ORD13757,Birnin Kebbi Hub,Bunza,46.8,Motorcycle,Unpaved,Clear,High,Bulk Goods,2,22.3,0.7,Afternoon,Thursday,False,Strong,211.5
ORD13758,Birnin Kebbi Hub,Birnin Kebbi,6.4,Keke (Tricycle),Paved,Rain,Low,Bulk Goods,1,35.2,1.1,Midday,Thursday,False,Strong,54.5
ORD13759,Birnin Kebbi Hub,Birnin Kebbi,5.5,Truck,Paved,Harmattan Dust,Medium,Bulk Goods,0,28.2,0.3,Morning,Monday,False,Weak,32.1
ORD13760,Birnin Kebbi Hub,Zuru,171.1,Motorcycle,Unpaved,Clear,Low,Parcel,0,8.6,0.5,Midday,Thursday,False,Weak,353.5
ORD13761,Birnin Kebbi Hub,Zuru,179.9,Motorcycle,Paved,Clear,Low,Food,0,0.2,1.2,Morning,Saturday,True,Weak,218.0
ORD13762,Birnin Kebbi Hub,Jega,58.5,Keke (Tricycle),Unpaved,Rain,Low,Parcel,3,0.2,4.0,Afternoon,Friday,False,Weak,305.7
ORD13763,Birnin Kebbi Hub,Zuru,180.6,Keke (Tricycle),Unpaved,Clear,High,Food,0,2.8,11.6,Afternoon,Wednesday,False,Weak,1038.5
ORD13764,Birnin Kebbi Hub,Aliero,28.3,Truck,Paved,Rain,Low,Parcel,0,4.8,1.2,Morning,Saturday,True,No Signal,88.6
ORD13765,Birnin Kebbi Hub,Jega,55.5,Motorcycle,Unpaved,Clear,Medium,Documents,0,11.0,5.3,Afternoon,Tuesday,False,Strong,161.7
ORD13766,Birnin Kebbi Hub,Birnin Kebbi,5.7,Keke (Tricycle),Paved,Rain,Low,Food,0,2.4,5.2,Midday,Wednesday,False,Weak,29.7
ORD13767,Birnin Kebbi Hub,Birnin Kebbi,6.7,Van,Paved,Harmattan Dust,Medium,Documents,4,3.8,5.8,Morning,Monday,False,Weak,64.7
ORD13768,Birnin Kebbi Hub,Jega,72.5,Motorcycle,Unpaved,Clear,Medium,Documents,1,9.0,3.1,Afternoon,Monday,False,Strong,206.8
ORD13769,Birnin Kebbi Hub,Zuru,203.9,Keke (Tricycle),Paved,Rain,Low,Parcel,0,9.4,2.3,Morning,Tuesday,False,Strong,565.7
ORD13770,Birnin Kebbi Hub,Jega,51.2,Motorcycle,Paved,Clear,Medium,Documents,1,2.3,1.4,Evening,Friday,False,Strong,74.0
ORD13771,Birnin Kebbi Hub,Argungu,62.1,Keke (Tricycle),Paved,Clear,Low,Parcel,0,1.3,5.6,Evening,Wednesday,False,Strong,112.1
ORD13772,Birnin Kebbi Hub,Aliero,26.1,Motorcycle,Paved,Clear,High,Parcel,0,10.1,3.1,Morning,Friday,False,Weak,78.6
ORD13773,Birnin Kebbi Hub,Argungu,57.5,Motorcycle,Paved,Clear,Low,Food,1,2.5,2.1,Midday,Monday,False,Weak,82.8
ORD13774,Birnin Kebbi Hub,Jega,51.0,Van,Paved,Clear,Low,Food,0,10.7,1.1,Morning,Sunday,True,No Signal,78.3
ORD13775,Birnin Kebbi Hub,Argungu,70.8,Motorcycle,Paved,Harmattan Dust,Low,Bulk Goods,2,25.6,1.0,Morning,Friday,False,No Signal,142.4
ORD13776,Birnin Kebbi Hub,Aliero,35.8,Motorcycle,Paved,Clear,Medium,Bulk Goods,0,42.5,1.6,Midday,Saturday,True,Strong,80.5
ORD13777,Birnin Kebbi Hub,Kamba,136.1,Truck,Paved,Clear,Medium,Parcel,0,0.2,4.3,Morning,Tuesday,False,Strong,238.2
ORD13778,Birnin Kebbi Hub,Jega,54.1,Motorcycle,Paved,Clear,High,Food,1,0.3,0.9,Evening,Monday,False,Strong,115.9
ORD13779,Birnin Kebbi Hub,Birnin Kebbi,9.7,Van,Unpaved,Rain,Low,Parcel,2,6.7,2.9,Evening,Thursday,False,Strong,48.1
ORD13780,Birnin Kebbi Hub,Birnin Kebbi,5.0,Van,Paved,Clear,High,Food,0,4.7,1.3,Afternoon,Wednesday,False,Weak,32.3
ORD13781,Birnin Kebbi Hub,Birnin Kebbi,7.5,Keke (Tricycle),Unpaved,Rain,Low,Food,0,2.6,0.1,Evening,Saturday,True,Strong,48.4
ORD13782,Birnin Kebbi Hub,Argungu,71.2,Keke (Tricycle),Paved,Clear,Low,Parcel,3,11.3,0.5,Midday,Saturday,True,Strong,158.7
ORD13783,Birnin Kebbi Hub,Birnin Kebbi,3.9,Keke (Tricycle),Paved,Clear,Low,Bulk Goods,0,20.6,4.2,Midday,Sunday,True,Strong,16.5
ORD13784,Birnin Kebbi Hub,Jega,53.3,Keke (Tricycle),Unpaved,Harmattan Dust,High,Parcel,1,2.3,4.4,Midday,Tuesday,False,Weak,391.4
ORD13785,Birnin Kebbi Hub,Birnin Kebbi,5.2,Keke (Tricycle),Paved,Harmattan Dust,High,Parcel,0,3.3,3.8,Afternoon,Tuesday,False,Strong,33.4
ORD13786,Birnin Kebbi Hub,Kamba,127.3,Truck,Unpaved,Rain,Low,Parcel,1,1.0,1.3,Afternoon,Tuesday,False,Weak,508.4
ORD13787,Birnin Kebbi Hub,Argungu,70.5,Motorcycle,Paved,Clear,Low,Parcel,0,23.5,3.3,Midday,Wednesday,False,No Signal,100.5
ORD13788,Birnin Kebbi Hub,Birnin Kebbi,5.1,Van,Paved,Rain,High,Parcel,0,3.4,1.2,Morning,Wednesday,False,Strong,34.3
ORD13789,Birnin Kebbi Hub,Zuru,189.4,Van,Paved,Rain,Low,Parcel,2,5.1,10.5,Evening,Thursday,False,Strong,312.9
ORD13790,Birnin Kebbi Hub,Birnin Kebbi,4.9,Keke (Tricycle),Paved,Rain,High,Food,2,3.4,9.5,Midday,Saturday,True,Strong,44.3
ORD13791,Birnin Kebbi Hub,Argungu,59.0,Van,Paved,Rain,Medium,Parcel,0,4.8,3.5,Morning,Tuesday,False,Strong,122.5
ORD13792,Birnin Kebbi Hub,Birnin Kebbi,4.1,Truck,Paved,Harmattan Dust,Medium,Bulk Goods,1,34.5,2.0,Morning,Friday,False,Weak,39.8
ORD13793,Birnin Kebbi Hub,Birnin Kebbi,6.9,Van,Paved,Harmattan Dust,Medium,Documents,0,1.2,3.4,Evening,Saturday,True,Strong,20.7
ORD13794,Birnin Kebbi Hub,Yauri,137.2,Motorcycle,Paved,Rain,Medium,Food,1,3.1,6.5,Morning,Wednesday,False,No Signal,304.0
ORD13795,Birnin Kebbi Hub,Birnin Kebbi,7.6,Motorcycle,Paved,Clear,Medium,Bulk Goods,0,19.8,0.6,Evening,Sunday,True,Strong,50.3
ORD13796,Birnin Kebbi Hub,Aliero,33.0,Van,Unpaved,Harmattan Dust,Medium,Food,0,0.7,4.5,Evening,Tuesday,False,No Signal,105.2
ORD13797,Birnin Kebbi Hub,Birnin Kebbi,1.5,Keke (Tricycle),Paved,Rain,Low,Food,0,5.1,4.1,Midday,Friday,False,No Signal,18.4
ORD13798,Birnin Kebbi Hub,Aliero,39.7,Motorcycle,Paved,Harmattan Dust,High,Parcel,2,2.2,3.0,Evening,Friday,False,Weak,118.1
ORD13799,Birnin Kebbi Hub,Yauri,183.4,Keke (Tricycle),Unpaved,Clear,Low,Documents,0,3.6,3.6,Afternoon,Tuesday,False,Strong,593.4
ORD13800,Birnin Kebbi Hub,Bunza,44.3,Motorcycle,Paved,Rain,High,Parcel,0,2.7,0.6,Afternoon,Sunday,True,Weak,150.3
ORD13801,Birnin Kebbi Hub,Birnin Kebbi,6.0,Keke (Tricycle),Paved,Rain,Low,Parcel,3,2.2,3.0,Afternoon,Saturday,True,Weak,44.9
ORD13802,Birnin Kebbi Hub,Jega,58.8,Truck,Unpaved,Clear,High,Food,0,3.0,10.4,Midday,Saturday,True,Weak,280.4
ORD13803,Birnin Kebbi Hub,Birnin Kebbi,7.1,Motorcycle,Paved,Harmattan Dust,Low,Bulk Goods,0,21.2,2.3,Morning,Sunday,True,Weak,32.1
ORD13804,Birnin Kebbi Hub,Birnin Kebbi,3.4,Motorcycle,Paved,Clear,Low,Bulk Goods,1,19.5,1.2,Morning,Thursday,False,Weak,46.0
ORD13805,Birnin Kebbi Hub,Yauri,152.5,Motorcycle,Unpaved,Harmattan Dust,Low,Parcel,1,1.3,0.0,Evening,Tuesday,False,Weak,389.9
ORD13806,Birnin Kebbi Hub,Birnin Kebbi,3.8,Motorcycle,Paved,Harmattan Dust,Low,Food,1,1.6,1.5,Evening,Thursday,False,Strong,14.9
ORD13807,Birnin Kebbi Hub,Bunza,37.8,Motorcycle,Unpaved,Clear,Low,Parcel,0,5.1,2.2,Midday,Friday,False,Strong,81.4
ORD13808,Birnin Kebbi Hub,Birnin Kebbi,4.5,Keke (Tricycle),Paved,Harmattan Dust,Low,Documents,0,0.6,1.0,Midday,Tuesday,False,Strong,14.1
ORD13809,Birnin Kebbi Hub,Birnin Kebbi,6.5,Motorcycle,Unpaved,Clear,Medium,Parcel,0,3.8,1.1,Afternoon,Sunday,True,Weak,48.9
ORD13810,Birnin Kebbi Hub,Bunza,49.3,Motorcycle,Paved,Clear,High,Parcel,3,3.4,3.6,Morning,Monday,False,Strong,130.2
ORD13811,Birnin Kebbi Hub,Jega,49.7,Motorcycle,Paved,Harmattan Dust,Low,Parcel,0,9.8,2.6,Morning,Saturday,True,Weak,98.3
ORD13812,Birnin Kebbi Hub,Birnin Kebbi,6.7,Van,Unpaved,Clear,Medium,Food,0,4.1,3.9,Afternoon,Tuesday,False,Strong,37.5
ORD13813,Birnin Kebbi Hub,Kamba,156.4,Keke (Tricycle),Unpaved,Harmattan Dust,Low,Food,2,8.2,2.1,Afternoon,Sunday,True,Strong,641.1
ORD13814,Birnin Kebbi Hub,Birnin Kebbi,3.2,Truck,Paved,Clear,Low,Bulk Goods,0,18.6,2.8,Midday,Tuesday,False,Strong,14.1
ORD13815,Birnin Kebbi Hub,Yauri,170.6,Keke (Tricycle),Paved,Clear,High,Bulk Goods,0,36.3,0.0,Evening,Friday,False,Weak,567.1
ORD13816,Birnin Kebbi Hub,Yauri,161.5,Van,Unpaved,Harmattan Dust,Low,Food,3,13.7,4.1,Afternoon,Thursday,False,Strong,413.7
ORD13817,Birnin Kebbi Hub,Birnin Kebbi,4.7,Keke (Tricycle),Paved,Rain,Low,Documents,1,2.6,1.3,Evening,Monday,False,Weak,29.7
ORD13818,Birnin Kebbi Hub,Birnin Kebbi,3.7,Motorcycle,Paved,Clear,High,Parcel,2,4.5,3.1,Midday,Saturday,True,No Signal,28.8
ORD13819,Birnin Kebbi Hub,Kamba,136.6,Motorcycle,Paved,Clear,Medium,Food,0,4.4,3.0,Afternoon,Wednesday,False,Strong,197.7
ORD13820,Birnin Kebbi Hub,Birnin Kebbi,4.5,Motorcycle,Paved,Harmattan Dust,Medium,Parcel,0,1.5,2.8,Morning,Friday,False,Strong,30.2
ORD13821,Birnin Kebbi Hub,Bunza,47.8,Motorcycle,Paved,Harmattan Dust,Low,Parcel,0,1.4,3.2,Evening,Tuesday,False,Strong,75.5
ORD13822,Birnin Kebbi Hub,Zuru,195.5,Motorcycle,Paved,Rain,Low,Food,1,1.2,2.5,Morning,Friday,False,Strong,346.2
ORD13823,Birnin Kebbi Hub,Argungu,70.3,Motorcycle,Unpaved,Clear,Medium,Documents,2,0.3,2.2,Evening,Saturday,True,Weak,197.4
ORD13824,Birnin Kebbi Hub,Zuru,176.5,Van,Unpaved,Rain,Medium,Food,1,3.6,4.5,Evening,Wednesday,False,Strong,628.8
ORD13825,Birnin Kebbi Hub,Argungu,63.8,Keke (Tricycle),Paved,Clear,Low,Bulk Goods,1,35.0,1.0,Evening,Friday,False,Weak,151.1
ORD13826,Birnin Kebbi Hub,Zuru,209.3,Motorcycle,Paved,Clear,Low,Food,0,12.7,1.4,Afternoon,Monday,False,Strong,248.6
ORD13827,Birnin Kebbi Hub,Yauri,168.5,Motorcycle,Unpaved,Clear,Medium,Parcel,0,6.8,8.0,Afternoon,Monday,False,Weak,431.2
ORD13828,Birnin Kebbi Hub,Bunza,46.0,Motorcycle,Unpaved,Clear,High,Food,0,12.1,1.4,Morning,Tuesday,False,Weak,193.5
ORD13829,Birnin Kebbi Hub,Bunza,42.5,Truck,Unpaved,Rain,High,Bulk Goods,0,23.7,0.9,Morning,Sunday,True,Strong,309.0
ORD13830,Birnin Kebbi Hub,Birnin Kebbi,3.3,Truck,Paved,Harmattan Dust,Medium,Parcel,1,5.8,2.3,Morning,Sunday,True,Weak,40.6
ORD13831,Birnin Kebbi Hub,Bunza,44.3,Motorcycle,Paved,Rain,Low,Food,0,11.2,4.3,Midday,Sunday,True,Strong,83.2
ORD13832,Birnin Kebbi Hub,Birnin Kebbi,6.0,Keke (Tricycle),Unpaved,Clear,High,Parcel,1,0.5,2.9,Morning,Friday,False,Strong,53.5
ORD13833,Birnin Kebbi Hub,Kamba,165.3,Keke (Tricycle),Paved,Clear,Low,Food,0,7.1,1.0,Afternoon,Friday,False,Strong,291.8
ORD13834,Birnin Kebbi Hub,Birnin Kebbi,6.5,Motorcycle,Paved,Clear,Medium,Parcel,1,1.3,2.2,Midday,Saturday,True,No Signal,29.1
ORD13835,Birnin Kebbi Hub,Birnin Kebbi,5.2,Keke (Tricycle),Paved,Clear,Low,Parcel,0,0.6,2.3,Afternoon,Sunday,True,No Signal,35.3
ORD13836,Birnin Kebbi Hub,Argungu,67.0,Motorcycle,Paved,Rain,Medium,Parcel,1,6.2,0.7,Evening,Saturday,True,Weak,168.2
ORD13837,Birnin Kebbi Hub,Argungu,63.2,Motorcycle,Unpaved,Clear,Medium,Parcel,0,0.3,2.3,Morning,Thursday,False,Weak,173.9
ORD13838,Birnin Kebbi Hub,Kamba,127.4,Motorcycle,Paved,Clear,Medium,Bulk Goods,0,11.6,2.1,Morning,Monday,False,Strong,193.6
ORD13839,Birnin Kebbi Hub,Argungu,72.2,Motorcycle,Unpaved,Clear,Low,Parcel,0,1.0,6.0,Midday,Friday,False,Strong,153.8
ORD13840,Birnin Kebbi Hub,Birnin Kebbi,2.8,Motorcycle,Unpaved,Clear,Low,Food,0,5.3,3.1,Afternoon,Saturday,True,Strong,19.9
ORD13841,Birnin Kebbi Hub,Kamba,150.8,Keke (Tricycle),Unpaved,Clear,Low,Parcel,0,14.3,5.1,Afternoon,Sunday,True,Strong,488.0
ORD13842,Birnin Kebbi Hub,Zuru,199.8,Motorcycle,Paved,Clear,Low,Parcel,0,2.6,1.8,Evening,Wednesday,False,Strong,229.6
ORD13843,Birnin Kebbi Hub,Argungu,57.2,Van,Unpaved,Clear,Medium,Parcel,2,3.4,5.2,Morning,Friday,False,No Signal,162.5
ORD13844,Birnin Kebbi Hub,Kamba,137.9,Motorcycle,Paved,Clear,Low,Bulk Goods,1,38.6,1.3,Evening,Wednesday,False,Strong,197.8
ORD13845,Birnin Kebbi Hub,Argungu,60.0,Keke (Tricycle),Unpaved,Clear,Low,Food,0,1.2,3.0,Evening,Wednesday,False,Strong,188.3
ORD13846,Birnin Kebbi Hub,Aliero,36.3,Motorcycle,Paved,Clear,Low,Bulk Goods,0,28.8,2.7,Morning,Sunday,True,Weak,78.1
ORD13847,Birnin Kebbi Hub,Birnin Kebbi,8.1,Motorcycle,Unpaved,Clear,High,Parcel,1,0.2,0.6,Midday,Thursday,False,Weak,43.9
ORD13848,Birnin Kebbi Hub,Yauri,170.2,Keke (Tricycle),Paved,Clear,Medium,Parcel,0,3.2,2.0,Afternoon,Sunday,True,Weak,393.9
ORD13849,Birnin Kebbi Hub,Yauri,163.7,Keke (Tricycle),Paved,Clear,Medium,Parcel,4,9.0,1.5,Morning,Tuesday,False,Strong,393.8
ORD13850,Birnin Kebbi Hub,Bunza,50.2,Van,Paved,Clear,Medium,Parcel,0,3.1,3.2,Midday,Wednesday,False,Strong,69.2
ORD13851,Birnin Kebbi Hub,Bunza,43.9,Van,Paved,Clear,Medium,Parcel,0,9.6,0.6,Midday,Sunday,True,Weak,73.6
ORD13852,Birnin Kebbi Hub,Kamba,165.7,Keke (Tricycle),Unpaved,Clear,Low,Parcel,3,11.0,2.4,Morning,Monday,False,Strong,562.2
ORD13853,Birnin Kebbi Hub,Argungu,58.4,Van,Unpaved,Rain,High,Bulk Goods,1,39.1,1.3,Morning,Wednesday,False,Weak,321.6
ORD13854,Birnin Kebbi Hub,Bunza,47.4,Van,Paved,Clear,High,Food,0,3.9,2.4,Midday,Monday,False,Weak,86.9
ORD13855,Birnin Kebbi Hub,Kamba,124.3,Van,Paved,Rain,Medium,Food,2,1.5,2.8,Morning,Tuesday,False,Strong,265.6
ORD13856,Birnin Kebbi Hub,Argungu,72.5,Keke (Tricycle),Unpaved,Clear,Medium,Parcel,0,0.8,2.0,Morning,Friday,False,Weak,292.1
ORD13857,Birnin Kebbi Hub,Birnin Kebbi,3.7,Motorcycle,Paved,Clear,Medium,Documents,2,0.2,4.0,Evening,Wednesday,False,No Signal,25.5
ORD13858,Birnin Kebbi Hub,Birnin Kebbi,2.3,Motorcycle,Unpaved,Clear,Low,Parcel,2,2.7,4.2,Morning,Thursday,False,Strong,32.1
ORD13859,Birnin Kebbi Hub,Zuru,199.2,Motorcycle,Unpaved,Clear,Low,Documents,1,0.5,4.6,Afternoon,Monday,False,Strong,419.7
ORD13860,Birnin Kebbi Hub,Argungu,73.2,Motorcycle,Paved,Clear,Low,Bulk Goods,2,35.6,3.9,Evening,Tuesday,False,Strong,126.3
ORD13861,Birnin Kebbi Hub,Bunza,47.9,Van,Unpaved,Harmattan Dust,Low,Food,1,1.3,4.1,Evening,Tuesday,False,Weak,116.1
ORD13862,Birnin Kebbi Hub,Birnin Kebbi,4.1,Van,Paved,Clear,Low,Parcel,0,6.1,1.5,Evening,Thursday,False,No Signal,15.1
ORD13863,Birnin Kebbi Hub,Argungu,68.2,Truck,Unpaved,Clear,Low,Parcel,2,0.2,2.0,Morning,Thursday,False,Strong,195.3
ORD13864,Birnin Kebbi Hub,Argungu,72.1,Motorcycle,Paved,Rain,Medium,Parcel,0,0.2,1.0,Morning,Friday,False,No Signal,171.3
ORD13865,Birnin Kebbi Hub,Jega,51.3,Van,Paved,Clear,Medium,Parcel,0,3.9,3.4,Evening,Wednesday,False,Strong,75.2
ORD13866,Birnin Kebbi Hub,Birnin Kebbi,2.2,Keke (Tricycle),Unpaved,Clear,High,Parcel,0,9.2,1.0,Morning,Monday,False,Weak,42.4
ORD13867,Birnin Kebbi Hub,Kamba,166.0,Motorcycle,Paved,Rain,Medium,Documents,0,1.7,3.5,Midday,Wednesday,False,Strong,355.4
ORD13868,Birnin Kebbi Hub,Kamba,163.8,Motorcycle,Paved,Clear,Medium,Parcel,0,2.8,0.9,Morning,Friday,False,Weak,244.6
ORD13869,Birnin Kebbi Hub,Jega,59.7,Van,Unpaved,Harmattan Dust,Low,Parcel,0,1.3,1.0,Evening,Monday,False,Weak,147.7
ORD13870,Birnin Kebbi Hub,Bunza,57.4,Keke (Tricycle),Unpaved,Clear,Medium,Food,0,2.1,1.3,Evening,Wednesday,False,Weak,237.7
ORD13871,Birnin Kebbi Hub,Kamba,159.7,Motorcycle,Unpaved,Clear,High,Bulk Goods,2,20.6,1.4,Morning,Wednesday,False,Weak,622.8
ORD13872,Birnin Kebbi Hub,Jega,46.9,Motorcycle,Paved,Rain,Low,Documents,0,22.2,1.2,Morning,Friday,False,Weak,108.5
ORD13873,Birnin Kebbi Hub,Yauri,142.9,Motorcycle,Paved,Clear,Low,Bulk Goods,0,24.4,0.6,Midday,Thursday,False,Strong,177.3
ORD13874,Birnin Kebbi Hub,Birnin Kebbi,3.4,Keke (Tricycle),Paved,Rain,High,Food,0,2.5,3.6,Evening,Sunday,True,Strong,21.9
ORD13875,Birnin Kebbi Hub,Jega,49.6,Motorcycle,Unpaved,Clear,Medium,Documents,0,4.7,2.3,Morning,Saturday,True,Strong,144.2
ORD13876,Birnin Kebbi Hub,Argungu,76.9,Van,Unpaved,Clear,High,Food,2,2.1,2.0,Afternoon,Monday,False,No Signal,297.0
ORD13877,Birnin Kebbi Hub,Yauri,153.5,Motorcycle,Unpaved,Clear,Low,Bulk Goods,3,31.9,2.3,Morning,Wednesday,False,Weak,354.7
ORD13878,Birnin Kebbi Hub,Birnin Kebbi,6.4,Motorcycle,Paved,Harmattan Dust,High,Documents,0,1.7,4.8,Morning,Tuesday,False,Strong,25.6
ORD13879,Birnin Kebbi Hub,Birnin Kebbi,8.1,Keke (Tricycle),Unpaved,Clear,Medium,Parcel,2,0.7,1.1,Afternoon,Tuesday,False,No Signal,69.5
ORD13880,Birnin Kebbi Hub,Birnin Kebbi,8.7,Van,Paved,Harmattan Dust,Low,Parcel,2,0.2,10.5,Morning,Wednesday,False,Weak,35.5
ORD13881,Birnin Kebbi Hub,Birnin Kebbi,7.9,Motorcycle,Paved,Clear,Medium,Parcel,1,1.9,3.9,Midday,Thursday,False,Weak,36.1
ORD13882,Birnin Kebbi Hub,Birnin Kebbi,7.9,Motorcycle,Paved,Clear,Medium,Documents,0,2.4,4.5,Afternoon,Thursday,False,Weak,27.5
ORD13883,Birnin Kebbi Hub,Jega,56.3,Motorcycle,Paved,Clear,Low,Parcel,0,5.4,5.5,Afternoon,Sunday,True,Strong,75.8
ORD13884,Birnin Kebbi Hub,Argungu,67.7,Keke (Tricycle),Unpaved,Harmattan Dust,Low,Parcel,0,3.3,1.3,Evening,Saturday,True,Weak,278.3
ORD13885,Birnin Kebbi Hub,Jega,43.7,Keke (Tricycle),Unpaved,Rain,Medium,Bulk Goods,1,40.2,4.7,Morning,Thursday,False,Weak,319.3
ORD13886,Birnin Kebbi Hub,Argungu,59.0,Motorcycle,Unpaved,Rain,Low,Parcel,0,0.5,1.3,Morning,Tuesday,False,Weak,202.9
ORD13887,Birnin Kebbi Hub,Aliero,35.8,Motorcycle,Paved,Clear,Low,Food,1,3.4,1.4,Morning,Wednesday,False,Weak,69.2
ORD13888,Birnin Kebbi Hub,Argungu,65.7,Keke (Tricycle),Paved,Clear,Low,Food,0,2.5,2.2,Evening,Sunday,True,Strong,123.6
ORD13889,Birnin Kebbi Hub,Aliero,39.6,Motorcycle,Paved,Clear,Low,Documents,1,2.3,1.5,Afternoon,Thursday,False,Weak,70.6
ORD13890,Birnin Kebbi Hub,Bunza,53.4,Truck,Unpaved,Clear,Low,Parcel,1,1.0,0.9,Midday,Tuesday,False,Strong,159.9
ORD13891,Birnin Kebbi Hub,Yauri,160.7,Keke (Tricycle),Paved,Rain,Low,Food,2,5.2,3.4,Afternoon,Thursday,False,Weak,451.5
ORD13892,Birnin Kebbi Hub,Birnin Kebbi,8.3,Motorcycle,Paved,Harmattan Dust,Medium,Food,0,2.0,2.6,Morning,Sunday,True,Weak,32.0
ORD13893,Birnin Kebbi Hub,Birnin Kebbi,5.9,Truck,Paved,Clear,Medium,Parcel,1,2.6,4.0,Morning,Friday,False,Strong,19.4
ORD13894,Birnin Kebbi Hub,Kamba,139.8,Motorcycle,Paved,Clear,High,Documents,0,2.8,2.4,Midday,Monday,False,Weak,298.1
ORD13895,Birnin Kebbi Hub,Argungu,61.0,Keke (Tricycle),Paved,Rain,High,Documents,0,0.3,3.3,Morning,Tuesday,False,Weak,308.2
ORD13896,Birnin Kebbi Hub,Bunza,42.3,Motorcycle,Paved,Clear,High,Documents,0,0.3,1.2,Morning,Tuesday,False,Strong,94.2
ORD13897,Birnin Kebbi Hub,Aliero,36.9,Motorcycle,Paved,Harmattan Dust,Low,Parcel,0,0.3,4.6,Morning,Saturday,True,No Signal,69.1
ORD13898,Birnin Kebbi Hub,Argungu,75.8,Motorcycle,Paved,Clear,Medium,Parcel,1,3.7,2.8,Afternoon,Thursday,False,Strong,125.2
ORD13899,Birnin Kebbi Hub,Birnin Kebbi,7.0,Keke (Tricycle),Paved,Rain,Low,Parcel,0,10.6,2.0,Morning,Saturday,True,Weak,52.6
ORD13900,Birnin Kebbi Hub,Birnin Kebbi,5.3,Keke (Tricycle),Unpaved,Harmattan Dust,Low,Documents,3,3.9,2.7,Midday,Friday,False,Weak,58.5
ORD13901,Birnin Kebbi Hub,Birnin Kebbi,7.1,Motorcycle,Paved,Harmattan Dust,High,Parcel,2,3.5,1.6,Afternoon,Saturday,True,Strong,49.9
ORD13902,Birnin Kebbi Hub,Kamba,123.8,Van,Paved,Clear,High,Parcel,0,16.6,0.8,Midday,Thursday,False,No Signal,244.9
ORD13903,Birnin Kebbi Hub,Birnin Kebbi,5.7,Motorcycle,Paved,Clear,Low,Food,4,2.0,1.4,Midday,Tuesday,False,Strong,26.4
ORD13904,Birnin Kebbi Hub,Birnin Kebbi,7.3,Van,Paved,Clear,High,Parcel,1,4.2,0.5,Evening,Tuesday,False,No Signal,44.6
ORD13905,Birnin Kebbi Hub,Birnin Kebbi,6.4,Motorcycle,Paved,Clear,Low,Parcel,1,11.6,8.7,Morning,Friday,False,No Signal,31.7
ORD13906,Birnin Kebbi Hub,Birnin Kebbi,4.1,Van,Paved,Clear,Medium,Documents,0,4.4,2.7,Midday,Tuesday,False,No Signal,20.4
ORD13907,Birnin Kebbi Hub,Jega,76.1,Motorcycle,Unpaved,Clear,Medium,Documents,3,2.4,13.0,Morning,Tuesday,False,Strong,211.7
ORD13908,Birnin Kebbi Hub,Zuru,229.7,Motorcycle,Paved,Clear,Medium,Food,0,1.6,4.7,Morning,Thursday,False,Strong,318.7
ORD13909,Birnin Kebbi Hub,Kamba,149.7,Motorcycle,Paved,Harmattan Dust,Low,Food,2,3.4,1.5,Midday,Thursday,False,Weak,227.5
ORD13910,Birnin Kebbi Hub,Kamba,114.7,Keke (Tricycle),Unpaved,Rain,High,Food,0,5.5,5.4,Afternoon,Wednesday,False,Weak,879.4
ORD13911,Birnin Kebbi Hub,Bunza,41.5,Keke (Tricycle),Paved,Rain,Low,Food,3,13.1,1.1,Midday,Monday,False,Weak,142.2
ORD13912,Birnin Kebbi Hub,Bunza,46.7,Van,Paved,Clear,Low,Bulk Goods,2,33.5,5.5,Afternoon,Tuesday,False,No Signal,79.9
ORD13913,Birnin Kebbi Hub,Kamba,133.1,Truck,Unpaved,Clear,Medium,Parcel,2,9.4,1.7,Midday,Sunday,True,Weak,460.0
ORD13914,Birnin Kebbi Hub,Bunza,45.1,Motorcycle,Unpaved,Clear,Low,Documents,0,7.5,0.4,Afternoon,Friday,False,Weak,118.0
ORD13915,Birnin Kebbi Hub,Birnin Kebbi,7.4,Keke (Tricycle),Paved,Clear,High,Bulk Goods,0,16.4,9.0,Afternoon,Monday,False,Weak,46.9
ORD13916,Birnin Kebbi Hub,Jega,38.3,Motorcycle,Unpaved,Clear,High,Documents,0,5.8,2.4,Morning,Thursday,False,Strong,149.7
ORD13917,Birnin Kebbi Hub,Argungu,55.4,Motorcycle,Paved,Harmattan Dust,Medium,Bulk Goods,1,13.8,6.8,Midday,Sunday,True,Weak,112.5
ORD13918,Birnin Kebbi Hub,Birnin Kebbi,10.4,Keke (Tricycle),Unpaved,Clear,Low,Parcel,0,2.6,0.7,Morning,Saturday,True,Strong,59.5
ORD13919,Birnin Kebbi Hub,Argungu,60.1,Keke (Tricycle),Paved,Clear,High,Parcel,0,2.2,6.2,Morning,Monday,False,Weak,187.9
ORD13920,Birnin Kebbi Hub,Zuru,185.6,Keke (Tricycle),Paved,Clear,High,Parcel,1,8.7,4.6,Afternoon,Friday,False,Strong,596.4
ORD13921,Birnin Kebbi Hub,Aliero,39.9,Motorcycle,Paved,Clear,Low,Parcel,0,0.6,1.4,Midday,Saturday,True,Strong,55.5
ORD13922,Birnin Kebbi Hub,Birnin Kebbi,6.8,Motorcycle,Paved,Rain,Low,Documents,0,2.6,1.9,Midday,Monday,False,Strong,12.0
ORD13923,Birnin Kebbi Hub,Argungu,58.0,Van,Unpaved,Clear,High,Food,1,3.5,0.4,Evening,Friday,False,Strong,219.6
ORD13924,Birnin Kebbi Hub,Birnin Kebbi,6.3,Van,Paved,Clear,Medium,Bulk Goods,0,26.4,0.5,Morning,Tuesday,False,Weak,28.9
ORD13925,Birnin Kebbi Hub,Birnin Kebbi,9.7,Motorcycle,Paved,Clear,Medium,Parcel,2,18.0,3.9,Evening,Friday,False,Weak,46.1
ORD13926,Birnin Kebbi Hub,Yauri,157.6,Motorcycle,Unpaved,Clear,Medium,Parcel,3,1.0,0.7,Midday,Thursday,False,Strong,424.1
ORD13927,Birnin Kebbi Hub,Birnin Kebbi,7.7,Van,Paved,Rain,High,Parcel,0,4.9,4.5,Midday,Monday,False,No Signal,41.2
ORD13928,Birnin Kebbi Hub,Jega,46.9,Truck,Paved,Clear,Medium,Parcel,1,3.0,7.5,Morning,Sunday,True,Weak,111.4
ORD13929,Birnin Kebbi Hub,Argungu,67.9,Van,Unpaved,Clear,Low,Documents,2,1.6,2.3,Midday,Monday,False,Strong,140.0
ORD13930,Birnin Kebbi Hub,Birnin Kebbi,7.7,Keke (Tricycle),Paved,Harmattan Dust,Low,Parcel,0,1.6,1.8,Evening,Wednesday,False,No Signal,38.8
ORD13931,Birnin Kebbi Hub,Birnin Kebbi,7.3,Keke (Tricycle),Paved,Rain,Medium,Bulk Goods,3,22.6,0.9,Midday,Thursday,False,Weak,55.0
ORD13932,Birnin Kebbi Hub,Birnin Kebbi,4.1,Van,Paved,Clear,Medium,Parcel,0,2.7,1.3,Morning,Thursday,False,Strong,10.9
ORD13933,Birnin Kebbi Hub,Argungu,71.6,Keke (Tricycle),Paved,Rain,High,Food,0,2.9,1.3,Afternoon,Sunday,True,Weak,363.4
ORD13934,Birnin Kebbi Hub,Zuru,204.0,Keke (Tricycle),Paved,Clear,High,Parcel,0,0.3,2.8,Morning,Saturday,True,Weak,660.4
ORD13935,Birnin Kebbi Hub,Birnin Kebbi,5.8,Truck,Paved,Rain,Low,Parcel,0,4.6,1.8,Midday,Thursday,False,No Signal,33.1
ORD13936,Birnin Kebbi Hub,Zuru,172.4,Keke (Tricycle),Unpaved,Harmattan Dust,High,Parcel,0,9.3,5.1,Midday,Wednesday,False,Strong,1228.1
ORD13937,Birnin Kebbi Hub,Argungu,64.7,Keke (Tricycle),Paved,Rain,Low,Documents,0,1.7,4.8,Evening,Friday,False,No Signal,189.0
ORD13938,Birnin Kebbi Hub,Birnin Kebbi,3.2,Motorcycle,Paved,Harmattan Dust,Low,Documents,2,15.2,8.3,Evening,Saturday,True,Weak,21.6
ORD13939,Birnin Kebbi Hub,Kamba,148.4,Van,Paved,Clear,Low,Documents,0,3.9,1.7,Morning,Saturday,True,No Signal,162.8
ORD13940,Birnin Kebbi Hub,Yauri,140.3,Motorcycle,Paved,Harmattan Dust,Low,Food,0,8.8,2.9,Morning,Friday,False,Strong,193.8
ORD13941,Birnin Kebbi Hub,Argungu,64.3,Motorcycle,Unpaved,Rain,Low,Bulk Goods,0,25.1,2.8,Evening,Thursday,False,Weak,213.4
ORD13942,Birnin Kebbi Hub,Kamba,107.2,Motorcycle,Paved,Clear,Low,Food,2,5.2,9.7,Afternoon,Thursday,False,Weak,130.4
ORD13943,Birnin Kebbi Hub,Argungu,72.7,Keke (Tricycle),Paved,Clear,Medium,Parcel,0,1.2,0.7,Afternoon,Sunday,True,Weak,182.8
ORD13944,Birnin Kebbi Hub,Kamba,127.0,Keke (Tricycle),Unpaved,Harmattan Dust,Medium,Food,0,10.1,2.7,Midday,Thursday,False,Strong,634.1
ORD13945,Birnin Kebbi Hub,Birnin Kebbi,8.1,Keke (Tricycle),Paved,Clear,Low,Documents,0,1.2,4.8,Evening,Thursday,False,Weak,25.4
ORD13946,Birnin Kebbi Hub,Argungu,59.5,Motorcycle,Unpaved,Rain,Low,Parcel,3,0.2,1.5,Afternoon,Friday,False,Weak,209.6
ORD13947,Birnin Kebbi Hub,Bunza,47.7,Keke (Tricycle),Paved,Rain,Low,Parcel,1,9.5,2.7,Morning,Thursday,False,Strong,144.6
ORD13948,Birnin Kebbi Hub,Birnin Kebbi,4.0,Motorcycle,Paved,Clear,Low,Food,1,11.6,0.7,Afternoon,Saturday,True,Strong,21.7
ORD13949,Birnin Kebbi Hub,Jega,61.7,Keke (Tricycle),Paved,Rain,Medium,Food,0,1.0,3.9,Evening,Tuesday,False,No Signal,224.0
ORD13950,Birnin Kebbi Hub,Argungu,62.6,Motorcycle,Unpaved,Clear,Medium,Documents,1,0.2,1.0,Afternoon,Monday,False,Weak,171.3
ORD13951,Birnin Kebbi Hub,Birnin Kebbi,6.5,Motorcycle,Paved,Clear,High,Bulk Goods,2,39.6,1.5,Midday,Saturday,True,Strong,56.4
ORD13952,Birnin Kebbi Hub,Jega,51.5,Motorcycle,Paved,Harmattan Dust,Low,Documents,1,2.3,2.7,Midday,Thursday,False,Strong,84.4
ORD13953,Birnin Kebbi Hub,Kamba,129.7,Motorcycle,Paved,Clear,Medium,Food,0,0.8,1.1,Midday,Tuesday,False,Strong,178.4
ORD13954,Birnin Kebbi Hub,Birnin Kebbi,5.2,Van,Paved,Clear,Medium,Parcel,0,1.8,3.2,Afternoon,Tuesday,False,Weak,26.5
ORD13955,Birnin Kebbi Hub,Birnin Kebbi,5.1,Motorcycle,Paved,Clear,Medium,Parcel,1,6.3,4.6,Midday,Tuesday,False,Strong,11.5
ORD13956,Birnin Kebbi Hub,Birnin Kebbi,3.1,Van,Paved,Rain,Low,Bulk Goods,0,40.2,3.2,Morning,Thursday,False,Strong,24.7
ORD13957,Birnin Kebbi Hub,Argungu,57.3,Keke (Tricycle),Paved,Clear,Medium,Documents,0,2.7,2.2,Morning,Wednesday,False,Weak,141.7
ORD13958,Birnin Kebbi Hub,Birnin Kebbi,8.5,Keke (Tricycle),Paved,Clear,Low,Parcel,3,2.2,3.3,Afternoon,Friday,False,Weak,56.2
ORD13959,Birnin Kebbi Hub,Jega,51.6,Van,Unpaved,Harmattan Dust,Medium,Bulk Goods,0,19.8,1.2,Morning,Wednesday,False,Strong,159.1
ORD13960,Birnin Kebbi Hub,Jega,55.0,Motorcycle,Paved,Harmattan Dust,Medium,Parcel,0,2.9,0.2,Evening,Monday,False,Strong,104.0
ORD13961,Birnin Kebbi Hub,Kamba,133.0,Keke (Tricycle),Unpaved,Harmattan Dust,Low,Food,2,2.0,2.5,Midday,Friday,False,Strong,531.2
ORD13962,Birnin Kebbi Hub,Argungu,65.0,Motorcycle,Paved,Clear,High,Parcel,1,1.2,1.1,Morning,Friday,False,No Signal,157.0
ORD13963,Birnin Kebbi Hub,Birnin Kebbi,4.9,Keke (Tricycle),Paved,Harmattan Dust,Low,Food,0,5.2,3.2,Morning,Thursday,False,Weak,30.1
ORD13964,Birnin Kebbi Hub,Argungu,64.0,Van,Unpaved,Clear,Low,Parcel,0,2.4,1.0,Morning,Tuesday,False,Strong,125.0
ORD13965,Birnin Kebbi Hub,Kamba,129.8,Motorcycle,Unpaved,Harmattan Dust,Low,Parcel,0,2.5,0.5,Afternoon,Saturday,True,Weak,340.0
ORD13966,Birnin Kebbi Hub,Yauri,125.2,Motorcycle,Unpaved,Rain,Medium,Parcel,2,6.1,1.7,Midday,Monday,False,Weak,486.8
ORD13967,Birnin Kebbi Hub,Zuru,158.4,Motorcycle,Paved,Clear,Low,Food,0,1.2,3.0,Midday,Wednesday,False,Strong,180.0
ORD13968,Birnin Kebbi Hub,Argungu,63.1,Motorcycle,Unpaved,Clear,Medium,Bulk Goods,0,41.2,1.8,Afternoon,Sunday,True,Weak,195.0
ORD13969,Birnin Kebbi Hub,Birnin Kebbi,4.8,Truck,Unpaved,Clear,Low,Parcel,0,2.1,3.7,Afternoon,Monday,False,Weak,20.3
ORD13970,Birnin Kebbi Hub,Birnin Kebbi,7.2,Keke (Tricycle),Paved,Clear,Medium,Parcel,0,0.7,3.0,Morning,Thursday,False,Strong,20.0
ORD13971,Birnin Kebbi Hub,Birnin Kebbi,4.6,Keke (Tricycle),Paved,Harmattan Dust,Low,Parcel,2,3.0,2.9,Afternoon,Tuesday,False,Strong,31.9
ORD13972,Birnin Kebbi Hub,Birnin Kebbi,5.3,Keke (Tricycle),Paved,Clear,Medium,Food,0,4.6,0.4,Evening,Sunday,True,No Signal,24.1
ORD13973,Birnin Kebbi Hub,Jega,54.7,Keke (Tricycle),Unpaved,Harmattan Dust,Medium,Bulk Goods,0,18.1,1.6,Midday,Friday,False,No Signal,280.3
ORD13974,Birnin Kebbi Hub,Argungu,67.9,Keke (Tricycle),Paved,Clear,Medium,Parcel,1,1.5,2.8,Midday,Thursday,False,Strong,166.0
ORD13975,Birnin Kebbi Hub,Aliero,26.8,Van,Paved,Clear,Low,Parcel,0,0.2,1.0,Midday,Thursday,False,No Signal,34.2
ORD13976,Birnin Kebbi Hub,Jega,65.3,Keke (Tricycle),Paved,Clear,Medium,Food,3,6.5,6.0,Morning,Friday,False,Weak,170.5
ORD13977,Birnin Kebbi Hub,Jega,56.5,Motorcycle,Paved,Clear,High,Documents,1,5.7,4.6,Morning,Thursday,False,Weak,139.3
ORD13978,Birnin Kebbi Hub,Argungu,63.7,Van,Unpaved,Harmattan Dust,Low,Parcel,0,7.5,4.0,Evening,Thursday,False,Weak,151.4
ORD13979,Birnin Kebbi Hub,Yauri,125.0,Motorcycle,Paved,Harmattan Dust,Medium,Food,3,0.7,1.2,Morning,Friday,False,Weak,239.2
ORD13980,Birnin Kebbi Hub,Jega,54.1,Motorcycle,Paved,Clear,Medium,Parcel,2,1.6,1.8,Morning,Saturday,True,Strong,101.4
ORD13981,Birnin Kebbi Hub,Birnin Kebbi,5.8,Keke (Tricycle),Paved,Clear,Medium,Documents,0,6.7,0.4,Afternoon,Monday,False,Strong,33.5
ORD13982,Birnin Kebbi Hub,Kamba,170.6,Keke (Tricycle),Paved,Clear,Medium,Parcel,2,1.7,0.5,Midday,Monday,False,Weak,390.2
ORD13983,Birnin Kebbi Hub,Birnin Kebbi,7.1,Motorcycle,Paved,Rain,Low,Food,0,8.2,1.0,Afternoon,Wednesday,False,Strong,34.9
ORD13984,Birnin Kebbi Hub,Argungu,59.4,Motorcycle,Paved,Clear,Low,Food,2,1.9,4.5,Morning,Tuesday,False,Weak,83.4
ORD13985,Birnin Kebbi Hub,Kamba,136.2,Keke (Tricycle),Unpaved,Clear,Medium,Parcel,0,0.2,0.7,Evening,Saturday,True,No Signal,552.5
ORD13986,Birnin Kebbi Hub,Argungu,74.1,Motorcycle,Paved,Clear,Medium,Food,0,1.8,3.9,Midday,Tuesday,False,Strong,114.3
ORD13987,Birnin Kebbi Hub,Argungu,85.0,Motorcycle,Paved,Rain,Medium,Food,1,2.1,1.2,Morning,Friday,False,Weak,210.6
ORD13988,Birnin Kebbi Hub,Birnin Kebbi,4.3,Van,Unpaved,Harmattan Dust,Low,Parcel,0,8.3,2.7,Midday,Sunday,True,Strong,16.7
ORD13989,Birnin Kebbi Hub,Jega,52.2,Motorcycle,Paved,Harmattan Dust,Low,Documents,2,0.9,3.5,Afternoon,Monday,False,Weak,87.0
ORD13990,Birnin Kebbi Hub,Yauri,153.8,Keke (Tricycle),Paved,Harmattan Dust,High,Documents,0,0.2,1.7,Midday,Friday,False,Strong,600.2
ORD13991,Birnin Kebbi Hub,Jega,46.1,Motorcycle,Paved,Rain,Medium,Documents,0,1.8,2.5,Evening,Friday,False,Weak,107.3
ORD13992,Birnin Kebbi Hub,Aliero,35.5,Keke (Tricycle),Paved,Clear,Medium,Parcel,2,11.8,5.1,Midday,Thursday,False,Strong,81.5
ORD13993,Birnin Kebbi Hub,Zuru,188.6,Van,Unpaved,Clear,Medium,Parcel,3,5.5,1.0,Morning,Friday,False,Weak,472.5
ORD13994,Birnin Kebbi Hub,Argungu,69.8,Motorcycle,Paved,Clear,Medium,Parcel,0,0.2,0.8,Midday,Friday,False,Strong,107.2
ORD13995,Birnin Kebbi Hub,Birnin Kebbi,8.6,Keke (Tricycle),Paved,Clear,Low,Parcel,0,8.9,1.2,Afternoon,Friday,False,Weak,41.7
ORD13996,Birnin Kebbi Hub,Birnin Kebbi,3.4,Van,Paved,Rain,Low,Food,1,0.2,1.7,Midday,Wednesday,False,Weak,21.1
ORD13997,Birnin Kebbi Hub,Birnin Kebbi,4.3,Keke (Tricycle),Paved,Clear,Low,Parcel,1,10.0,2.5,Evening,Sunday,True,Strong,19.3
ORD13998,Birnin Kebbi Hub,Kamba,136.5,Keke (Tricycle),Paved,Clear,Medium,Bulk Goods,2,27.9,2.9,Morning,Monday,False,Strong,335.8
ORD13999,Birnin Kebbi Hub,Kamba,100.5,Keke (Tricycle),Unpaved,Harmattan Dust,Low,Food,4,3.7,3.8,Evening,Sunday,True,Strong,429.7
ORD14000,Birnin Kebbi Hub,Jega,62.6,Van,Unpaved,Harmattan Dust,Low,Documents,0,0.2,5.6,Afternoon,Tuesday,False,No Signal,156.7
ORD14001,Birnin Kebbi Hub,Jega,55.9,Keke (Tricycle),Paved,Harmattan Dust,Medium,Parcel,0,1.4,0.3,Evening,Sunday,True,Strong,170.7
ORD14002,Birnin Kebbi Hub,Kamba,144.9,Motorcycle,Paved,Clear,Low,Parcel,0,8.1,2.3,Afternoon,Tuesday,False,Weak,183.2
ORD14003,Birnin Kebbi Hub,Bunza,34.4,Motorcycle,Unpaved,Rain,Medium,Parcel,3,9.2,1.3,Morning,Tuesday,False,Strong,161.0
ORD14004,Birnin Kebbi Hub,Argungu,71.5,Motorcycle,Unpaved,Rain,Low,Parcel,1,0.2,1.5,Evening,Tuesday,False,Weak,220.9
ORD14005,Birnin Kebbi Hub,Yauri,173.0,Van,Unpaved,Clear,Medium,Parcel,2,2.9,4.9,Afternoon,Saturday,True,Strong,432.2
ORD14006,Birnin Kebbi Hub,Kamba,136.2,Motorcycle,Paved,Clear,Low,Food,0,3.2,0.7,Evening,Monday,False,Weak,164.3
ORD14007,Birnin Kebbi Hub,Birnin Kebbi,5.7,Motorcycle,Unpaved,Rain,Low,Documents,1,3.8,1.0,Midday,Wednesday,False,Strong,37.6
ORD14008,Birnin Kebbi Hub,Zuru,182.8,Motorcycle,Unpaved,Harmattan Dust,Medium,Parcel,0,0.5,5.5,Evening,Monday,False,Weak,568.9
ORD14009,Birnin Kebbi Hub,Aliero,39.2,Keke (Tricycle),Unpaved,Clear,Medium,Food,1,0.2,3.5,Midday,Wednesday,False,Weak,165.5
ORD14010,Birnin Kebbi Hub,Yauri,158.0,Motorcycle,Paved,Harmattan Dust,Medium,Documents,0,0.2,0.8,Afternoon,Sunday,True,Weak,286.9
ORD14011,Birnin Kebbi Hub,Argungu,63.8,Motorcycle,Paved,Clear,Medium,Documents,1,7.0,0.4,Evening,Monday,False,Strong,104.8
ORD14012,Birnin Kebbi Hub,Zuru,168.9,Van,Unpaved,Clear,Medium,Parcel,1,1.8,2.1,Afternoon,Sunday,True,Weak,408.3
ORD14013,Birnin Kebbi Hub,Argungu,61.4,Motorcycle,Unpaved,Clear,Low,Food,1,0.8,3.4,Morning,Monday,False,Strong,136.6
ORD14014,Birnin Kebbi Hub,Birnin Kebbi,3.8,Keke (Tricycle),Paved,Clear,Medium,Bulk Goods,0,20.4,2.1,Afternoon,Thursday,False,Strong,24.9
ORD14015,Birnin Kebbi Hub,Bunza,43.0,Motorcycle,Paved,Clear,Low,Food,1,0.8,0.9,Evening,Thursday,False,Strong,56.0
ORD14016,Birnin Kebbi Hub,Kamba,122.2,Van,Unpaved,Rain,Medium,Parcel,0,1.3,0.5,Afternoon,Thursday,False,Strong,428.3
ORD14017,Birnin Kebbi Hub,Birnin Kebbi,8.2,Van,Unpaved,Harmattan Dust,Medium,Documents,0,6.1,1.1,Midday,Saturday,True,Weak,37.4
ORD14018,Birnin Kebbi Hub,Kamba,128.0,Keke (Tricycle),Paved,Clear,Low,Food,0,5.3,3.0,Evening,Friday,False,Weak,230.7
ORD14019,Birnin Kebbi Hub,Kamba,121.1,Keke (Tricycle),Paved,Clear,Medium,Parcel,1,8.8,4.1,Morning,Tuesday,False,Weak,295.3
ORD14020,Birnin Kebbi Hub,Yauri,139.8,Keke (Tricycle),Paved,Harmattan Dust,Low,Parcel,2,4.4,0.7,Evening,Wednesday,False,Weak,328.5
ORD14021,Birnin Kebbi Hub,Birnin Kebbi,6.5,Truck,Paved,Harmattan Dust,Low,Food,0,5.3,3.5,Evening,Sunday,True,Strong,18.2
ORD14022,Birnin Kebbi Hub,Zuru,208.8,Van,Unpaved,Clear,High,Food,0,1.2,1.8,Evening,Monday,False,Strong,695.1
ORD14023,Birnin Kebbi Hub,Birnin Kebbi,4.3,Keke (Tricycle),Paved,Harmattan Dust,Low,Parcel,0,1.5,1.9,Afternoon,Thursday,False,Weak,10.7
ORD14024,Birnin Kebbi Hub,Yauri,174.7,Keke (Tricycle),Paved,Clear,Low,Bulk Goods,1,17.5,2.0,Evening,Wednesday,False,No Signal,322.7
ORD14025,Birnin Kebbi Hub,Birnin Kebbi,4.2,Motorcycle,Paved,Rain,Low,Food,1,0.9,2.1,Midday,Friday,False,Weak,17.1
ORD14026,Birnin Kebbi Hub,Bunza,42.9,Motorcycle,Paved,Rain,Medium,Parcel,3,5.0,3.8,Morning,Sunday,True,No Signal,133.5
ORD14027,Birnin Kebbi Hub,Kamba,140.2,Motorcycle,Paved,Clear,Low,Food,1,0.2,4.2,Morning,Saturday,True,Strong,166.5
ORD14028,Birnin Kebbi Hub,Yauri,143.7,Van,Paved,Clear,Medium,Parcel,0,7.4,6.8,Morning,Saturday,True,Weak,195.6
ORD14029,Birnin Kebbi Hub,Jega,45.7,Motorcycle,Paved,Rain,Low,Parcel,0,1.8,2.4,Evening,Saturday,True,Strong,77.3
ORD14030,Birnin Kebbi Hub,Argungu,54.1,Van,Unpaved,Clear,High,Bulk Goods,2,32.5,3.8,Midday,Monday,False,Weak,207.7
ORD14031,Birnin Kebbi Hub,Birnin Kebbi,8.6,Van,Unpaved,Clear,High,Food,0,6.7,0.3,Midday,Friday,False,No Signal,38.6
ORD14032,Birnin Kebbi Hub,Birnin Kebbi,7.9,Van,Paved,Clear,Low,Documents,3,1.0,2.6,Afternoon,Wednesday,False,Strong,53.5
ORD14033,Birnin Kebbi Hub,Kamba,142.5,Keke (Tricycle),Paved,Clear,High,Food,0,0.3,2.9,Morning,Tuesday,False,Strong,456.2
ORD14034,Birnin Kebbi Hub,Zuru,186.5,Motorcycle,Unpaved,Clear,Low,Parcel,0,1.6,2.5,Morning,Wednesday,False,Strong,384.7
ORD14035,Birnin Kebbi Hub,Jega,59.0,Motorcycle,Paved,Clear,Low,Food,0,2.1,1.2,Morning,Wednesday,False,Weak,88.3
ORD14036,Birnin Kebbi Hub,Birnin Kebbi,5.2,Van,Paved,Rain,Low,Parcel,0,8.4,0.9,Afternoon,Friday,False,Strong,19.0
ORD14037,Birnin Kebbi Hub,Birnin Kebbi,3.6,Motorcycle,Paved,Rain,Low,Documents,1,2.0,3.3,Evening,Sunday,True,Strong,25.1
ORD14038,Birnin Kebbi Hub,Jega,56.8,Keke (Tricycle),Paved,Harmattan Dust,Medium,Bulk Goods,4,19.5,1.6,Morning,Friday,False,Strong,206.3
ORD14039,Birnin Kebbi Hub,Kamba,127.9,Keke (Tricycle),Paved,Rain,Medium,Parcel,0,0.2,1.1,Morning,Sunday,True,Strong,441.8
ORD14040,Birnin Kebbi Hub,Bunza,63.4,Motorcycle,Unpaved,Harmattan Dust,Low,Parcel,1,6.0,4.0,Morning,Tuesday,False,Strong,180.1
ORD14041,Birnin Kebbi Hub,Bunza,48.3,Keke (Tricycle),Paved,Harmattan Dust,High,Documents,2,4.7,1.5,Afternoon,Saturday,True,Strong,227.2
ORD14042,Birnin Kebbi Hub,Bunza,46.0,Keke (Tricycle),Unpaved,Rain,Medium,Food,4,7.9,3.2,Morning,Wednesday,False,Weak,323.1
ORD14043,Birnin Kebbi Hub,Argungu,64.4,Motorcycle,Paved,Rain,Low,Bulk Goods,0,24.4,1.6,Afternoon,Tuesday,False,Strong,141.9
ORD14044,Birnin Kebbi Hub,Aliero,36.5,Van,Paved,Rain,Low,Food,1,14.3,3.3,Morning,Saturday,True,No Signal,88.4
ORD14045,Birnin Kebbi Hub,Zuru,203.9,Keke (Tricycle),Paved,Clear,Low,Parcel,1,9.8,2.8,Evening,Tuesday,False,Weak,359.2
ORD14046,Birnin Kebbi Hub,Bunza,39.9,Keke (Tricycle),Paved,Clear,High,Parcel,0,2.0,0.8,Evening,Wednesday,False,Weak,142.7
ORD14047,Birnin Kebbi Hub,Birnin Kebbi,4.6,Motorcycle,Paved,Clear,Medium,Parcel,0,2.0,0.5,Evening,Monday,False,Strong,22.9
ORD14048,Birnin Kebbi Hub,Jega,59.8,Motorcycle,Paved,Clear,Medium,Documents,4,7.2,1.8,Morning,Sunday,True,Weak,129.7
ORD14049,Birnin Kebbi Hub,Birnin Kebbi,4.3,Van,Paved,Rain,Medium,Parcel,4,0.8,2.9,Evening,Wednesday,False,Strong,55.9
ORD14050,Birnin Kebbi Hub,Zuru,181.4,Keke (Tricycle),Paved,Clear,High,Bulk Goods,0,35.5,3.9,Evening,Thursday,False,No Signal,594.3
ORD14051,Birnin Kebbi Hub,Kamba,122.9,Motorcycle,Paved,Clear,High,Parcel,0,4.6,1.1,Evening,Saturday,True,Strong,255.5
ORD14052,Birnin Kebbi Hub,Aliero,31.4,Van,Paved,Clear,Medium,Documents,0,2.7,5.9,Afternoon,Tuesday,False,Weak,55.0
ORD14053,Birnin Kebbi Hub,Argungu,66.8,Motorcycle,Paved,Harmattan Dust,Medium,Parcel,1,4.1,4.0,Midday,Wednesday,False,Weak,128.2
ORD14054,Birnin Kebbi Hub,Aliero,37.0,Motorcycle,Paved,Clear,Medium,Documents,2,14.1,0.7,Morning,Friday,False,Strong,86.5
ORD14055,Birnin Kebbi Hub,Birnin Kebbi,7.4,Motorcycle,Paved,Clear,High,Parcel,2,4.6,2.0,Morning,Friday,False,Strong,40.4
ORD14056,Birnin Kebbi Hub,Aliero,33.7,Motorcycle,Paved,Clear,Medium,Parcel,2,6.4,0.5,Afternoon,Sunday,True,Weak,81.7
ORD14057,Birnin Kebbi Hub,Birnin Kebbi,6.5,Keke (Tricycle),Paved,Clear,Low,Documents,0,3.2,5.4,Midday,Monday,False,Strong,20.9
ORD14058,Birnin Kebbi Hub,Jega,51.5,Motorcycle,Paved,Rain,Medium,Food,0,1.8,1.8,Midday,Thursday,False,Weak,117.5
ORD14059,Birnin Kebbi Hub,Kamba,150.8,Motorcycle,Unpaved,Clear,High,Parcel,2,0.4,1.9,Midday,Sunday,True,Weak,565.9
ORD14060,Birnin Kebbi Hub,Argungu,58.9,Keke (Tricycle),Unpaved,Harmattan Dust,Low,Parcel,2,0.5,3.5,Midday,Sunday,True,Strong,242.3
ORD14061,Birnin Kebbi Hub,Birnin Kebbi,8.0,Motorcycle,Paved,Clear,Medium,Documents,0,0.7,0.3,Afternoon,Saturday,True,Strong,26.3
ORD14062,Birnin Kebbi Hub,Jega,65.7,Motorcycle,Paved,Clear,Medium,Bulk Goods,1,42.1,4.9,Morning,Monday,False,Weak,133.8
ORD14063,Birnin Kebbi Hub,Argungu,77.1,Motorcycle,Paved,Clear,Low,Documents,0,8.8,1.5,Midday,Thursday,False,Weak,95.2
ORD14064,Birnin Kebbi Hub,Birnin Kebbi,7.0,Keke (Tricycle),Paved,Clear,Low,Food,0,7.6,1.9,Morning,Tuesday,False,Strong,21.3
ORD14065,Birnin Kebbi Hub,Kamba,123.2,Motorcycle,Paved,Clear,Low,Parcel,0,4.2,3.5,Morning,Friday,False,Weak,161.0
ORD14066,Birnin Kebbi Hub,Argungu,57.7,Keke (Tricycle),Paved,Clear,Medium,Parcel,0,0.8,2.1,Morning,Sunday,True,Strong,143.1
ORD14067,Birnin Kebbi Hub,Aliero,34.6,Keke (Tricycle),Unpaved,Rain,Low,Parcel,1,0.6,0.9,Afternoon,Tuesday,False,Weak,183.3
ORD14068,Birnin Kebbi Hub,Bunza,47.4,Van,Unpaved,Clear,Low,Food,0,0.6,0.9,Evening,Sunday,True,Strong,94.0
ORD14069,Birnin Kebbi Hub,Zuru,183.2,Keke (Tricycle),Unpaved,Clear,Medium,Parcel,1,4.7,3.4,Evening,Friday,False,Strong,723.5
ORD14070,Birnin Kebbi Hub,Aliero,36.9,Motorcycle,Paved,Harmattan Dust,Low,Bulk Goods,2,16.7,2.3,Morning,Thursday,False,Strong,74.8
ORD14071,Birnin Kebbi Hub,Aliero,26.7,Motorcycle,Paved,Clear,Medium,Parcel,1,8.1,2.1,Evening,Sunday,True,Strong,58.7
ORD14072,Birnin Kebbi Hub,Argungu,56.3,Keke (Tricycle),Paved,Clear,High,Parcel,0,1.2,2.2,Evening,Friday,False,Weak,183.4
ORD14073,Birnin Kebbi Hub,Argungu,62.5,Van,Unpaved,Clear,Low,Food,0,13.7,1.8,Afternoon,Monday,False,Weak,129.6
ORD14074,Birnin Kebbi Hub,Aliero,40.5,Van,Paved,Clear,Medium,Bulk Goods,0,32.6,1.6,Evening,Tuesday,False,Weak,70.4
ORD14075,Birnin Kebbi Hub,Jega,50.0,Truck,Paved,Harmattan Dust,Medium,Documents,4,0.4,1.9,Midday,Saturday,True,Strong,158.1
ORD14076,Birnin Kebbi Hub,Aliero,37.6,Motorcycle,Paved,Harmattan Dust,Low,Bulk Goods,1,39.2,3.8,Midday,Friday,False,Strong,80.3
ORD14077,Birnin Kebbi Hub,Bunza,36.5,Truck,Unpaved,Harmattan Dust,Low,Documents,2,1.6,3.6,Evening,Thursday,False,Strong,139.7
ORD14078,Birnin Kebbi Hub,Bunza,48.1,Truck,Unpaved,Harmattan Dust,Medium,Food,0,8.5,3.0,Evening,Sunday,True,Strong,183.0
ORD14079,Birnin Kebbi Hub,Bunza,49.4,Keke (Tricycle),Paved,Harmattan Dust,Low,Bulk Goods,3,20.2,3.5,Evening,Saturday,True,Strong,156.8
ORD14080,Birnin Kebbi Hub,Zuru,190.5,Truck,Paved,Rain,Low,Documents,0,1.5,2.9,Morning,Monday,False,Strong,400.9
ORD14081,Birnin Kebbi Hub,Jega,55.7,Motorcycle,Unpaved,Harmattan Dust,Low,Documents,0,4.1,1.6,Evening,Tuesday,False,Weak,155.2
ORD14082,Birnin Kebbi Hub,Birnin Kebbi,7.9,Truck,Paved,Harmattan Dust,Medium,Food,1,5.3,0.5,Afternoon,Tuesday,False,Weak,54.3
ORD14083,Birnin Kebbi Hub,Zuru,170.2,Motorcycle,Unpaved,Harmattan Dust,High,Documents,0,1.3,3.7,Evening,Saturday,True,Weak,780.3
ORD14084,Birnin Kebbi Hub,Kamba,132.6,Keke (Tricycle),Paved,Clear,High,Parcel,0,9.1,1.5,Evening,Friday,False,Strong,431.9
ORD14085,Birnin Kebbi Hub,Argungu,74.5,Keke (Tricycle),Unpaved,Rain,High,Documents,2,2.2,0.9,Morning,Monday,False,Weak,593.4
ORD14086,Birnin Kebbi Hub,Argungu,69.4,Motorcycle,Paved,Rain,Low,Parcel,0,3.5,2.0,Afternoon,Thursday,False,No Signal,136.2
ORD14087,Birnin Kebbi Hub,Aliero,29.1,Motorcycle,Paved,Harmattan Dust,Medium,Parcel,0,2.3,2.3,Midday,Tuesday,False,No Signal,69.1
ORD14088,Birnin Kebbi Hub,Birnin Kebbi,7.6,Truck,Paved,Clear,Low,Documents,0,1.6,0.3,Evening,Wednesday,False,Strong,22.3
ORD14089,Birnin Kebbi Hub,Kamba,147.6,Motorcycle,Paved,Harmattan Dust,Low,Bulk Goods,4,38.8,1.1,Afternoon,Friday,False,Weak,253.0
ORD14090,Birnin Kebbi Hub,Zuru,168.9,Motorcycle,Unpaved,Clear,Low,Parcel,0,1.4,0.5,Morning,Saturday,True,Strong,357.0
ORD14091,Birnin Kebbi Hub,Birnin Kebbi,5.5,Motorcycle,Paved,Rain,High,Documents,0,2.0,3.2,Morning,Tuesday,False,Weak,34.0
ORD14092,Birnin Kebbi Hub,Bunza,53.8,Motorcycle,Paved,Harmattan Dust,Medium,Parcel,0,4.6,11.0,Midday,Thursday,False,Weak,94.6
ORD14093,Birnin Kebbi Hub,Bunza,44.8,Motorcycle,Paved,Harmattan Dust,Medium,Parcel,4,2.7,1.0,Evening,Friday,False,Strong,99.1
ORD14094,Birnin Kebbi Hub,Birnin Kebbi,8.4,Van,Paved,Clear,Medium,Documents,0,0.4,2.1,Midday,Wednesday,False,Weak,11.8
ORD14095,Birnin Kebbi Hub,Jega,63.4,Keke (Tricycle),Paved,Clear,High,Documents,0,6.6,1.7,Morning,Monday,False,Weak,215.5
ORD14096,Birnin Kebbi Hub,Zuru,174.3,Motorcycle,Unpaved,Clear,Low,Food,0,0.2,1.3,Morning,Friday,False,Weak,363.9
ORD14097,Birnin Kebbi Hub,Kamba,116.1,Truck,Paved,Rain,Low,Food,0,3.2,1.7,Afternoon,Wednesday,False,Weak,259.1
ORD14098,Birnin Kebbi Hub,Argungu,57.6,Motorcycle,Unpaved,Clear,High,Parcel,1,8.9,0.5,Afternoon,Monday,False,Strong,233.9
ORD14099,Birnin Kebbi Hub,Zuru,180.6,Van,Unpaved,Clear,Low,Bulk Goods,0,22.7,1.6,Evening,Tuesday,False,Strong,336.4
ORD14100,Birnin Kebbi Hub,Birnin Kebbi,5.7,Motorcycle,Paved,Harmattan Dust,Medium,Documents,0,4.8,1.4,Evening,Friday,False,Strong,29.1
ORD14101,Birnin Kebbi Hub,Bunza,32.4,Keke (Tricycle),Paved,Harmattan Dust,Low,Food,0,0.8,1.5,Evening,Friday,False,No Signal,86.7
ORD14102,Birnin Kebbi Hub,Birnin Kebbi,6.1,Motorcycle,Paved,Harmattan Dust,Medium,Food,1,2.3,2.5,Midday,Thursday,False,Strong,15.3
ORD14103,Birnin Kebbi Hub,Birnin Kebbi,9.2,Motorcycle,Paved,Rain,Low,Food,0,5.4,4.9,Midday,Thursday,False,Strong,22.8
ORD14104,Birnin Kebbi Hub,Zuru,140.8,Truck,Paved,Clear,Low,Food,0,1.8,1.2,Midday,Sunday,True,Weak,211.7
ORD14105,Birnin Kebbi Hub,Argungu,70.2,Motorcycle,Paved,Clear,Low,Documents,0,0.6,2.1,Midday,Monday,False,Weak,91.4
ORD14106,Birnin Kebbi Hub,Birnin Kebbi,7.8,Motorcycle,Paved,Rain,High,Food,0,4.1,2.4,Morning,Wednesday,False,Strong,33.9
ORD14107,Birnin Kebbi Hub,Bunza,43.2,Motorcycle,Paved,Clear,Medium,Food,2,9.9,3.8,Afternoon,Sunday,True,Strong,84.8
ORD14108,Birnin Kebbi Hub,Jega,49.4,Keke (Tricycle),Unpaved,Harmattan Dust,Medium,Bulk Goods,1,22.9,5.1,Afternoon,Saturday,True,Strong,280.2
ORD14109,Birnin Kebbi Hub,Birnin Kebbi,3.6,Motorcycle,Paved,Rain,Medium,Parcel,0,3.2,0.9,Evening,Tuesday,False,Strong,17.2
ORD14110,Birnin Kebbi Hub,Argungu,68.2,Keke (Tricycle),Unpaved,Harmattan Dust,Medium,Parcel,0,1.8,3.2,Morning,Tuesday,False,Strong,339.4
ORD14111,Birnin Kebbi Hub,Argungu,66.7,Keke (Tricycle),Paved,Clear,Medium,Food,0,3.2,0.4,Evening,Tuesday,False,Strong,149.6
ORD14112,Birnin Kebbi Hub,Birnin Kebbi,4.4,Motorcycle,Unpaved,Clear,Low,Parcel,0,13.7,8.8,Midday,Friday,False,Strong,21.8
ORD14113,Birnin Kebbi Hub,Jega,40.6,Van,Paved,Rain,Low,Parcel,1,3.3,2.8,Morning,Sunday,True,No Signal,95.4
ORD14114,Birnin Kebbi Hub,Yauri,155.0,Keke (Tricycle),Paved,Clear,High,Parcel,0,2.4,1.8,Morning,Friday,False,Strong,492.3
ORD14115,Birnin Kebbi Hub,Kamba,143.3,Van,Paved,Rain,Low,Food,0,12.4,2.6,Evening,Sunday,True,Strong,236.9
ORD14116,Birnin Kebbi Hub,Argungu,75.9,Motorcycle,Unpaved,Rain,Low,Parcel,2,0.4,3.0,Morning,Friday,False,Strong,255.7
ORD14117,Birnin Kebbi Hub,Birnin Kebbi,7.4,Keke (Tricycle),Paved,Clear,High,Food,1,2.0,2.0,Midday,Wednesday,False,Strong,35.2
ORD14118,Birnin Kebbi Hub,Bunza,39.8,Keke (Tricycle),Paved,Clear,High,Food,0,1.2,3.3,Morning,Wednesday,False,Strong,127.2
ORD14119,Birnin Kebbi Hub,Birnin Kebbi,7.2,Van,Paved,Clear,High,Bulk Goods,0,39.2,2.7,Morning,Tuesday,False,No Signal,41.3
ORD14120,Birnin Kebbi Hub,Birnin Kebbi,9.9,Van,Paved,Clear,Medium,Parcel,1,1.8,0.8,Midday,Wednesday,False,No Signal,42.6
ORD14121,Birnin Kebbi Hub,Jega,58.3,Keke (Tricycle),Paved,Clear,Medium,Parcel,0,0.4,3.3,Midday,Sunday,True,Strong,124.2
ORD14122,Birnin Kebbi Hub,Jega,54.9,Van,Paved,Harmattan Dust,Medium,Food,0,4.0,1.5,Morning,Wednesday,False,Weak,109.6
ORD14123,Birnin Kebbi Hub,Yauri,162.9,Keke (Tricycle),Paved,Harmattan Dust,Low,Bulk Goods,2,33.5,1.9,Evening,Monday,False,Strong,401.0
ORD14124,Birnin Kebbi Hub,Jega,54.6,Keke (Tricycle),Paved,Harmattan Dust,Medium,Parcel,0,4.6,0.4,Morning,Monday,False,Strong,172.3
ORD14125,Birnin Kebbi Hub,Kamba,122.6,Keke (Tricycle),Unpaved,Clear,Medium,Food,2,2.5,0.5,Morning,Friday,False,Weak,511.2
ORD14126,Birnin Kebbi Hub,Birnin Kebbi,6.8,Keke (Tricycle),Unpaved,Clear,Low,Parcel,3,2.4,4.6,Morning,Friday,False,Weak,53.4
ORD14127,Birnin Kebbi Hub,Bunza,51.5,Motorcycle,Paved,Harmattan Dust,Low,Food,0,2.5,1.1,Afternoon,Tuesday,False,Strong,73.3
ORD14128,Birnin Kebbi Hub,Bunza,31.9,Keke (Tricycle),Paved,Clear,Low,Parcel,0,3.6,3.0,Evening,Tuesday,False,Strong,66.7
ORD14129,Birnin Kebbi Hub,Aliero,33.8,Van,Paved,Harmattan Dust,High,Food,2,0.5,3.8,Morning,Thursday,False,Strong,110.2
ORD14130,Birnin Kebbi Hub,Jega,60.1,Van,Unpaved,Harmattan Dust,Low,Bulk Goods,0,39.7,5.0,Morning,Saturday,True,Strong,162.0
ORD14131,Birnin Kebbi Hub,Birnin Kebbi,1.7,Motorcycle,Paved,Clear,High,Parcel,0,10.9,1.7,Evening,Tuesday,False,Strong,8.1
ORD14132,Birnin Kebbi Hub,Argungu,82.0,Truck,Paved,Clear,Low,Parcel,1,0.9,1.1,Morning,Sunday,True,Weak,147.4
ORD14133,Birnin Kebbi Hub,Aliero,37.5,Keke (Tricycle),Unpaved,Rain,Low,Food,1,0.2,2.6,Midday,Wednesday,False,Weak,203.6
ORD14134,Birnin Kebbi Hub,Argungu,57.0,Van,Unpaved,Harmattan Dust,Low,Documents,0,1.4,6.0,Afternoon,Thursday,False,Strong,144.0
ORD14135,Birnin Kebbi Hub,Argungu,69.2,Motorcycle,Unpaved,Rain,Low,Parcel,0,4.5,5.3,Midday,Friday,False,Strong,218.5
ORD14136,Birnin Kebbi Hub,Zuru,184.3,Keke (Tricycle),Unpaved,Harmattan Dust,High,Parcel,1,7.4,1.4,Morning,Tuesday,False,Weak,1329.7
ORD14137,Birnin Kebbi Hub,Argungu,68.2,Motorcycle,Paved,Clear,Low,Documents,0,11.1,1.2,Evening,Sunday,True,Strong,85.7
ORD14138,Birnin Kebbi Hub,Yauri,139.5,Motorcycle,Paved,Clear,High,Bulk Goods,0,23.8,1.9,Morning,Monday,False,Strong,305.5
ORD14139,Birnin Kebbi Hub,Kamba,145.2,Keke (Tricycle),Unpaved,Clear,Medium,Bulk Goods,1,37.2,1.6,Morning,Wednesday,False,Strong,605.4
ORD14140,Birnin Kebbi Hub,Kamba,116.0,Keke (Tricycle),Paved,Clear,Low,Parcel,0,4.9,1.5,Morning,Monday,False,No Signal,229.1
ORD14141,Birnin Kebbi Hub,Yauri,163.9,Motorcycle,Paved,Rain,High,Parcel,2,1.4,4.2,Evening,Wednesday,False,Strong,518.9
ORD14142,Birnin Kebbi Hub,Birnin Kebbi,5.4,Van,Paved,Harmattan Dust,Medium,Bulk Goods,0,29.6,0.3,Evening,Friday,False,Strong,20.0
ORD14143,Birnin Kebbi Hub,Birnin Kebbi,4.8,Motorcycle,Paved,Clear,Medium,Parcel,0,0.8,3.1,Midday,Tuesday,False,Weak,21.4
ORD14144,Birnin Kebbi Hub,Kamba,132.6,Keke (Tricycle),Unpaved,Harmattan Dust,Low,Food,0,2.1,1.1,Midday,Saturday,True,Strong,522.3
ORD14145,Birnin Kebbi Hub,Argungu,80.6,Van,Paved,Clear,Low,Parcel,1,7.8,2.8,Midday,Wednesday,False,Strong,101.7
ORD14146,Birnin Kebbi Hub,Argungu,70.0,Motorcycle,Unpaved,Clear,Medium,Parcel,0,0.9,3.1,Midday,Saturday,True,Strong,176.8
ORD14147,Birnin Kebbi Hub,Zuru,168.9,Keke (Tricycle),Paved,Harmattan Dust,High,Documents,1,0.6,1.0,Evening,Tuesday,False,Weak,677.3
ORD14148,Birnin Kebbi Hub,Bunza,42.0,Van,Paved,Rain,High,Food,3,5.1,0.5,Midday,Monday,False,Strong,151.7
ORD14149,Birnin Kebbi Hub,Argungu,69.6,Motorcycle,Paved,Rain,Low,Bulk Goods,0,20.2,2.8,Midday,Sunday,True,Strong,131.2
ORD14150,Birnin Kebbi Hub,Birnin Kebbi,7.1,Motorcycle,Paved,Clear,Medium,Parcel,0,3.7,2.6,Morning,Monday,False,Strong,15.8
ORD14151,Birnin Kebbi Hub,Birnin Kebbi,8.4,Motorcycle,Unpaved,Clear,Low,Documents,1,0.2,0.9,Midday,Monday,False,No Signal,38.0
ORD14152,Birnin Kebbi Hub,Argungu,62.1,Motorcycle,Paved,Clear,Low,Parcel,0,0.7,2.7,Afternoon,Thursday,False,Weak,90.5
ORD14153,Birnin Kebbi Hub,Jega,54.7,Keke (Tricycle),Paved,Clear,Medium,Bulk Goods,0,31.8,1.5,Afternoon,Sunday,True,No Signal,169.2
ORD14154,Birnin Kebbi Hub,Kamba,163.4,Motorcycle,Paved,Rain,High,Documents,1,9.7,0.9,Midday,Wednesday,False,Strong,524.9
ORD14155,Birnin Kebbi Hub,Argungu,61.5,Motorcycle,Unpaved,Clear,Low,Parcel,0,1.1,11.7,Midday,Friday,False,Strong,114.0
ORD14156,Birnin Kebbi Hub,Jega,55.1,Keke (Tricycle),Paved,Clear,Low,Food,0,0.2,1.9,Afternoon,Monday,False,Strong,118.8
ORD14157,Birnin Kebbi Hub,Birnin Kebbi,4.3,Keke (Tricycle),Paved,Clear,High,Bulk Goods,0,39.2,2.2,Afternoon,Sunday,True,Strong,49.9
ORD14158,Birnin Kebbi Hub,Argungu,63.6,Motorcycle,Paved,Rain,Low,Parcel,1,2.0,1.4,Morning,Thursday,False,Strong,117.7
ORD14159,Birnin Kebbi Hub,Birnin Kebbi,7.8,Motorcycle,Paved,Clear,Low,Parcel,1,1.1,1.8,Afternoon,Monday,False,Strong,31.6
ORD14160,Birnin Kebbi Hub,Bunza,53.0,Motorcycle,Unpaved,Clear,High,Parcel,0,5.5,0.1,Morning,Sunday,True,Weak,212.3
ORD14161,Birnin Kebbi Hub,Bunza,47.3,Keke (Tricycle),Unpaved,Clear,Low,Food,4,2.6,0.7,Evening,Wednesday,False,Strong,178.9
ORD14162,Birnin Kebbi Hub,Yauri,165.6,Motorcycle,Unpaved,Clear,Low,Parcel,1,15.8,1.2,Afternoon,Thursday,False,No Signal,365.6
ORD14163,Birnin Kebbi Hub,Kamba,181.8,Keke (Tricycle),Paved,Rain,Low,Parcel,0,1.5,5.4,Afternoon,Sunday,True,Strong,501.1
ORD14164,Birnin Kebbi Hub,Argungu,67.0,Motorcycle,Paved,Clear,Low,Parcel,0,3.9,4.1,Afternoon,Tuesday,False,Strong,83.3
ORD14165,Birnin Kebbi Hub,Argungu,65.5,Keke (Tricycle),Paved,Clear,High,Parcel,1,0.2,7.0,Midday,Monday,False,Weak,208.1
ORD14166,Birnin Kebbi Hub,Zuru,170.3,Motorcycle,Unpaved,Rain,Medium,Parcel,2,2.8,2.5,Midday,Friday,False,Strong,668.6
ORD14167,Birnin Kebbi Hub,Argungu,77.5,Keke (Tricycle),Paved,Rain,Low,Parcel,2,0.3,6.4,Morning,Thursday,False,Weak,220.2
ORD14168,Birnin Kebbi Hub,Bunza,42.7,Keke (Tricycle),Paved,Rain,Medium,Parcel,1,4.3,0.8,Afternoon,Wednesday,False,No Signal,170.8
ORD14169,Birnin Kebbi Hub,Jega,60.7,Motorcycle,Unpaved,Harmattan Dust,Medium,Documents,1,7.1,3.9,Morning,Friday,False,Weak,211.5
ORD14170,Birnin Kebbi Hub,Argungu,77.2,Truck,Unpaved,Clear,Low,Parcel,1,6.6,2.3,Midday,Saturday,True,Strong,219.7
ORD14171,Birnin Kebbi Hub,Jega,58.2,Motorcycle,Paved,Clear,Medium,Parcel,0,1.0,1.1,Midday,Friday,False,No Signal,80.5
ORD14172,Birnin Kebbi Hub,Aliero,36.7,Truck,Paved,Clear,High,Documents,1,2.6,5.1,Evening,Thursday,False,Weak,107.8
ORD14173,Birnin Kebbi Hub,Jega,60.4,Motorcycle,Unpaved,Harmattan Dust,High,Parcel,0,0.6,0.2,Evening,Friday,False,Strong,282.3
ORD14174,Birnin Kebbi Hub,Bunza,50.0,Van,Unpaved,Clear,Medium,Documents,1,4.4,2.5,Morning,Monday,False,Strong,143.1
ORD14175,Birnin Kebbi Hub,Jega,63.0,Keke (Tricycle),Unpaved,Rain,Medium,Parcel,1,10.1,2.9,Morning,Saturday,True,Weak,407.6
ORD14176,Birnin Kebbi Hub,Birnin Kebbi,6.4,Truck,Paved,Clear,Low,Food,0,2.8,4.1,Midday,Sunday,True,Weak,17.6
ORD14177,Birnin Kebbi Hub,Yauri,176.6,Motorcycle,Paved,Clear,High,Parcel,3,0.8,2.3,Evening,Wednesday,False,No Signal,382.1
ORD14178,Birnin Kebbi Hub,Birnin Kebbi,9.7,Motorcycle,Paved,Harmattan Dust,Low,Food,0,1.8,0.7,Morning,Sunday,True,Weak,32.0
ORD14179,Birnin Kebbi Hub,Birnin Kebbi,4.5,Keke (Tricycle),Paved,Harmattan Dust,High,Parcel,0,2.0,3.7,Morning,Friday,False,Strong,29.7
ORD14180,Birnin Kebbi Hub,Zuru,185.3,Keke (Tricycle),Unpaved,Rain,Low,Food,0,0.3,0.3,Morning,Monday,False,No Signal,907.5
ORD14181,Birnin Kebbi Hub,Yauri,183.0,Van,Unpaved,Clear,High,Food,0,0.2,2.1,Midday,Tuesday,False,Weak,614.6
ORD14182,Birnin Kebbi Hub,Yauri,160.8,Motorcycle,Paved,Clear,Low,Food,0,1.8,0.3,Evening,Sunday,True,Weak,202.0
ORD14183,Birnin Kebbi Hub,Bunza,41.2,Motorcycle,Unpaved,Clear,High,Parcel,1,3.6,4.9,Afternoon,Sunday,True,Strong,173.1
ORD14184,Birnin Kebbi Hub,Zuru,199.5,Motorcycle,Unpaved,Harmattan Dust,High,Parcel,0,0.5,0.3,Midday,Tuesday,False,Weak,916.5
ORD14185,Birnin Kebbi Hub,Birnin Kebbi,8.5,Motorcycle,Paved,Rain,High,Food,0,0.4,4.0,Midday,Sunday,True,No Signal,40.6
ORD14186,Birnin Kebbi Hub,Kamba,119.7,Keke (Tricycle),Paved,Clear,Medium,Parcel,0,2.0,1.0,Afternoon,Saturday,True,Strong,277.9
ORD14187,Birnin Kebbi Hub,Yauri,150.9,Keke (Tricycle),Paved,Harmattan Dust,Medium,Bulk Goods,0,25.1,3.3,Morning,Monday,False,Weak,444.0
ORD14188,Birnin Kebbi Hub,Birnin Kebbi,2.9,Motorcycle,Paved,Clear,Medium,Parcel,0,11.3,1.4,Evening,Sunday,True,Strong,19.0
ORD14189,Birnin Kebbi Hub,Argungu,80.4,Keke (Tricycle),Unpaved,Clear,Low,Documents,0,15.0,3.0,Afternoon,Monday,False,Weak,278.2
ORD14190,Birnin Kebbi Hub,Aliero,31.0,Keke (Tricycle),Paved,Harmattan Dust,Medium,Food,0,1.7,2.4,Morning,Tuesday,False,Weak,103.6
ORD14191,Birnin Kebbi Hub,Birnin Kebbi,3.5,Keke (Tricycle),Unpaved,Harmattan Dust,Medium,Parcel,0,0.6,5.1,Midday,Wednesday,False,Weak,28.4
ORD14192,Birnin Kebbi Hub,Yauri,161.3,Motorcycle,Paved,Clear,Low,Food,1,4.0,2.5,Morning,Tuesday,False,Strong,198.3
ORD14193,Birnin Kebbi Hub,Birnin Kebbi,5.4,Keke (Tricycle),Paved,Clear,Medium,Bulk Goods,0,24.8,2.2,Evening,Friday,False,Weak,35.9
ORD14194,Birnin Kebbi Hub,Argungu,54.1,Keke (Tricycle),Paved,Clear,Low,Parcel,0,6.1,3.1,Morning,Saturday,True,Strong,117.4
ORD14195,Birnin Kebbi Hub,Bunza,46.5,Keke (Tricycle),Unpaved,Harmattan Dust,Medium,Food,0,3.0,1.6,Midday,Saturday,True,No Signal,254.1
ORD14196,Birnin Kebbi Hub,Jega,64.9,Motorcycle,Unpaved,Harmattan Dust,Medium,Food,1,5.2,4.4,Morning,Wednesday,False,Strong,214.8
ORD14197,Birnin Kebbi Hub,Zuru,198.6,Van,Unpaved,Harmattan Dust,Low,Documents,0,1.6,6.6,Midday,Sunday,True,Weak,462.3
ORD14198,Birnin Kebbi Hub,Jega,64.6,Motorcycle,Paved,Rain,Low,Parcel,0,5.3,0.7,Midday,Sunday,True,Strong,128.9
ORD14199,Birnin Kebbi Hub,Argungu,66.7,Van,Paved,Clear,Medium,Bulk Goods,0,21.1,1.8,Midday,Monday,False,No Signal,109.4
ORD14200,Birnin Kebbi Hub,Birnin Kebbi,3.4,Motorcycle,Unpaved,Rain,High,Documents,2,13.9,2.2,Evening,Saturday,True,Weak,45.6
ORD14201,Birnin Kebbi Hub,Jega,56.3,Van,Paved,Clear,Low,Parcel,0,9.0,3.0,Midday,Thursday,False,No Signal,67.5
ORD14202,Birnin Kebbi Hub,Birnin Kebbi,5.0,Motorcycle,Paved,Rain,Low,Parcel,4,1.3,1.6,Morning,Monday,False,Weak,28.2
ORD14203,Birnin Kebbi Hub,Argungu,64.8,Motorcycle,Unpaved,Clear,Medium,Parcel,0,9.8,3.1,Morning,Tuesday,False,Strong,179.4
ORD14204,Birnin Kebbi Hub,Zuru,178.6,Keke (Tricycle),Unpaved,Rain,Medium,Parcel,1,5.6,1.8,Midday,Friday,False,Weak,1090.9
ORD14205,Birnin Kebbi Hub,Bunza,39.0,Keke (Tricycle),Paved,Harmattan Dust,Low,Food,0,19.7,6.5,Evening,Tuesday,False,No Signal,101.9
ORD14206,Birnin Kebbi Hub,Aliero,31.9,Keke (Tricycle),Unpaved,Harmattan Dust,Low,Food,2,1.3,0.7,Midday,Tuesday,False,Strong,145.1
ORD14207,Birnin Kebbi Hub,Yauri,161.2,Keke (Tricycle),Paved,Clear,Low,Parcel,2,2.8,0.8,Morning,Thursday,False,Strong,305.0
ORD14208,Birnin Kebbi Hub,Bunza,52.6,Keke (Tricycle),Unpaved,Clear,Medium,Bulk Goods,2,34.5,1.6,Midday,Friday,False,Weak,243.2
ORD14209,Birnin Kebbi Hub,Jega,51.8,Van,Unpaved,Clear,Low,Bulk Goods,0,17.0,0.6,Afternoon,Friday,False,Strong,108.6
ORD14210,Birnin Kebbi Hub,Birnin Kebbi,1.6,Keke (Tricycle),Paved,Clear,Low,Documents,3,6.0,0.4,Morning,Wednesday,False,Strong,38.3
ORD14211,Birnin Kebbi Hub,Birnin Kebbi,5.4,Motorcycle,Paved,Clear,High,Bulk Goods,1,37.7,1.8,Afternoon,Friday,False,Strong,54.7
ORD14212,Birnin Kebbi Hub,Argungu,92.7,Keke (Tricycle),Paved,Clear,Medium,Bulk Goods,2,23.4,2.3,Evening,Sunday,True,Weak,237.1
ORD14213,Birnin Kebbi Hub,Jega,63.3,Keke (Tricycle),Paved,Clear,Low,Documents,0,4.4,2.5,Morning,Wednesday,False,Weak,134.5
ORD14214,Birnin Kebbi Hub,Birnin Kebbi,5.5,Motorcycle,Paved,Clear,Low,Parcel,0,4.9,1.4,Evening,Monday,False,No Signal,35.6
ORD14215,Birnin Kebbi Hub,Kamba,125.1,Motorcycle,Paved,Clear,Medium,Documents,1,9.8,3.7,Evening,Sunday,True,Weak,198.5
ORD14216,Birnin Kebbi Hub,Bunza,47.1,Motorcycle,Paved,Rain,Low,Parcel,2,6.0,1.1,Afternoon,Friday,False,Weak,105.7
ORD14217,Birnin Kebbi Hub,Birnin Kebbi,6.2,Motorcycle,Paved,Clear,Medium,Parcel,0,0.6,2.1,Morning,Saturday,True,No Signal,37.6
ORD14218,Birnin Kebbi Hub,Bunza,40.6,Motorcycle,Paved,Rain,Low,Parcel,3,11.4,5.3,Afternoon,Monday,False,Weak,106.6
ORD14219,Birnin Kebbi Hub,Aliero,32.6,Keke (Tricycle),Paved,Clear,Medium,Documents,0,8.3,2.8,Evening,Friday,False,Strong,82.6
ORD14220,Birnin Kebbi Hub,Bunza,39.1,Motorcycle,Unpaved,Harmattan Dust,Low,Food,0,5.6,5.6,Afternoon,Saturday,True,Weak,103.2
ORD14221,Birnin Kebbi Hub,Jega,58.0,Motorcycle,Unpaved,Clear,High,Parcel,0,0.7,3.0,Afternoon,Thursday,False,Strong,213.0
ORD14222,Birnin Kebbi Hub,Aliero,36.9,Keke (Tricycle),Unpaved,Clear,Medium,Parcel,0,2.3,3.7,Evening,Wednesday,False,Strong,157.0
ORD14223,Birnin Kebbi Hub,Argungu,65.5,Van,Unpaved,Clear,Low,Food,0,0.7,2.9,Afternoon,Tuesday,False,Strong,139.5
ORD14224,Birnin Kebbi Hub,Bunza,48.0,Van,Paved,Harmattan Dust,Low,Food,0,11.3,1.4,Morning,Thursday,False,Strong,69.2
ORD14225,Birnin Kebbi Hub,Argungu,60.4,Motorcycle,Paved,Harmattan Dust,Medium,Parcel,0,6.5,4.2,Midday,Saturday,True,Weak,130.6
ORD14226,Birnin Kebbi Hub,Birnin Kebbi,6.3,Keke (Tricycle),Paved,Clear,Medium,Documents,0,2.0,3.5,Midday,Friday,False,No Signal,23.7
ORD14227,Birnin Kebbi Hub,Aliero,31.1,Motorcycle,Paved,Clear,Low,Parcel,0,9.2,1.3,Afternoon,Friday,False,Weak,56.6
ORD14228,Birnin Kebbi Hub,Kamba,150.0,Van,Unpaved,Clear,Low,Bulk Goods,0,33.9,0.8,Midday,Sunday,True,Strong,300.3
ORD14229,Birnin Kebbi Hub,Birnin Kebbi,4.5,Keke (Tricycle),Paved,Clear,Low,Parcel,0,4.4,2.8,Afternoon,Friday,False,Strong,25.2
ORD14230,Birnin Kebbi Hub,Bunza,49.9,Truck,Unpaved,Rain,Medium,Parcel,1,0.9,2.4,Midday,Wednesday,False,Strong,240.9
ORD14231,Birnin Kebbi Hub,Jega,51.0,Truck,Unpaved,Clear,Low,Parcel,2,10.5,4.2,Morning,Monday,False,Strong,163.1
ORD14232,Birnin Kebbi Hub,Bunza,53.8,Keke (Tricycle),Unpaved,Clear,Low,Food,0,4.5,1.5,Evening,Friday,False,Strong,176.0
ORD14233,Birnin Kebbi Hub,Birnin Kebbi,5.2,Truck,Paved,Clear,Medium,Food,0,1.1,1.9,Midday,Sunday,True,Weak,10.2
ORD14234,Birnin Kebbi Hub,Jega,65.2,Keke (Tricycle),Unpaved,Clear,Medium,Food,2,2.6,3.5,Afternoon,Monday,False,Strong,287.4
ORD14235,Birnin Kebbi Hub,Kamba,112.6,Motorcycle,Paved,Harmattan Dust,Medium,Food,0,4.5,3.9,Evening,Thursday,False,Strong,203.9
ORD14236,Birnin Kebbi Hub,Birnin Kebbi,5.3,Motorcycle,Unpaved,Clear,Medium,Bulk Goods,3,35.1,5.1,Morning,Thursday,False,Strong,55.5
ORD14237,Birnin Kebbi Hub,Zuru,186.3,Van,Paved,Clear,Low,Parcel,0,2.7,1.6,Morning,Wednesday,False,Weak,213.8
ORD14238,Birnin Kebbi Hub,Argungu,67.7,Keke (Tricycle),Paved,Clear,Low,Food,0,7.0,2.4,Evening,Tuesday,False,Strong,130.9
ORD14239,Birnin Kebbi Hub,Zuru,166.3,Motorcycle,Unpaved,Clear,Low,Parcel,0,3.8,2.0,Afternoon,Tuesday,False,Weak,345.3
ORD14240,Birnin Kebbi Hub,Birnin Kebbi,6.9,Keke (Tricycle),Unpaved,Clear,Medium,Parcel,2,0.2,5.8,Morning,Wednesday,False,Strong,47.4
ORD14241,Birnin Kebbi Hub,Aliero,36.9,Keke (Tricycle),Paved,Clear,Medium,Food,1,0.7,3.5,Morning,Wednesday,False,Strong,95.2
ORD14242,Birnin Kebbi Hub,Birnin Kebbi,8.9,Motorcycle,Paved,Clear,Medium,Bulk Goods,2,37.5,2.1,Morning,Monday,False,Weak,59.7
ORD14243,Birnin Kebbi Hub,Argungu,52.5,Truck,Unpaved,Clear,Low,Parcel,3,8.1,5.1,Evening,Monday,False,No Signal,182.6
ORD14244,Birnin Kebbi Hub,Aliero,38.6,Van,Paved,Harmattan Dust,Medium,Bulk Goods,1,45.7,1.3,Morning,Monday,False,Weak,99.6
ORD14245,Birnin Kebbi Hub,Birnin Kebbi,4.9,Van,Paved,Clear,Medium,Parcel,0,0.8,0.9,Evening,Wednesday,False,No Signal,25.7
ORD14246,Birnin Kebbi Hub,Birnin Kebbi,7.0,Keke (Tricycle),Paved,Harmattan Dust,Medium,Parcel,0,0.7,2.1,Afternoon,Tuesday,False,Weak,31.9
ORD14247,Birnin Kebbi Hub,Birnin Kebbi,9.5,Motorcycle,Paved,Clear,Low,Food,2,0.7,0.7,Evening,Saturday,True,Weak,32.0
ORD14248,Birnin Kebbi Hub,Jega,58.7,Motorcycle,Unpaved,Harmattan Dust,Medium,Food,0,0.9,1.3,Evening,Thursday,False,Strong,181.2
ORD14249,Birnin Kebbi Hub,Aliero,27.3,Motorcycle,Paved,Clear,Medium,Parcel,2,2.6,4.7,Afternoon,Thursday,False,Weak,55.6
ORD14250,Birnin Kebbi Hub,Zuru,181.4,Keke (Tricycle),Paved,Harmattan Dust,High,Parcel,0,6.8,2.3,Morning,Tuesday,False,Strong,722.1
ORD14251,Birnin Kebbi Hub,Birnin Kebbi,5.5,Keke (Tricycle),Paved,Rain,Low,Bulk Goods,0,38.9,3.1,Afternoon,Saturday,True,Strong,54.4
ORD14252,Birnin Kebbi Hub,Jega,55.8,Motorcycle,Unpaved,Harmattan Dust,High,Documents,2,8.0,1.0,Midday,Thursday,False,Strong,276.8
ORD14253,Birnin Kebbi Hub,Birnin Kebbi,3.6,Motorcycle,Paved,Rain,Medium,Bulk Goods,1,20.7,0.7,Morning,Monday,False,Weak,36.7
ORD14254,Birnin Kebbi Hub,Zuru,197.2,Motorcycle,Paved,Clear,High,Food,0,1.1,2.6,Evening,Tuesday,False,No Signal,397.5
ORD14255,Birnin Kebbi Hub,Argungu,59.6,Motorcycle,Unpaved,Clear,Low,Food,0,1.9,9.1,Morning,Tuesday,False,Strong,120.9
ORD14256,Birnin Kebbi Hub,Aliero,33.1,Keke (Tricycle),Paved,Clear,Medium,Bulk Goods,1,19.0,0.3,Midday,Sunday,True,Weak,98.7
ORD14257,Birnin Kebbi Hub,Jega,59.1,Van,Paved,Rain,High,Food,2,2.7,5.9,Evening,Monday,False,Weak,192.6
ORD14258,Birnin Kebbi Hub,Aliero,38.9,Keke (Tricycle),Unpaved,Harmattan Dust,High,Food,2,3.6,2.0,Afternoon,Tuesday,False,Weak,304.7
ORD14259,Birnin Kebbi Hub,Aliero,36.4,Keke (Tricycle),Unpaved,Rain,Low,Food,2,0.6,2.6,Midday,Wednesday,False,Weak,191.7
ORD14260,Birnin Kebbi Hub,Bunza,49.5,Motorcycle,Paved,Clear,Medium,Parcel,2,4.0,2.4,Evening,Monday,False,Weak,91.7
ORD14261,Birnin Kebbi Hub,Argungu,55.5,Van,Paved,Harmattan Dust,Medium,Parcel,0,2.5,2.5,Evening,Monday,False,Weak,102.8
ORD14262,Birnin Kebbi Hub,Bunza,47.1,Motorcycle,Paved,Rain,Low,Parcel,1,3.8,2.8,Morning,Thursday,False,Weak,98.8
ORD14263,Birnin Kebbi Hub,Birnin Kebbi,5.6,Motorcycle,Paved,Harmattan Dust,High,Parcel,1,1.0,2.8,Evening,Thursday,False,No Signal,29.1
ORD14264,Birnin Kebbi Hub,Birnin Kebbi,1.5,Truck,Paved,Harmattan Dust,High,Bulk Goods,0,25.7,1.3,Midday,Wednesday,False,Weak,8.3
ORD14265,Birnin Kebbi Hub,Yauri,162.4,Keke (Tricycle),Paved,Harmattan Dust,Medium,Food,0,5.8,5.5,Morning,Monday,False,Weak,453.9
ORD14266,Birnin Kebbi Hub,Birnin Kebbi,10.8,Keke (Tricycle),Paved,Rain,Low,Documents,1,3.8,3.4,Morning,Tuesday,False,Strong,41.0
ORD14267,Birnin Kebbi Hub,Argungu,78.7,Motorcycle,Unpaved,Harmattan Dust,Medium,Parcel,0,0.2,0.8,Morning,Friday,False,No Signal,274.2
ORD14268,Birnin Kebbi Hub,Yauri,137.1,Keke (Tricycle),Unpaved,Clear,Medium,Food,1,2.5,1.4,Morning,Friday,False,Weak,552.1
ORD14269,Birnin Kebbi Hub,Yauri,162.6,Keke (Tricycle),Paved,Clear,Low,Parcel,0,3.0,2.3,Morning,Saturday,True,Strong,300.1
ORD14270,Birnin Kebbi Hub,Birnin Kebbi,6.8,Keke (Tricycle),Unpaved,Harmattan Dust,High,Bulk Goods,0,23.1,0.5,Midday,Friday,False,Strong,70.2
ORD14271,Birnin Kebbi Hub,Kamba,126.8,Motorcycle,Paved,Clear,Medium,Parcel,1,1.9,2.7,Morning,Friday,False,No Signal,205.8
ORD14272,Birnin Kebbi Hub,Birnin Kebbi,2.3,Van,Paved,Harmattan Dust,Medium,Parcel,1,12.8,2.9,Evening,Wednesday,False,Weak,24.8
ORD14273,Birnin Kebbi Hub,Jega,53.9,Keke (Tricycle),Paved,Harmattan Dust,High,Parcel,0,2.7,7.0,Afternoon,Friday,False,Weak,211.4
ORD14274,Birnin Kebbi Hub,Birnin Kebbi,6.8,Motorcycle,Paved,Clear,Low,Bulk Goods,2,28.7,3.2,Morning,Sunday,True,Strong,42.1
ORD14275,Birnin Kebbi Hub,Birnin Kebbi,4.4,Van,Paved,Clear,Low,Parcel,0,0.2,2.3,Midday,Wednesday,False,Strong,11.4
ORD14276,Birnin Kebbi Hub,Jega,58.1,Motorcycle,Unpaved,Clear,Low,Food,0,4.4,9.2,Morning,Saturday,True,No Signal,147.5
ORD14277,Birnin Kebbi Hub,Argungu,69.7,Van,Paved,Rain,Medium,Parcel,1,0.2,3.3,Afternoon,Thursday,False,Weak,160.4
ORD14278,Birnin Kebbi Hub,Aliero,38.1,Motorcycle,Paved,Rain,Low,Food,2,0.7,5.2,Evening,Tuesday,False,Strong,78.5
ORD14279,Birnin Kebbi Hub,Kamba,114.0,Motorcycle,Paved,Harmattan Dust,Low,Parcel,0,0.2,1.5,Afternoon,Monday,False,Strong,180.4
ORD14280,Birnin Kebbi Hub,Kamba,145.6,Keke (Tricycle),Unpaved,Clear,High,Food,0,3.4,5.3,Afternoon,Monday,False,Weak,840.6
ORD14281,Birnin Kebbi Hub,Birnin Kebbi,8.7,Van,Unpaved,Harmattan Dust,Low,Food,1,5.0,0.8,Morning,Monday,False,Strong,48.1
ORD14282,Birnin Kebbi Hub,Birnin Kebbi,2.8,Keke (Tricycle),Paved,Clear,High,Food,0,4.7,4.9,Midday,Monday,False,No Signal,26.1
ORD14283,Birnin Kebbi Hub,Birnin Kebbi,5.7,Keke (Tricycle),Unpaved,Clear,Low,Parcel,2,0.2,6.4,Morning,Monday,False,Weak,44.6
ORD14284,Birnin Kebbi Hub,Argungu,59.3,Keke (Tricycle),Paved,Clear,High,Parcel,2,14.7,1.7,Morning,Saturday,True,No Signal,227.0
ORD14285,Birnin Kebbi Hub,Aliero,30.0,Motorcycle,Paved,Rain,Low,Food,3,1.3,1.2,Midday,Thursday,False,Strong,66.8
ORD14286,Birnin Kebbi Hub,Bunza,41.8,Van,Unpaved,Clear,Low,Food,0,3.3,1.7,Morning,Friday,False,Weak,103.8
ORD14287,Birnin Kebbi Hub,Zuru,162.8,Keke (Tricycle),Paved,Clear,Medium,Bulk Goods,1,29.8,2.1,Evening,Tuesday,False,Weak,386.3
ORD14288,Birnin Kebbi Hub,Kamba,182.5,Keke (Tricycle),Paved,Harmattan Dust,Low,Parcel,1,2.0,0.9,Morning,Friday,False,Weak,405.5
ORD14289,Birnin Kebbi Hub,Bunza,40.4,Motorcycle,Unpaved,Clear,Medium,Documents,0,1.8,1.6,Morning,Sunday,True,Strong,121.6
ORD14290,Birnin Kebbi Hub,Birnin Kebbi,3.0,Van,Paved,Clear,High,Parcel,2,0.9,2.3,Midday,Monday,False,Strong,17.2
ORD14291,Birnin Kebbi Hub,Birnin Kebbi,5.2,Motorcycle,Paved,Rain,High,Documents,0,2.2,3.9,Midday,Wednesday,False,Weak,29.5
ORD14292,Birnin Kebbi Hub,Aliero,39.3,Motorcycle,Unpaved,Clear,Low,Parcel,0,6.2,2.1,Midday,Tuesday,False,Weak,94.8
ORD14293,Birnin Kebbi Hub,Aliero,29.0,Van,Paved,Clear,High,Food,0,1.6,0.9,Morning,Friday,False,Strong,70.5
ORD14294,Birnin Kebbi Hub,Argungu,65.7,Motorcycle,Unpaved,Clear,Low,Parcel,0,2.3,1.7,Morning,Saturday,True,Weak,148.9
ORD14295,Birnin Kebbi Hub,Zuru,207.4,Motorcycle,Paved,Clear,Low,Parcel,0,0.8,0.9,Evening,Saturday,True,Weak,241.8
ORD14296,Birnin Kebbi Hub,Jega,44.8,Truck,Paved,Clear,Medium,Food,0,2.5,2.2,Evening,Monday,False,Strong,82.8
ORD14297,Birnin Kebbi Hub,Argungu,74.1,Motorcycle,Paved,Clear,Medium,Parcel,1,0.7,7.4,Afternoon,Sunday,True,No Signal,132.0
ORD14298,Birnin Kebbi Hub,Bunza,47.4,Truck,Unpaved,Clear,Medium,Food,2,3.7,1.6,Morning,Thursday,False,No Signal,195.7
ORD14299,Birnin Kebbi Hub,Argungu,54.6,Van,Unpaved,Clear,Medium,Food,1,0.2,6.2,Midday,Thursday,False,Weak,133.0
ORD14300,Birnin Kebbi Hub,Argungu,60.4,Van,Paved,Rain,High,Food,0,0.6,1.8,Evening,Tuesday,False,No Signal,180.4
ORD14301,Birnin Kebbi Hub,Bunza,36.0,Motorcycle,Unpaved,Clear,Medium,Parcel,0,3.4,2.0,Morning,Friday,False,Strong,105.5
ORD14302,Birnin Kebbi Hub,Jega,66.6,Motorcycle,Paved,Rain,Medium,Parcel,0,3.8,6.2,Evening,Sunday,True,Strong,152.2
ORD14303,Birnin Kebbi Hub,Bunza,53.9,Motorcycle,Paved,Clear,Low,Bulk Goods,3,19.4,2.5,Morning,Friday,False,Weak,100.5
ORD14304,Birnin Kebbi Hub,Birnin Kebbi,5.9,Motorcycle,Paved,Clear,High,Documents,0,2.6,1.3,Midday,Wednesday,False,Strong,28.5
ORD14305,Birnin Kebbi Hub,Birnin Kebbi,5.9,Keke (Tricycle),Unpaved,Clear,Medium,Bulk Goods,1,38.9,4.7,Morning,Monday,False,Weak,77.1
ORD14306,Birnin Kebbi Hub,Argungu,74.7,Motorcycle,Paved,Clear,Medium,Parcel,3,3.8,2.4,Morning,Friday,False,Strong,138.6
ORD14307,Birnin Kebbi Hub,Birnin Kebbi,10.5,Truck,Unpaved,Rain,High,Food,2,3.4,1.9,Afternoon,Friday,False,Strong,107.2
ORD14308,Birnin Kebbi Hub,Bunza,43.8,Motorcycle,Paved,Clear,Low,Parcel,2,6.2,1.6,Afternoon,Monday,False,Weak,79.8
ORD14309,Birnin Kebbi Hub,Birnin Kebbi,4.4,Motorcycle,Paved,Clear,High,Documents,0,3.6,4.2,Evening,Monday,False,No Signal,27.8
ORD14310,Birnin Kebbi Hub,Birnin Kebbi,6.5,Van,Paved,Clear,Low,Documents,1,2.6,3.1,Morning,Wednesday,False,Weak,33.2
ORD14311,Birnin Kebbi Hub,Argungu,68.1,Truck,Paved,Rain,Low,Bulk Goods,1,25.7,3.2,Morning,Monday,False,Weak,172.0
ORD14312,Birnin Kebbi Hub,Argungu,69.7,Van,Unpaved,Clear,Low,Parcel,0,0.9,1.2,Afternoon,Tuesday,False,Strong,146.7
ORD14313,Birnin Kebbi Hub,Jega,62.4,Motorcycle,Paved,Clear,Low,Documents,0,10.7,1.9,Midday,Thursday,False,Weak,81.9
ORD14314,Birnin Kebbi Hub,Birnin Kebbi,3.6,Motorcycle,Paved,Rain,Medium,Food,4,1.7,1.9,Afternoon,Friday,False,No Signal,37.2
ORD14315,Birnin Kebbi Hub,Birnin Kebbi,6.8,Keke (Tricycle),Paved,Rain,Medium,Parcel,2,3.0,0.8,Evening,Monday,False,No Signal,52.2
ORD14316,Birnin Kebbi Hub,Birnin Kebbi,5.2,Motorcycle,Paved,Clear,Medium,Parcel,0,1.9,3.7,Afternoon,Thursday,False,Weak,24.6
ORD14317,Birnin Kebbi Hub,Jega,51.0,Van,Paved,Rain,High,Parcel,2,0.4,2.1,Morning,Monday,False,Strong,163.7
ORD14318,Birnin Kebbi Hub,Kamba,131.9,Motorcycle,Paved,Rain,Medium,Bulk Goods,0,31.3,2.6,Midday,Saturday,True,Weak,294.0
ORD14319,Birnin Kebbi Hub,Birnin Kebbi,6.8,Motorcycle,Paved,Clear,High,Parcel,0,0.4,4.0,Morning,Wednesday,False,Weak,38.0
ORD14320,Birnin Kebbi Hub,Jega,50.9,Motorcycle,Paved,Harmattan Dust,High,Food,0,1.5,7.0,Morning,Tuesday,False,Weak,133.4
ORD14321,Birnin Kebbi Hub,Birnin Kebbi,4.8,Truck,Paved,Clear,Medium,Food,2,0.5,1.7,Midday,Saturday,True,Strong,43.9
ORD14322,Birnin Kebbi Hub,Jega,57.7,Van,Paved,Clear,Medium,Food,1,5.0,3.0,Evening,Friday,False,Strong,100.9
ORD14323,Birnin Kebbi Hub,Yauri,147.1,Keke (Tricycle),Paved,Harmattan Dust,Medium,Documents,0,6.2,2.4,Midday,Thursday,False,Weak,402.6
ORD14324,Birnin Kebbi Hub,Bunza,35.7,Keke (Tricycle),Paved,Rain,High,Parcel,0,2.1,0.9,Morning,Thursday,False,Weak,182.7
ORD14325,Birnin Kebbi Hub,Zuru,168.4,Truck,Unpaved,Harmattan Dust,Low,Parcel,2,13.2,3.8,Midday,Monday,False,Strong,547.2
ORD14326,Birnin Kebbi Hub,Birnin Kebbi,2.0,Motorcycle,Paved,Clear,Low,Parcel,0,0.3,1.7,Afternoon,Wednesday,False,No Signal,15.4
ORD14327,Birnin Kebbi Hub,Yauri,168.1,Keke (Tricycle),Unpaved,Clear,Low,Parcel,0,1.0,3.8,Morning,Monday,False,Strong,540.7
ORD14328,Birnin Kebbi Hub,Argungu,73.8,Motorcycle,Paved,Harmattan Dust,High,Parcel,3,6.2,2.8,Morning,Sunday,True,Weak,221.6
ORD14329,Birnin Kebbi Hub,Argungu,72.5,Motorcycle,Paved,Clear,Medium,Parcel,2,3.8,0.2,Evening,Friday,False,Strong,117.2
ORD14330,Birnin Kebbi Hub,Aliero,34.1,Motorcycle,Unpaved,Clear,Low,Bulk Goods,0,38.9,3.8,Midday,Friday,False,No Signal,107.5
ORD14331,Birnin Kebbi Hub,Zuru,159.6,Van,Unpaved,Harmattan Dust,Low,Food,4,8.6,2.2,Morning,Saturday,True,Weak,421.2
ORD14332,Birnin Kebbi Hub,Birnin Kebbi,6.7,Motorcycle,Paved,Clear,Medium,Parcel,0,8.8,2.5,Morning,Thursday,False,No Signal,40.9
ORD14333,Birnin Kebbi Hub,Yauri,160.0,Truck,Paved,Clear,Low,Food,0,2.7,1.3,Evening,Thursday,False,Strong,225.4
ORD14334,Birnin Kebbi Hub,Zuru,162.6,Motorcycle,Unpaved,Clear,Low,Food,0,1.7,2.9,Morning,Friday,False,Weak,350.6
ORD14335,Birnin Kebbi Hub,Birnin Kebbi,7.7,Keke (Tricycle),Paved,Clear,High,Documents,0,9.0,2.0,Midday,Friday,False,Strong,23.5
ORD14336,Birnin Kebbi Hub,Birnin Kebbi,3.7,Motorcycle,Paved,Clear,Low,Bulk Goods,1,29.8,3.1,Evening,Tuesday,False,Strong,32.3
ORD14337,Birnin Kebbi Hub,Argungu,64.8,Keke (Tricycle),Unpaved,Harmattan Dust,Low,Bulk Goods,0,31.2,2.4,Afternoon,Monday,False,Strong,280.1
ORD14338,Birnin Kebbi Hub,Birnin Kebbi,9.9,Keke (Tricycle),Paved,Clear,Low,Documents,2,0.2,1.8,Evening,Thursday,False,Strong,48.1
ORD14339,Birnin Kebbi Hub,Bunza,45.1,Van,Paved,Clear,High,Parcel,2,3.0,2.3,Midday,Wednesday,False,Weak,120.9
ORD14340,Birnin Kebbi Hub,Kamba,141.3,Motorcycle,Unpaved,Clear,High,Food,0,7.9,2.8,Evening,Sunday,True,Weak,528.7
ORD14341,Birnin Kebbi Hub,Birnin Kebbi,5.4,Motorcycle,Paved,Clear,Low,Parcel,0,0.2,0.8,Midday,Tuesday,False,Strong,19.7
ORD14342,Birnin Kebbi Hub,Yauri,142.3,Motorcycle,Unpaved,Harmattan Dust,Medium,Food,0,0.7,3.2,Morning,Thursday,False,No Signal,460.8
ORD14343,Birnin Kebbi Hub,Aliero,27.0,Motorcycle,Paved,Clear,Low,Food,0,0.6,4.3,Evening,Wednesday,False,No Signal,46.3
ORD14344,Birnin Kebbi Hub,Birnin Kebbi,5.2,Motorcycle,Paved,Clear,Medium,Parcel,1,0.2,1.7,Midday,Tuesday,False,No Signal,25.2
ORD14345,Birnin Kebbi Hub,Bunza,49.3,Keke (Tricycle),Paved,Rain,Low,Food,0,3.2,1.7,Afternoon,Wednesday,False,Weak,144.6
ORD14346,Birnin Kebbi Hub,Argungu,58.0,Motorcycle,Unpaved,Clear,Medium,Parcel,0,2.2,5.4,Afternoon,Saturday,True,Weak,166.3
ORD14347,Birnin Kebbi Hub,Jega,60.5,Truck,Paved,Clear,Low,Parcel,0,8.2,5.4,Evening,Tuesday,False,Weak,91.9
ORD14348,Birnin Kebbi Hub,Birnin Kebbi,6.3,Van,Paved,Clear,Low,Parcel,3,4.1,1.6,Midday,Sunday,True,Strong,51.4
ORD14349,Birnin Kebbi Hub,Birnin Kebbi,5.4,Motorcycle,Paved,Clear,Low,Documents,0,7.1,1.3,Evening,Thursday,False,Weak,9.0
ORD14350,Birnin Kebbi Hub,Kamba,197.2,Motorcycle,Paved,Clear,Medium,Parcel,0,5.8,3.5,Midday,Sunday,True,No Signal,290.4
ORD14351,Birnin Kebbi Hub,Birnin Kebbi,4.6,Motorcycle,Paved,Rain,Medium,Documents,1,6.9,2.5,Morning,Sunday,True,Strong,36.9
ORD14352,Birnin Kebbi Hub,Argungu,69.5,Keke (Tricycle),Paved,Clear,Low,Parcel,2,2.8,3.6,Evening,Friday,False,Weak,146.4
ORD14353,Birnin Kebbi Hub,Birnin Kebbi,7.5,Truck,Paved,Clear,Low,Parcel,0,5.6,4.4,Evening,Saturday,True,Weak,21.0
ORD14354,Birnin Kebbi Hub,Birnin Kebbi,3.8,Van,Paved,Harmattan Dust,Medium,Parcel,0,4.4,1.4,Evening,Tuesday,False,Weak,28.8
ORD14355,Birnin Kebbi Hub,Bunza,40.0,Motorcycle,Unpaved,Rain,Low,Bulk Goods,0,28.0,2.2,Morning,Wednesday,False,No Signal,147.3
ORD14356,Birnin Kebbi Hub,Jega,55.3,Motorcycle,Paved,Clear,Low,Documents,1,1.4,2.5,Morning,Sunday,True,Strong,76.0
ORD14357,Birnin Kebbi Hub,Birnin Kebbi,6.2,Keke (Tricycle),Paved,Harmattan Dust,High,Food,1,1.8,3.1,Midday,Friday,False,Weak,34.5
ORD14358,Birnin Kebbi Hub,Bunza,51.0,Van,Unpaved,Clear,Medium,Food,0,0.2,0.7,Afternoon,Sunday,True,Weak,126.2
ORD14359,Birnin Kebbi Hub,Birnin Kebbi,5.4,Motorcycle,Paved,Clear,Medium,Documents,0,7.9,0.6,Midday,Friday,False,Strong,12.5
ORD14360,Birnin Kebbi Hub,Birnin Kebbi,6.5,Keke (Tricycle),Unpaved,Harmattan Dust,High,Parcel,0,1.1,1.2,Afternoon,Saturday,True,No Signal,75.1
ORD14361,Birnin Kebbi Hub,Bunza,44.4,Motorcycle,Paved,Clear,Low,Parcel,0,3.0,2.0,Midday,Sunday,True,Weak,72.7
ORD14362,Birnin Kebbi Hub,Birnin Kebbi,8.3,Keke (Tricycle),Paved,Harmattan Dust,Low,Parcel,1,0.7,2.0,Afternoon,Wednesday,False,Strong,39.3
ORD14363,Birnin Kebbi Hub,Yauri,125.2,Motorcycle,Unpaved,Harmattan Dust,Medium,Documents,0,1.1,3.9,Evening,Thursday,False,Strong,381.6
ORD14364,Birnin Kebbi Hub,Birnin Kebbi,2.4,Motorcycle,Paved,Clear,Low,Parcel,0,2.9,1.7,Morning,Thursday,False,Weak,26.3
ORD14365,Birnin Kebbi Hub,Argungu,69.4,Truck,Paved,Harmattan Dust,Medium,Parcel,1,1.0,4.0,Morning,Wednesday,False,Strong,170.2
ORD14366,Birnin Kebbi Hub,Bunza,46.8,Motorcycle,Unpaved,Clear,Low,Food,1,13.4,3.9,Morning,Tuesday,False,Strong,113.2
ORD14367,Birnin Kebbi Hub,Aliero,32.0,Keke (Tricycle),Paved,Clear,Low,Parcel,2,7.2,5.1,Evening,Monday,False,Strong,71.4
ORD14368,Birnin Kebbi Hub,Zuru,197.2,Truck,Paved,Clear,Low,Food,0,0.2,2.4,Afternoon,Sunday,True,Weak,281.9
ORD14369,Birnin Kebbi Hub,Kamba,146.9,Motorcycle,Unpaved,Clear,Low,Parcel,3,0.7,4.6,Evening,Sunday,True,Strong,314.7
ORD14370,Birnin Kebbi Hub,Aliero,42.2,Van,Unpaved,Harmattan Dust,Low,Food,0,6.7,2.8,Evening,Tuesday,False,No Signal,110.7
ORD14371,Birnin Kebbi Hub,Birnin Kebbi,4.3,Keke (Tricycle),Paved,Clear,Low,Parcel,0,4.6,0.6,Morning,Wednesday,False,Weak,25.9
ORD14372,Birnin Kebbi Hub,Birnin Kebbi,4.4,Keke (Tricycle),Paved,Harmattan Dust,Low,Documents,3,0.2,1.4,Morning,Thursday,False,Strong,35.6
ORD14373,Birnin Kebbi Hub,Zuru,188.8,Keke (Tricycle),Unpaved,Clear,Low,Food,0,4.2,1.2,Midday,Saturday,True,Weak,598.5
ORD14374,Birnin Kebbi Hub,Birnin Kebbi,3.9,Keke (Tricycle),Paved,Harmattan Dust,Medium,Parcel,1,0.3,1.4,Midday,Friday,False,Strong,29.4
ORD14375,Birnin Kebbi Hub,Jega,57.4,Motorcycle,Unpaved,Clear,High,Food,3,3.4,6.4,Afternoon,Friday,False,Strong,236.7
ORD14376,Birnin Kebbi Hub,Jega,46.8,Van,Unpaved,Clear,Medium,Parcel,0,2.9,4.7,Afternoon,Tuesday,False,Weak,113.5
ORD14377,Birnin Kebbi Hub,Zuru,186.1,Keke (Tricycle),Unpaved,Clear,High,Documents,0,2.8,3.7,Evening,Thursday,False,No Signal,1069.2
ORD14378,Birnin Kebbi Hub,Jega,64.1,Motorcycle,Paved,Harmattan Dust,Medium,Parcel,2,3.9,1.2,Midday,Saturday,True,Strong,118.3
ORD14379,Birnin Kebbi Hub,Bunza,48.7,Motorcycle,Unpaved,Clear,Low,Bulk Goods,2,21.9,2.0,Midday,Thursday,False,Weak,127.7
ORD14380,Birnin Kebbi Hub,Jega,51.4,Truck,Unpaved,Clear,Low,Food,1,0.8,2.9,Midday,Sunday,True,Weak,159.5
ORD14381,Birnin Kebbi Hub,Birnin Kebbi,6.3,Motorcycle,Paved,Harmattan Dust,Medium,Bulk Goods,0,35.2,4.4,Afternoon,Wednesday,False,Weak,49.8
ORD14382,Birnin Kebbi Hub,Kamba,124.2,Motorcycle,Paved,Clear,Low,Parcel,2,8.4,0.6,Afternoon,Saturday,True,Weak,175.6
ORD14383,Birnin Kebbi Hub,Zuru,201.5,Motorcycle,Unpaved,Harmattan Dust,Low,Food,0,3.4,1.3,Morning,Thursday,False,Strong,514.2
ORD14384,Birnin Kebbi Hub,Yauri,167.2,Truck,Paved,Clear,Medium,Documents,2,5.2,1.3,Afternoon,Tuesday,False,Strong,335.0
ORD14385,Birnin Kebbi Hub,Bunza,45.6,Van,Paved,Clear,Low,Food,1,4.4,1.0,Evening,Monday,False,Weak,62.2
ORD14386,Birnin Kebbi Hub,Zuru,167.3,Motorcycle,Paved,Clear,Medium,Bulk Goods,1,28.2,3.1,Evening,Friday,False,No Signal,260.1
ORD14387,Birnin Kebbi Hub,Birnin Kebbi,8.3,Van,Unpaved,Clear,Low,Parcel,0,4.4,2.8,Midday,Sunday,True,Weak,26.4
ORD14388,Birnin Kebbi Hub,Birnin Kebbi,9.2,Van,Paved,Clear,High,Food,2,11.2,1.3,Morning,Saturday,True,Weak,48.7
ORD14389,Birnin Kebbi Hub,Birnin Kebbi,7.8,Motorcycle,Paved,Clear,Low,Bulk Goods,0,28.2,4.1,Afternoon,Tuesday,False,Strong,30.3
ORD14390,Birnin Kebbi Hub,Argungu,59.7,Motorcycle,Unpaved,Clear,Low,Parcel,0,8.9,2.0,Evening,Sunday,True,Strong,136.6
ORD14391,Birnin Kebbi Hub,Argungu,76.1,Motorcycle,Unpaved,Clear,Medium,Parcel,3,2.0,1.8,Evening,Wednesday,False,No Signal,222.2
ORD14392,Birnin Kebbi Hub,Birnin Kebbi,8.7,Motorcycle,Paved,Clear,Medium,Food,0,6.9,2.5,Afternoon,Friday,False,Strong,24.3
ORD14393,Birnin Kebbi Hub,Argungu,68.5,Van,Paved,Clear,Medium,Parcel,0,12.0,7.4,Afternoon,Friday,False,No Signal,92.9
ORD14394,Birnin Kebbi Hub,Argungu,73.3,Truck,Paved,Harmattan Dust,Low,Food,0,6.2,7.5,Morning,Sunday,True,Weak,138.8
ORD14395,Birnin Kebbi Hub,Aliero,36.2,Keke (Tricycle),Unpaved,Rain,Medium,Food,3,0.3,2.3,Afternoon,Friday,False,Weak,254.8
ORD14396,Birnin Kebbi Hub,Birnin Kebbi,7.4,Truck,Paved,Clear,Medium,Parcel,3,6.1,2.7,Midday,Saturday,True,Strong,62.6
ORD14397,Birnin Kebbi Hub,Birnin Kebbi,5.0,Keke (Tricycle),Paved,Harmattan Dust,High,Parcel,0,4.0,0.3,Evening,Tuesday,False,Weak,39.9
ORD14398,Birnin Kebbi Hub,Birnin Kebbi,6.5,Truck,Paved,Harmattan Dust,High,Bulk Goods,1,31.9,1.5,Midday,Saturday,True,Strong,56.2
ORD14399,Birnin Kebbi Hub,Kamba,169.7,Keke (Tricycle),Paved,Clear,Low,Bulk Goods,1,23.3,0.9,Evening,Saturday,True,Weak,324.5
ORD14400,Birnin Kebbi Hub,Bunza,54.1,Keke (Tricycle),Unpaved,Harmattan Dust,Low,Documents,0,4.0,0.2,Morning,Sunday,True,Strong,238.1
ORD14401,Birnin Kebbi Hub,Argungu,52.1,Motorcycle,Unpaved,Harmattan Dust,Medium,Parcel,2,5.3,3.8,Morning,Monday,False,No Signal,192.4
ORD14402,Birnin Kebbi Hub,Jega,61.6,Van,Unpaved,Clear,Medium,Parcel,0,0.2,1.7,Evening,Wednesday,False,Weak,157.1
ORD14403,Birnin Kebbi Hub,Bunza,41.1,Keke (Tricycle),Paved,Harmattan Dust,Low,Parcel,0,1.2,3.2,Morning,Friday,False,Strong,105.1
ORD14404,Birnin Kebbi Hub,Birnin Kebbi,8.8,Motorcycle,Unpaved,Clear,Medium,Food,1,3.1,2.5,Morning,Wednesday,False,Weak,54.1
ORD14405,Birnin Kebbi Hub,Birnin Kebbi,8.1,Keke (Tricycle),Paved,Rain,Low,Parcel,3,5.6,3.0,Morning,Thursday,False,Weak,59.4
ORD14406,Birnin Kebbi Hub,Aliero,27.0,Motorcycle,Paved,Clear,Low,Parcel,3,12.1,0.6,Morning,Monday,False,No Signal,61.9
ORD14407,Birnin Kebbi Hub,Birnin Kebbi,5.6,Motorcycle,Paved,Rain,Medium,Food,0,0.5,4.2,Evening,Friday,False,Strong,14.2
ORD14408,Birnin Kebbi Hub,Zuru,205.9,Keke (Tricycle),Paved,Rain,High,Parcel,0,1.0,3.2,Morning,Monday,False,No Signal,1009.7
ORD14409,Birnin Kebbi Hub,Birnin Kebbi,5.0,Motorcycle,Paved,Clear,High,Food,0,6.2,0.2,Afternoon,Friday,False,Strong,31.3
ORD14410,Birnin Kebbi Hub,Zuru,136.8,Motorcycle,Unpaved,Rain,Low,Documents,0,3.0,1.5,Evening,Thursday,False,Weak,438.0
ORD14411,Birnin Kebbi Hub,Birnin Kebbi,4.4,Motorcycle,Paved,Clear,Medium,Parcel,0,2.0,0.6,Midday,Monday,False,Weak,26.3
ORD14412,Birnin Kebbi Hub,Birnin Kebbi,5.5,Van,Paved,Clear,High,Parcel,0,1.6,2.9,Afternoon,Monday,False,Strong,16.8
ORD14413,Birnin Kebbi Hub,Zuru,185.3,Keke (Tricycle),Unpaved,Clear,Low,Food,2,0.9,0.8,Morning,Friday,False,Weak,602.8
ORD14414,Birnin Kebbi Hub,Zuru,150.5,Motorcycle,Paved,Rain,Low,Food,0,0.2,0.4,Midday,Wednesday,False,Strong,258.0
ORD14415,Birnin Kebbi Hub,Aliero,35.7,Motorcycle,Paved,Clear,Medium,Parcel,0,0.4,0.9,Evening,Monday,False,Weak,57.7
ORD14416,Birnin Kebbi Hub,Yauri,169.7,Motorcycle,Paved,Clear,High,Parcel,0,12.5,3.2,Afternoon,Wednesday,False,Strong,354.9
ORD14417,Birnin Kebbi Hub,Aliero,34.6,Motorcycle,Unpaved,Harmattan Dust,Medium,Food,3,7.1,0.6,Afternoon,Tuesday,False,Strong,132.4
ORD14418,Birnin Kebbi Hub,Bunza,46.3,Motorcycle,Unpaved,Clear,Low,Food,0,3.4,0.8,Midday,Saturday,True,Weak,112.7
ORD14419,Birnin Kebbi Hub,Argungu,76.5,Keke (Tricycle),Unpaved,Rain,Medium,Food,1,3.1,0.9,Morning,Wednesday,False,Weak,485.3
ORD14420,Birnin Kebbi Hub,Argungu,54.2,Motorcycle,Unpaved,Clear,Medium,Parcel,0,2.5,0.7,Midday,Monday,False,No Signal,148.7
ORD14421,Birnin Kebbi Hub,Jega,54.1,Keke (Tricycle),Paved,Harmattan Dust,Medium,Food,0,7.8,4.2,Evening,Wednesday,False,Weak,162.7
ORD14422,Birnin Kebbi Hub,Jega,67.3,Motorcycle,Paved,Clear,Medium,Parcel,0,0.6,0.8,Morning,Monday,False,Weak,114.0
ORD14423,Birnin Kebbi Hub,Jega,58.8,Van,Unpaved,Clear,Low,Food,0,1.6,1.8,Midday,Thursday,False,No Signal,119.2
ORD14424,Birnin Kebbi Hub,Jega,46.6,Motorcycle,Unpaved,Harmattan Dust,High,Documents,2,0.2,0.6,Morning,Monday,False,Strong,231.0
ORD14425,Birnin Kebbi Hub,Argungu,65.9,Motorcycle,Paved,Clear,Low,Parcel,0,10.7,1.8,Afternoon,Friday,False,Weak,87.6
ORD14426,Birnin Kebbi Hub,Birnin Kebbi,7.8,Motorcycle,Paved,Clear,Low,Food,0,4.0,1.2,Midday,Monday,False,Strong,13.1
ORD14427,Birnin Kebbi Hub,Yauri,179.5,Van,Paved,Harmattan Dust,Medium,Food,0,2.8,1.9,Midday,Sunday,True,Weak,295.3
ORD14428,Birnin Kebbi Hub,Zuru,203.6,Motorcycle,Unpaved,Clear,High,Food,2,1.8,5.1,Morning,Monday,False,Weak,754.6
ORD14429,Birnin Kebbi Hub,Kamba,174.0,Van,Unpaved,Rain,Low,Bulk Goods,0,39.7,1.7,Morning,Friday,False,Strong,505.4
ORD14430,Birnin Kebbi Hub,Zuru,179.3,Keke (Tricycle),Paved,Harmattan Dust,Medium,Food,2,3.1,3.5,Morning,Monday,False,Weak,508.6
ORD14431,Birnin Kebbi Hub,Birnin Kebbi,1.9,Keke (Tricycle),Paved,Rain,Low,Parcel,0,3.2,2.8,Midday,Saturday,True,Weak,17.4
ORD14432,Birnin Kebbi Hub,Bunza,36.3,Motorcycle,Unpaved,Clear,Medium,Documents,0,0.2,5.2,Evening,Tuesday,False,Strong,94.3
ORD14433,Birnin Kebbi Hub,Aliero,31.0,Motorcycle,Paved,Clear,Medium,Parcel,0,2.9,2.3,Afternoon,Sunday,True,Weak,64.0
ORD14434,Birnin Kebbi Hub,Aliero,32.4,Van,Unpaved,Clear,Low,Parcel,2,0.9,1.7,Midday,Friday,False,Weak,94.0
ORD14435,Birnin Kebbi Hub,Birnin Kebbi,5.0,Keke (Tricycle),Paved,Clear,High,Food,0,0.6,4.0,Midday,Tuesday,False,Strong,28.1
ORD14436,Birnin Kebbi Hub,Birnin Kebbi,8.2,Truck,Paved,Rain,Medium,Food,0,8.2,0.4,Midday,Saturday,True,Weak,24.6
ORD14437,Birnin Kebbi Hub,Birnin Kebbi,3.4,Van,Paved,Clear,Medium,Food,3,1.5,9.4,Evening,Wednesday,False,Weak,27.7
ORD14438,Birnin Kebbi Hub,Bunza,45.4,Van,Unpaved,Harmattan Dust,Medium,Food,1,3.3,1.8,Evening,Wednesday,False,Weak,151.1
ORD14439,Birnin Kebbi Hub,Jega,53.2,Van,Paved,Clear,Low,Bulk Goods,0,35.6,1.6,Midday,Friday,False,Strong,69.4
ORD14440,Birnin Kebbi Hub,Birnin Kebbi,7.9,Motorcycle,Paved,Clear,Medium,Parcel,2,2.6,0.0,Morning,Friday,False,Strong,36.8
ORD14441,Birnin Kebbi Hub,Zuru,159.5,Motorcycle,Unpaved,Clear,Low,Documents,0,0.2,2.3,Midday,Wednesday,False,Strong,327.8
ORD14442,Birnin Kebbi Hub,Aliero,31.2,Van,Unpaved,Clear,Medium,Food,1,1.4,4.9,Morning,Tuesday,False,Weak,98.6
ORD14443,Birnin Kebbi Hub,Birnin Kebbi,4.8,Motorcycle,Paved,Clear,Medium,Bulk Goods,1,22.0,1.4,Morning,Sunday,True,Strong,34.4
ORD14444,Birnin Kebbi Hub,Zuru,180.4,Motorcycle,Paved,Clear,Low,Parcel,0,6.8,3.8,Morning,Friday,False,No Signal,218.3
ORD14445,Birnin Kebbi Hub,Kamba,112.8,Motorcycle,Unpaved,Clear,High,Parcel,2,1.6,2.3,Evening,Friday,False,Weak,428.4
ORD14446,Birnin Kebbi Hub,Bunza,53.0,Motorcycle,Unpaved,Clear,Low,Bulk Goods,0,30.4,1.8,Midday,Saturday,True,No Signal,147.9
ORD14447,Birnin Kebbi Hub,Jega,57.2,Keke (Tricycle),Paved,Clear,Low,Parcel,2,1.7,1.7,Evening,Saturday,True,Weak,120.2
ORD14448,Birnin Kebbi Hub,Jega,52.0,Van,Unpaved,Clear,Low,Parcel,0,3.4,2.6,Midday,Tuesday,False,Weak,104.3
ORD14449,Birnin Kebbi Hub,Bunza,33.6,Keke (Tricycle),Paved,Clear,Medium,Parcel,1,2.0,1.4,Midday,Thursday,False,Weak,89.7
ORD14450,Birnin Kebbi Hub,Argungu,75.6,Motorcycle,Paved,Clear,Low,Documents,0,4.5,4.1,Afternoon,Thursday,False,Weak,88.2
ORD14451,Birnin Kebbi Hub,Birnin Kebbi,8.2,Keke (Tricycle),Paved,Rain,Medium,Food,1,3.2,0.5,Evening,Thursday,False,No Signal,49.1
ORD14452,Birnin Kebbi Hub,Bunza,37.8,Keke (Tricycle),Unpaved,Clear,High,Parcel,2,7.6,0.4,Morning,Monday,False,Weak,251.2
ORD14453,Birnin Kebbi Hub,Kamba,130.4,Motorcycle,Unpaved,Clear,Low,Parcel,2,16.8,2.2,Midday,Friday,False,Weak,293.9
ORD14454,Birnin Kebbi Hub,Kamba,129.0,Motorcycle,Paved,Clear,High,Food,3,0.2,1.8,Morning,Monday,False,Weak,279.8
ORD14455,Birnin Kebbi Hub,Birnin Kebbi,5.4,Keke (Tricycle),Paved,Harmattan Dust,Low,Food,0,3.4,1.5,Morning,Monday,False,Weak,27.5
ORD14456,Birnin Kebbi Hub,Birnin Kebbi,6.1,Motorcycle,Paved,Clear,High,Bulk Goods,0,35.6,0.8,Midday,Sunday,True,Strong,44.6
ORD14457,Birnin Kebbi Hub,Argungu,61.9,Keke (Tricycle),Paved,Clear,Medium,Parcel,3,1.2,1.9,Afternoon,Friday,False,Weak,172.1
ORD14458,Birnin Kebbi Hub,Jega,59.3,Keke (Tricycle),Paved,Harmattan Dust,Medium,Food,0,2.8,2.7,Midday,Tuesday,False,No Signal,168.6
ORD14459,Birnin Kebbi Hub,Aliero,35.0,Motorcycle,Paved,Clear,Low,Bulk Goods,0,31.1,5.2,Afternoon,Thursday,False,No Signal,70.4
ORD14460,Birnin Kebbi Hub,Birnin Kebbi,7.2,Keke (Tricycle),Paved,Clear,Medium,Documents,2,5.8,3.2,Midday,Saturday,True,No Signal,45.9
ORD14461,Birnin Kebbi Hub,Kamba,133.2,Motorcycle,Unpaved,Clear,Medium,Food,3,5.4,2.6,Morning,Thursday,False,Weak,359.8
ORD14462,Birnin Kebbi Hub,Jega,55.5,Motorcycle,Paved,Rain,Medium,Food,0,1.8,1.1,Morning,Tuesday,False,No Signal,123.7
ORD14463,Birnin Kebbi Hub,Birnin Kebbi,7.4,Van,Paved,Clear,Low,Parcel,1,9.6,3.8,Evening,Wednesday,False,Strong,19.5
ORD14464,Birnin Kebbi Hub,Kamba,134.6,Keke (Tricycle),Paved,Rain,High,Food,1,6.8,6.6,Afternoon,Saturday,True,Strong,676.1
ORD14465,Birnin Kebbi Hub,Birnin Kebbi,6.5,Van,Paved,Clear,High,Parcel,1,2.8,2.0,Evening,Sunday,True,Weak,34.5
ORD14466,Birnin Kebbi Hub,Aliero,31.4,Van,Paved,Clear,Low,Food,0,2.0,0.2,Midday,Tuesday,False,Strong,45.8
ORD14467,Birnin Kebbi Hub,Bunza,52.4,Motorcycle,Unpaved,Rain,High,Parcel,4,5.1,2.0,Afternoon,Monday,False,Weak,329.7
ORD14468,Birnin Kebbi Hub,Argungu,60.0,Motorcycle,Unpaved,Harmattan Dust,Low,Bulk Goods,0,24.0,1.6,Evening,Saturday,True,Strong,172.0
ORD14469,Birnin Kebbi Hub,Birnin Kebbi,7.5,Motorcycle,Paved,Clear,High,Food,0,0.8,2.6,Afternoon,Wednesday,False,Strong,30.1
ORD14470,Birnin Kebbi Hub,Jega,66.7,Van,Paved,Harmattan Dust,Low,Parcel,1,4.4,1.6,Morning,Friday,False,Strong,99.0
ORD14471,Birnin Kebbi Hub,Yauri,138.0,Motorcycle,Paved,Rain,Low,Bulk Goods,2,28.2,0.8,Midday,Friday,False,Strong,273.8
ORD14472,Birnin Kebbi Hub,Birnin Kebbi,3.2,Motorcycle,Paved,Harmattan Dust,Low,Parcel,1,6.6,2.5,Midday,Wednesday,False,Strong,25.9
ORD14473,Birnin Kebbi Hub,Jega,56.1,Keke (Tricycle),Paved,Clear,Medium,Parcel,0,3.1,1.2,Morning,Wednesday,False,Weak,146.9
ORD14474,Birnin Kebbi Hub,Aliero,29.9,Motorcycle,Unpaved,Harmattan Dust,Medium,Documents,2,6.5,4.4,Evening,Wednesday,False,Strong,105.9
ORD14475,Birnin Kebbi Hub,Bunza,41.4,Van,Paved,Harmattan Dust,Low,Food,1,1.7,6.6,Morning,Tuesday,False,Strong,75.6
ORD14476,Birnin Kebbi Hub,Argungu,75.8,Truck,Unpaved,Clear,Low,Parcel,0,1.1,1.8,Morning,Monday,False,Strong,205.7
ORD14477,Birnin Kebbi Hub,Jega,44.9,Keke (Tricycle),Paved,Harmattan Dust,Medium,Parcel,1,4.0,0.8,Evening,Thursday,False,No Signal,141.3
ORD14478,Birnin Kebbi Hub,Jega,41.6,Van,Paved,Clear,High,Parcel,0,0.6,0.3,Midday,Saturday,True,Weak,95.3
ORD14479,Birnin Kebbi Hub,Birnin Kebbi,7.1,Motorcycle,Unpaved,Clear,Medium,Parcel,0,2.6,1.0,Midday,Monday,False,Strong,28.5
ORD14480,Birnin Kebbi Hub,Zuru,175.4,Keke (Tricycle),Unpaved,Clear,Low,Food,3,4.3,1.8,Midday,Monday,False,No Signal,579.5
ORD14481,Birnin Kebbi Hub,Birnin Kebbi,3.3,Keke (Tricycle),Paved,Rain,Medium,Bulk Goods,0,33.4,7.0,Afternoon,Wednesday,False,Weak,32.6
ORD14482,Birnin Kebbi Hub,Jega,72.4,Motorcycle,Paved,Clear,Low,Bulk Goods,0,36.0,2.0,Morning,Thursday,False,No Signal,125.8
ORD14483,Birnin Kebbi Hub,Kamba,143.9,Motorcycle,Unpaved,Clear,Low,Food,1,9.2,0.5,Afternoon,Wednesday,False,Weak,320.8
ORD14484,Birnin Kebbi Hub,Birnin Kebbi,9.6,Keke (Tricycle),Paved,Harmattan Dust,Medium,Bulk Goods,0,12.0,3.0,Evening,Wednesday,False,No Signal,48.4
ORD14485,Birnin Kebbi Hub,Aliero,34.3,Motorcycle,Paved,Clear,Medium,Documents,0,8.8,2.7,Evening,Sunday,True,No Signal,64.7
ORD14486,Birnin Kebbi Hub,Argungu,59.4,Keke (Tricycle),Unpaved,Clear,High,Bulk Goods,2,32.1,1.3,Morning,Friday,False,Weak,380.6
ORD14487,Birnin Kebbi Hub,Jega,57.3,Van,Unpaved,Clear,Low,Documents,0,9.0,2.3,Morning,Saturday,True,Strong,117.6
ORD14488,Birnin Kebbi Hub,Jega,58.0,Keke (Tricycle),Unpaved,Harmattan Dust,Medium,Parcel,0,7.6,3.1,Evening,Saturday,True,Strong,295.2
ORD14489,Birnin Kebbi Hub,Zuru,213.2,Keke (Tricycle),Unpaved,Clear,High,Food,0,0.2,1.5,Afternoon,Wednesday,False,Strong,1228.6
ORD14490,Birnin Kebbi Hub,Yauri,181.1,Motorcycle,Paved,Clear,Low,Food,0,1.6,1.5,Midday,Tuesday,False,Strong,203.6
ORD14491,Birnin Kebbi Hub,Kamba,136.0,Motorcycle,Paved,Clear,High,Bulk Goods,0,18.2,1.6,Morning,Wednesday,False,No Signal,290.2
ORD14492,Birnin Kebbi Hub,Kamba,120.1,Motorcycle,Unpaved,Clear,Medium,Bulk Goods,0,39.9,4.5,Evening,Wednesday,False,Strong,327.4
ORD14493,Birnin Kebbi Hub,Birnin Kebbi,7.0,Motorcycle,Paved,Clear,Low,Parcel,3,0.2,0.9,Evening,Saturday,True,Strong,31.3
ORD14494,Birnin Kebbi Hub,Zuru,165.3,Motorcycle,Paved,Harmattan Dust,Low,Food,1,1.3,1.7,Morning,Thursday,False,Strong,233.1
ORD14495,Birnin Kebbi Hub,Argungu,88.3,Keke (Tricycle),Paved,Rain,Low,Parcel,1,2.3,1.0,Afternoon,Monday,False,Strong,254.3
ORD14496,Birnin Kebbi Hub,Kamba,158.3,Van,Paved,Clear,Medium,Documents,4,5.0,3.5,Afternoon,Tuesday,False,Strong,247.8
ORD14497,Birnin Kebbi Hub,Bunza,41.8,Van,Unpaved,Clear,High,Food,1,3.0,3.2,Midday,Friday,False,Weak,151.1
ORD14498,Birnin Kebbi Hub,Bunza,46.1,Truck,Paved,Clear,High,Parcel,0,0.5,3.6,Morning,Friday,False,Weak,120.2
ORD14499,Birnin Kebbi Hub,Kamba,139.3,Motorcycle,Paved,Clear,Medium,Food,0,0.2,1.0,Evening,Friday,False,Strong,191.1
ORD14500,Birnin Kebbi Hub,Jega,52.7,Keke (Tricycle),Unpaved,Clear,High,Parcel,0,19.8,0.1,Midday,Sunday,True,Strong,335.1
ORD14501,Birnin Kebbi Hub,Jega,58.2,Motorcycle,Paved,Clear,Low,Parcel,0,0.3,2.6,Morning,Saturday,True,Strong,85.9
ORD14502,Birnin Kebbi Hub,Birnin Kebbi,6.6,Van,Paved,Harmattan Dust,High,Documents,0,7.1,5.3,Evening,Tuesday,False,Weak,23.8
ORD14503,Birnin Kebbi Hub,Kamba,150.6,Keke (Tricycle),Unpaved,Harmattan Dust,High,Parcel,0,1.8,3.1,Evening,Monday,False,Strong,1066.7
ORD14504,Birnin Kebbi Hub,Jega,55.0,Motorcycle,Paved,Clear,Low,Parcel,2,0.6,4.2,Midday,Sunday,True,Strong,72.9
ORD14505,Birnin Kebbi Hub,Zuru,187.4,Keke (Tricycle),Unpaved,Clear,Medium,Documents,2,0.4,1.7,Midday,Friday,False,Strong,746.5
ORD14506,Birnin Kebbi Hub,Argungu,68.3,Keke (Tricycle),Unpaved,Clear,Medium,Food,2,2.0,1.7,Morning,Tuesday,False,Strong,295.7
ORD14507,Birnin Kebbi Hub,Aliero,41.5,Keke (Tricycle),Paved,Clear,Low,Food,3,3.4,0.7,Midday,Tuesday,False,Strong,107.9
ORD14508,Birnin Kebbi Hub,Argungu,61.1,Motorcycle,Paved,Clear,Medium,Documents,0,5.5,2.8,Midday,Saturday,True,Strong,110.3
ORD14509,Birnin Kebbi Hub,Birnin Kebbi,5.2,Keke (Tricycle),Paved,Clear,Medium,Food,0,6.8,1.8,Afternoon,Monday,False,No Signal,38.0
ORD14510,Birnin Kebbi Hub,Kamba,131.1,Motorcycle,Paved,Harmattan Dust,Medium,Parcel,0,14.4,0.5,Morning,Friday,False,Strong,252.5
ORD14511,Birnin Kebbi Hub,Jega,52.7,Motorcycle,Unpaved,Clear,Medium,Documents,0,0.8,0.7,Midday,Monday,False,Weak,141.7
ORD14512,Birnin Kebbi Hub,Birnin Kebbi,2.7,Motorcycle,Paved,Clear,Medium,Food,1,0.3,1.2,Morning,Thursday,False,Weak,30.8
ORD14513,Birnin Kebbi Hub,Birnin Kebbi,5.8,Keke (Tricycle),Paved,Rain,Medium,Parcel,0,2.9,3.0,Evening,Tuesday,False,Weak,36.7
ORD14514,Birnin Kebbi Hub,Argungu,38.4,Van,Unpaved,Clear,High,Documents,0,1.3,4.3,Afternoon,Saturday,True,Weak,150.3
ORD14515,Birnin Kebbi Hub,Birnin Kebbi,8.1,Van,Unpaved,Harmattan Dust,Low,Parcel,1,4.8,2.0,Afternoon,Thursday,False,No Signal,51.4
ORD14516,Birnin Kebbi Hub,Argungu,62.8,Van,Unpaved,Clear,Low,Bulk Goods,0,28.7,0.6,Morning,Wednesday,False,No Signal,147.0
ORD14517,Birnin Kebbi Hub,Birnin Kebbi,7.0,Motorcycle,Unpaved,Clear,Low,Documents,0,9.4,4.0,Evening,Monday,False,No Signal,24.7
ORD14518,Birnin Kebbi Hub,Birnin Kebbi,6.3,Motorcycle,Paved,Clear,High,Parcel,0,3.6,1.5,Evening,Wednesday,False,Strong,27.3
ORD14519,Birnin Kebbi Hub,Zuru,200.9,Van,Paved,Harmattan Dust,Low,Parcel,1,10.0,3.0,Afternoon,Tuesday,False,Strong,273.2
ORD14520,Birnin Kebbi Hub,Birnin Kebbi,8.0,Motorcycle,Paved,Clear,Low,Food,0,2.5,5.9,Evening,Thursday,False,Strong,19.3
ORD14521,Birnin Kebbi Hub,Birnin Kebbi,3.9,Motorcycle,Unpaved,Rain,High,Documents,1,11.6,1.3,Evening,Thursday,False,Weak,37.3
ORD14522,Birnin Kebbi Hub,Zuru,142.9,Van,Paved,Harmattan Dust,High,Documents,0,3.6,1.7,Evening,Tuesday,False,Strong,332.7
ORD14523,Birnin Kebbi Hub,Yauri,137.6,Keke (Tricycle),Paved,Clear,High,Parcel,0,6.1,2.9,Evening,Friday,False,Weak,442.8
ORD14524,Birnin Kebbi Hub,Jega,56.7,Motorcycle,Paved,Clear,Medium,Bulk Goods,2,29.5,3.7,Midday,Thursday,False,Strong,110.1
ORD14525,Birnin Kebbi Hub,Kamba,140.2,Keke (Tricycle),Paved,Harmattan Dust,Medium,Parcel,0,0.8,3.5,Morning,Monday,False,Strong,388.6
ORD14526,Birnin Kebbi Hub,Bunza,41.4,Keke (Tricycle),Paved,Clear,Low,Parcel,3,3.0,0.5,Morning,Saturday,True,Weak,102.9
ORD14527,Birnin Kebbi Hub,Birnin Kebbi,7.2,Motorcycle,Paved,Rain,Medium,Parcel,0,0.4,1.9,Midday,Friday,False,Strong,23.7
ORD14528,Birnin Kebbi Hub,Bunza,40.7,Keke (Tricycle),Unpaved,Rain,Low,Parcel,2,2.5,2.2,Midday,Tuesday,False,Strong,218.9
ORD14529,Birnin Kebbi Hub,Birnin Kebbi,5.8,Motorcycle,Paved,Clear,Low,Food,0,8.0,2.4,Evening,Monday,False,Weak,24.0
ORD14530,Birnin Kebbi Hub,Birnin Kebbi,6.7,Motorcycle,Unpaved,Rain,Medium,Parcel,3,5.7,4.2,Morning,Thursday,False,Strong,56.7
ORD14531,Birnin Kebbi Hub,Aliero,39.1,Motorcycle,Unpaved,Harmattan Dust,Medium,Parcel,0,5.7,1.1,Afternoon,Wednesday,False,Weak,139.2
ORD14532,Birnin Kebbi Hub,Bunza,48.0,Keke (Tricycle),Unpaved,Clear,Low,Parcel,0,0.4,2.0,Midday,Wednesday,False,Weak,166.4
ORD14533,Birnin Kebbi Hub,Jega,53.4,Motorcycle,Paved,Clear,Medium,Food,0,2.6,3.3,Morning,Sunday,True,Weak,94.0
ORD14534,Birnin Kebbi Hub,Kamba,147.4,Keke (Tricycle),Unpaved,Clear,Low,Documents,0,1.8,6.9,Afternoon,Thursday,False,Strong,475.3
ORD14535,Birnin Kebbi Hub,Yauri,164.0,Motorcycle,Paved,Clear,Medium,Food,1,19.3,1.4,Morning,Tuesday,False,Weak,252.1
ORD14536,Birnin Kebbi Hub,Birnin Kebbi,6.2,Van,Paved,Clear,Low,Bulk Goods,1,23.5,6.9,Midday,Saturday,True,Strong,31.1
ORD14537,Birnin Kebbi Hub,Aliero,27.0,Keke (Tricycle),Paved,Rain,High,Documents,0,4.3,3.0,Afternoon,Tuesday,False,No Signal,154.7
ORD14538,Birnin Kebbi Hub,Birnin Kebbi,7.4,Motorcycle,Paved,Clear,High,Bulk Goods,0,21.9,1.6,Morning,Tuesday,False,Weak,44.6
ORD14539,Birnin Kebbi Hub,Bunza,36.2,Keke (Tricycle),Unpaved,Clear,Medium,Parcel,2,0.2,3.0,Afternoon,Monday,False,Weak,168.6
ORD14540,Birnin Kebbi Hub,Jega,47.1,Van,Paved,Rain,High,Documents,0,6.7,5.8,Evening,Tuesday,False,Weak,137.2
ORD14541,Birnin Kebbi Hub,Yauri,154.1,Truck,Unpaved,Clear,High,Food,0,10.0,4.2,Morning,Saturday,True,Weak,690.4
ORD14542,Birnin Kebbi Hub,Birnin Kebbi,7.4,Van,Paved,Harmattan Dust,Medium,Food,0,1.3,2.7,Midday,Friday,False,Weak,15.8
ORD14543,Birnin Kebbi Hub,Birnin Kebbi,4.8,Motorcycle,Paved,Harmattan Dust,Medium,Parcel,0,4.4,4.6,Midday,Wednesday,False,No Signal,19.5
ORD14544,Birnin Kebbi Hub,Birnin Kebbi,7.2,Keke (Tricycle),Paved,Rain,High,Parcel,0,10.3,4.5,Midday,Saturday,True,No Signal,58.5
ORD14545,Birnin Kebbi Hub,Argungu,78.0,Van,Paved,Clear,High,Food,1,3.0,6.3,Midday,Thursday,False,Weak,150.6
ORD14546,Birnin Kebbi Hub,Birnin Kebbi,9.2,Keke (Tricycle),Paved,Harmattan Dust,Medium,Parcel,1,2.3,2.7,Afternoon,Wednesday,False,No Signal,48.7
ORD14547,Birnin Kebbi Hub,Bunza,52.5,Keke (Tricycle),Unpaved,Harmattan Dust,Low,Bulk Goods,0,34.4,1.7,Morning,Saturday,True,Strong,234.5
ORD14548,Birnin Kebbi Hub,Birnin Kebbi,5.8,Keke (Tricycle),Paved,Clear,Low,Food,0,3.3,1.4,Morning,Friday,False,Strong,29.8
ORD14549,Birnin Kebbi Hub,Aliero,37.1,Keke (Tricycle),Paved,Clear,Low,Bulk Goods,0,30.4,2.8,Morning,Wednesday,False,Strong,97.6
ORD14550,Birnin Kebbi Hub,Jega,59.8,Motorcycle,Paved,Rain,Medium,Documents,1,0.3,4.2,Evening,Friday,False,Strong,131.5
ORD14551,Birnin Kebbi Hub,Jega,50.0,Keke (Tricycle),Unpaved,Clear,High,Parcel,0,5.3,5.1,Morning,Friday,False,Weak,304.9
ORD14552,Birnin Kebbi Hub,Jega,56.7,Keke (Tricycle),Unpaved,Clear,Low,Food,0,0.4,1.5,Evening,Wednesday,False,Weak,185.5
ORD14553,Birnin Kebbi Hub,Jega,49.3,Van,Paved,Clear,Medium,Parcel,4,5.5,1.1,Evening,Sunday,True,Strong,105.7
ORD14554,Birnin Kebbi Hub,Jega,61.0,Truck,Paved,Clear,High,Parcel,0,8.1,0.9,Evening,Saturday,True,Strong,162.2
ORD14555,Birnin Kebbi Hub,Kamba,140.6,Keke (Tricycle),Unpaved,Clear,Medium,Parcel,3,10.9,3.3,Midday,Saturday,True,No Signal,584.5
ORD14556,Birnin Kebbi Hub,Bunza,42.0,Keke (Tricycle),Paved,Clear,Medium,Food,0,2.9,2.9,Evening,Tuesday,False,Strong,105.1
ORD14557,Birnin Kebbi Hub,Kamba,161.5,Van,Unpaved,Clear,High,Documents,0,0.6,1.7,Evening,Sunday,True,Weak,550.7
ORD14558,Birnin Kebbi Hub,Birnin Kebbi,2.0,Keke (Tricycle),Paved,Rain,Low,Food,1,7.6,2.9,Midday,Friday,False,Strong,27.5
ORD14559,Birnin Kebbi Hub,Birnin Kebbi,7.8,Motorcycle,Paved,Clear,Low,Bulk Goods,1,50.7,2.3,Midday,Monday,False,Strong,65.2
ORD14560,Birnin Kebbi Hub,Argungu,64.0,Motorcycle,Unpaved,Clear,Medium,Food,0,2.0,1.7,Morning,Thursday,False,Strong,173.0
ORD14561,Birnin Kebbi Hub,Argungu,59.7,Motorcycle,Paved,Clear,High,Bulk Goods,1,16.8,1.7,Morning,Saturday,True,Strong,146.7
ORD14562,Birnin Kebbi Hub,Birnin Kebbi,5.4,Keke (Tricycle),Paved,Clear,Medium,Food,0,9.3,4.6,Midday,Monday,False,Strong,21.8
ORD14563,Birnin Kebbi Hub,Birnin Kebbi,3.4,Van,Paved,Clear,Low,Parcel,0,7.3,1.8,Midday,Thursday,False,No Signal,15.5
ORD14564,Birnin Kebbi Hub,Argungu,54.2,Truck,Paved,Rain,Low,Food,1,1.4,8.4,Evening,Sunday,True,Strong,134.6
ORD14565,Birnin Kebbi Hub,Birnin Kebbi,6.3,Van,Paved,Clear,High,Food,1,1.6,1.5,Afternoon,Friday,False,Strong,27.9
ORD14566,Birnin Kebbi Hub,Bunza,47.9,Keke (Tricycle),Unpaved,Clear,Low,Parcel,1,6.1,2.3,Evening,Sunday,True,Strong,188.3
ORD14567,Birnin Kebbi Hub,Argungu,77.5,Keke (Tricycle),Paved,Rain,Medium,Documents,1,2.2,1.9,Evening,Friday,False,Weak,273.1
ORD14568,Birnin Kebbi Hub,Birnin Kebbi,4.1,Van,Paved,Clear,High,Food,0,1.7,5.3,Morning,Monday,False,Strong,17.7
ORD14569,Birnin Kebbi Hub,Yauri,139.6,Truck,Paved,Harmattan Dust,Medium,Food,0,6.6,3.6,Midday,Thursday,False,Weak,303.2
ORD14570,Birnin Kebbi Hub,Bunza,47.7,Van,Paved,Harmattan Dust,Low,Food,2,5.6,1.6,Afternoon,Thursday,False,Strong,88.3
ORD14571,Birnin Kebbi Hub,Bunza,44.8,Motorcycle,Paved,Clear,Low,Parcel,0,0.5,3.6,Evening,Monday,False,Weak,53.8
ORD14572,Birnin Kebbi Hub,Zuru,144.3,Keke (Tricycle),Unpaved,Rain,High,Bulk Goods,2,39.7,4.4,Afternoon,Thursday,False,Weak,1138.4
ORD14573,Birnin Kebbi Hub,Birnin Kebbi,6.1,Motorcycle,Paved,Clear,Low,Food,0,14.1,1.0,Midday,Friday,False,Strong,18.0
ORD14574,Birnin Kebbi Hub,Aliero,32.7,Motorcycle,Unpaved,Clear,Medium,Food,0,3.6,0.6,Midday,Tuesday,False,Strong,76.3
ORD14575,Birnin Kebbi Hub,Birnin Kebbi,4.8,Motorcycle,Unpaved,Clear,High,Food,0,2.9,2.1,Morning,Sunday,True,No Signal,57.1
ORD14576,Birnin Kebbi Hub,Bunza,41.9,Motorcycle,Paved,Harmattan Dust,Medium,Parcel,0,5.2,4.1,Morning,Tuesday,False,Strong,89.2
ORD14577,Birnin Kebbi Hub,Bunza,47.5,Keke (Tricycle),Unpaved,Clear,Medium,Parcel,0,8.9,1.3,Morning,Thursday,False,Weak,210.4
ORD14578,Birnin Kebbi Hub,Birnin Kebbi,3.3,Van,Unpaved,Rain,Medium,Parcel,0,3.0,2.0,Midday,Wednesday,False,Strong,24.5
ORD14579,Birnin Kebbi Hub,Bunza,41.8,Motorcycle,Unpaved,Clear,Low,Food,0,3.6,6.7,Evening,Saturday,True,Weak,99.1
ORD14580,Birnin Kebbi Hub,Birnin Kebbi,6.9,Keke (Tricycle),Paved,Harmattan Dust,Low,Parcel,0,3.8,2.0,Afternoon,Sunday,True,Weak,34.4
ORD14581,Birnin Kebbi Hub,Yauri,198.3,Motorcycle,Unpaved,Clear,Medium,Bulk Goods,1,35.8,1.1,Midday,Wednesday,False,Strong,524.4
ORD14582,Birnin Kebbi Hub,Zuru,202.7,Motorcycle,Unpaved,Harmattan Dust,Medium,Food,0,3.2,0.5,Evening,Thursday,False,Weak,635.7
ORD14583,Birnin Kebbi Hub,Birnin Kebbi,6.5,Motorcycle,Paved,Clear,High,Parcel,1,9.2,1.2,Morning,Friday,False,No Signal,36.6
ORD14584,Birnin Kebbi Hub,Jega,51.1,Keke (Tricycle),Paved,Rain,Medium,Parcel,0,4.3,4.9,Morning,Sunday,True,No Signal,188.3
ORD14585,Birnin Kebbi Hub,Birnin Kebbi,4.4,Van,Paved,Harmattan Dust,Low,Food,2,0.6,10.4,Afternoon,Tuesday,False,Strong,27.5
ORD14586,Birnin Kebbi Hub,Birnin Kebbi,9.7,Truck,Paved,Harmattan Dust,Medium,Food,0,4.6,4.1,Evening,Friday,False,Weak,28.3
ORD14587,Birnin Kebbi Hub,Birnin Kebbi,9.3,Motorcycle,Paved,Harmattan Dust,Low,Parcel,0,0.6,1.9,Midday,Wednesday,False,Weak,22.3
ORD14588,Birnin Kebbi Hub,Birnin Kebbi,8.1,Van,Paved,Rain,Low,Food,0,2.5,1.8,Morning,Thursday,False,Strong,35.0
ORD14589,Birnin Kebbi Hub,Zuru,195.2,Motorcycle,Unpaved,Harmattan Dust,High,Parcel,0,7.3,1.1,Evening,Monday,False,No Signal,890.2
ORD14590,Birnin Kebbi Hub,Kamba,141.7,Keke (Tricycle),Paved,Clear,Low,Bulk Goods,0,22.4,1.9,Morning,Saturday,True,Strong,277.4
ORD14591,Birnin Kebbi Hub,Argungu,70.1,Motorcycle,Unpaved,Clear,Medium,Food,0,3.1,5.8,Morning,Tuesday,False,No Signal,193.6
ORD14592,Birnin Kebbi Hub,Bunza,45.3,Motorcycle,Paved,Clear,Low,Food,0,0.8,5.1,Midday,Tuesday,False,Weak,56.9
ORD14593,Birnin Kebbi Hub,Jega,51.2,Van,Unpaved,Rain,Medium,Parcel,0,0.2,1.8,Evening,Wednesday,False,Weak,197.0
ORD14594,Birnin Kebbi Hub,Birnin Kebbi,5.7,Keke (Tricycle),Unpaved,Rain,Low,Documents,0,3.4,4.3,Midday,Monday,False,Strong,36.8
ORD14595,Birnin Kebbi Hub,Birnin Kebbi,5.2,Truck,Paved,Clear,Low,Food,0,5.2,1.8,Midday,Thursday,False,Strong,20.4
ORD14596,Birnin Kebbi Hub,Kamba,135.4,Motorcycle,Unpaved,Harmattan Dust,High,Food,2,1.8,1.5,Evening,Wednesday,False,Strong,637.5
ORD14597,Birnin Kebbi Hub,Yauri,203.7,Motorcycle,Unpaved,Rain,High,Bulk Goods,0,37.2,2.4,Midday,Monday,False,Weak,1168.4
ORD14598,Birnin Kebbi Hub,Jega,60.6,Van,Unpaved,Clear,High,Parcel,0,0.3,2.8,Afternoon,Friday,False,Strong,209.7
ORD14599,Birnin Kebbi Hub,Bunza,40.3,Motorcycle,Paved,Clear,Low,Food,2,4.3,1.5,Afternoon,Monday,False,Strong,65.2
ORD14600,Birnin Kebbi Hub,Argungu,69.4,Motorcycle,Paved,Clear,High,Food,0,5.7,2.5,Afternoon,Wednesday,False,No Signal,161.7
ORD14601,Birnin Kebbi Hub,Kamba,145.9,Motorcycle,Unpaved,Harmattan Dust,Low,Bulk Goods,0,12.2,4.5,Morning,Wednesday,False,Strong,374.4
ORD14602,Birnin Kebbi Hub,Zuru,186.7,Motorcycle,Unpaved,Clear,Medium,Documents,1,2.3,4.7,Morning,Thursday,False,Weak,477.6
ORD14603,Birnin Kebbi Hub,Aliero,35.1,Motorcycle,Unpaved,Rain,Medium,Parcel,0,0.5,11.8,Afternoon,Tuesday,False,No Signal,156.4
ORD14604,Birnin Kebbi Hub,Yauri,192.0,Motorcycle,Paved,Clear,Medium,Food,0,6.1,1.0,Morning,Friday,False,Strong,284.8
ORD14605,Birnin Kebbi Hub,Birnin Kebbi,8.4,Van,Paved,Clear,Low,Food,0,2.8,2.0,Morning,Monday,False,Strong,16.1
ORD14606,Birnin Kebbi Hub,Bunza,43.2,Motorcycle,Unpaved,Clear,Low,Food,2,10.2,2.8,Afternoon,Sunday,True,Weak,119.1
ORD14607,Birnin Kebbi Hub,Argungu,79.2,Motorcycle,Paved,Rain,Medium,Parcel,0,5.6,0.4,Midday,Saturday,True,Weak,184.6
ORD14608,Birnin Kebbi Hub,Birnin Kebbi,5.7,Van,Paved,Harmattan Dust,Low,Parcel,0,15.6,3.2,Afternoon,Wednesday,False,Weak,32.4
ORD14609,Birnin Kebbi Hub,Zuru,148.0,Van,Paved,Clear,Medium,Food,1,4.3,1.5,Evening,Wednesday,False,Weak,210.4
ORD14610,Birnin Kebbi Hub,Yauri,191.9,Keke (Tricycle),Unpaved,Clear,Medium,Food,1,1.6,1.4,Midday,Tuesday,False,Strong,764.6
ORD14611,Birnin Kebbi Hub,Birnin Kebbi,8.5,Motorcycle,Paved,Clear,High,Food,1,1.8,1.5,Afternoon,Monday,False,Weak,31.2
ORD14612,Birnin Kebbi Hub,Bunza,49.4,Keke (Tricycle),Paved,Clear,High,Parcel,2,2.5,0.9,Morning,Wednesday,False,Weak,182.3
ORD14613,Birnin Kebbi Hub,Argungu,71.0,Truck,Unpaved,Rain,Medium,Food,1,13.3,1.9,Morning,Tuesday,False,Strong,360.8
ORD14614,Birnin Kebbi Hub,Aliero,36.8,Keke (Tricycle),Paved,Clear,High,Parcel,2,3.8,2.0,Afternoon,Sunday,True,Strong,143.8
ORD14615,Birnin Kebbi Hub,Jega,42.4,Motorcycle,Paved,Clear,Low,Bulk Goods,1,43.5,2.0,Morning,Tuesday,False,Strong,96.1
ORD14616,Birnin Kebbi Hub,Birnin Kebbi,5.6,Motorcycle,Unpaved,Rain,Medium,Documents,0,3.6,3.6,Evening,Thursday,False,Strong,33.0
ORD14617,Birnin Kebbi Hub,Aliero,38.3,Keke (Tricycle),Unpaved,Clear,Low,Food,1,7.1,1.9,Evening,Thursday,False,No Signal,145.5
ORD14618,Birnin Kebbi Hub,Birnin Kebbi,5.7,Van,Paved,Clear,High,Parcel,0,1.8,2.5,Afternoon,Thursday,False,Weak,23.7
ORD14619,Birnin Kebbi Hub,Birnin Kebbi,5.8,Keke (Tricycle),Paved,Clear,High,Food,1,0.7,1.5,Midday,Thursday,False,Weak,40.0
ORD14620,Birnin Kebbi Hub,Birnin Kebbi,7.8,Motorcycle,Paved,Harmattan Dust,Medium,Food,0,2.7,5.4,Morning,Saturday,True,Strong,29.0
ORD14621,Birnin Kebbi Hub,Bunza,44.5,Motorcycle,Paved,Clear,Low,Parcel,3,0.4,1.6,Morning,Saturday,True,Strong,80.5
ORD14622,Birnin Kebbi Hub,Birnin Kebbi,7.4,Motorcycle,Unpaved,Clear,Low,Food,1,1.8,4.4,Morning,Friday,False,Weak,41.1
ORD14623,Birnin Kebbi Hub,Kamba,168.9,Keke (Tricycle),Paved,Harmattan Dust,Medium,Food,1,10.2,1.7,Midday,Thursday,False,Strong,473.2
ORD14624,Birnin Kebbi Hub,Yauri,162.0,Motorcycle,Paved,Clear,Medium,Parcel,0,1.9,0.7,Morning,Wednesday,False,Strong,238.4
ORD14625,Birnin Kebbi Hub,Argungu,72.8,Keke (Tricycle),Unpaved,Clear,High,Food,3,1.9,0.9,Midday,Sunday,True,Weak,447.0
ORD14626,Birnin Kebbi Hub,Bunza,49.5,Van,Unpaved,Clear,Medium,Parcel,1,1.4,3.7,Morning,Thursday,False,Weak,147.4
ORD14627,Birnin Kebbi Hub,Aliero,45.0,Motorcycle,Unpaved,Harmattan Dust,Low,Food,0,2.8,1.1,Evening,Thursday,False,Strong,125.6
ORD14628,Birnin Kebbi Hub,Birnin Kebbi,6.9,Van,Paved,Clear,Low,Parcel,0,12.2,1.7,Morning,Tuesday,False,Strong,26.9
ORD14629,Birnin Kebbi Hub,Birnin Kebbi,3.8,Truck,Paved,Clear,Medium,Food,0,0.2,4.0,Afternoon,Saturday,True,Strong,30.2
ORD14630,Birnin Kebbi Hub,Birnin Kebbi,4.0,Motorcycle,Paved,Clear,Low,Parcel,0,3.8,1.2,Morning,Sunday,True,Weak,13.0
ORD14631,Birnin Kebbi Hub,Bunza,40.9,Keke (Tricycle),Paved,Clear,Low,Food,2,3.4,3.8,Afternoon,Monday,False,No Signal,102.9
ORD14632,Birnin Kebbi Hub,Argungu,47.8,Keke (Tricycle),Paved,Harmattan Dust,Medium,Documents,0,5.2,0.6,Afternoon,Sunday,True,Weak,159.1
ORD14633,Birnin Kebbi Hub,Birnin Kebbi,9.0,Keke (Tricycle),Paved,Clear,High,Bulk Goods,3,34.7,2.5,Afternoon,Thursday,False,Strong,73.0
ORD14634,Birnin Kebbi Hub,Kamba,156.4,Motorcycle,Unpaved,Rain,Low,Food,4,0.7,2.0,Afternoon,Saturday,True,Weak,506.2
ORD14635,Birnin Kebbi Hub,Birnin Kebbi,5.8,Motorcycle,Paved,Clear,Medium,Food,2,0.2,2.7,Afternoon,Wednesday,False,Strong,34.1
ORD14636,Birnin Kebbi Hub,Birnin Kebbi,2.5,Keke (Tricycle),Unpaved,Harmattan Dust,Medium,Documents,2,1.1,2.9,Midday,Sunday,True,Strong,45.2
ORD14637,Birnin Kebbi Hub,Kamba,127.8,Keke (Tricycle),Paved,Clear,High,Parcel,1,3.6,2.4,Morning,Wednesday,False,Strong,416.3
ORD14638,Birnin Kebbi Hub,Birnin Kebbi,2.5,Motorcycle,Paved,Clear,Medium,Bulk Goods,0,30.7,2.0,Morning,Thursday,False,Strong,37.5
ORD14639,Birnin Kebbi Hub,Birnin Kebbi,8.0,Motorcycle,Paved,Harmattan Dust,Medium,Documents,0,0.9,0.3,Evening,Sunday,True,Weak,29.2
ORD14640,Birnin Kebbi Hub,Birnin Kebbi,6.8,Motorcycle,Paved,Clear,High,Parcel,2,0.2,2.7,Midday,Monday,False,Strong,40.4
ORD14641,Birnin Kebbi Hub,Argungu,57.4,Van,Paved,Harmattan Dust,Low,Food,0,2.8,5.1,Morning,Friday,False,Strong,76.4
ORD14642,Birnin Kebbi Hub,Aliero,40.2,Motorcycle,Paved,Harmattan Dust,Low,Documents,0,1.7,0.9,Midday,Thursday,False,Weak,74.8
ORD14643,Birnin Kebbi Hub,Birnin Kebbi,3.8,Motorcycle,Paved,Clear,Low,Food,0,7.4,2.4,Morning,Tuesday,False,Strong,27.3
ORD14644,Birnin Kebbi Hub,Birnin Kebbi,6.8,Keke (Tricycle),Paved,Harmattan Dust,Low,Food,3,4.7,1.6,Midday,Friday,False,Strong,43.1
ORD14645,Birnin Kebbi Hub,Bunza,43.4,Keke (Tricycle),Unpaved,Rain,High,Parcel,0,2.5,2.0,Morning,Thursday,False,Weak,342.1
ORD14646,Birnin Kebbi Hub,Argungu,49.2,Motorcycle,Paved,Clear,Low,Food,2,0.2,1.3,Morning,Friday,False,No Signal,87.2
ORD14647,Birnin Kebbi Hub,Birnin Kebbi,8.4,Keke (Tricycle),Paved,Clear,Low,Parcel,1,4.8,4.5,Afternoon,Friday,False,Strong,53.2
ORD14648,Birnin Kebbi Hub,Argungu,58.0,Keke (Tricycle),Paved,Clear,High,Parcel,0,2.9,1.5,Evening,Saturday,True,Weak,206.6
ORD14649,Birnin Kebbi Hub,Zuru,230.8,Truck,Paved,Clear,High,Food,0,3.4,0.4,Evening,Sunday,True,Weak,563.3
ORD14650,Birnin Kebbi Hub,Yauri,173.0,Van,Paved,Clear,High,Parcel,0,2.2,1.7,Midday,Thursday,False,Weak,322.8
ORD14651,Birnin Kebbi Hub,Argungu,66.3,Keke (Tricycle),Paved,Harmattan Dust,Low,Parcel,2,2.1,1.8,Midday,Sunday,True,Strong,165.3
ORD14652,Birnin Kebbi Hub,Bunza,47.2,Keke (Tricycle),Paved,Clear,Low,Food,0,3.0,5.8,Afternoon,Saturday,True,No Signal,94.5
ORD14653,Birnin Kebbi Hub,Yauri,156.9,Keke (Tricycle),Paved,Harmattan Dust,Medium,Food,0,3.3,0.7,Afternoon,Thursday,False,Strong,440.5
ORD14654,Birnin Kebbi Hub,Zuru,183.7,Motorcycle,Paved,Clear,High,Parcel,0,2.8,2.3,Evening,Friday,False,Strong,377.8
ORD14655,Birnin Kebbi Hub,Kamba,152.4,Keke (Tricycle),Paved,Clear,Medium,Documents,3,0.8,2.8,Afternoon,Thursday,False,Strong,360.1
ORD14656,Birnin Kebbi Hub,Yauri,150.1,Motorcycle,Paved,Harmattan Dust,Medium,Documents,0,1.1,2.5,Evening,Sunday,True,Weak,275.5
ORD14657,Birnin Kebbi Hub,Bunza,37.8,Motorcycle,Unpaved,Rain,Low,Documents,1,1.6,4.0,Morning,Sunday,True,Weak,142.2
ORD14658,Birnin Kebbi Hub,Yauri,160.1,Keke (Tricycle),Unpaved,Clear,Low,Bulk Goods,4,50.6,1.0,Afternoon,Friday,False,No Signal,567.4
ORD14659,Birnin Kebbi Hub,Birnin Kebbi,1.8,Van,Paved,Clear,Low,Parcel,2,3.2,1.0,Morning,Monday,False,Weak,41.9
ORD14660,Birnin Kebbi Hub,Jega,56.9,Keke (Tricycle),Unpaved,Harmattan Dust,Medium,Parcel,1,1.5,1.6,Morning,Sunday,True,Weak,309.1
ORD14661,Birnin Kebbi Hub,Yauri,164.7,Motorcycle,Paved,Clear,Low,Parcel,1,3.4,1.5,Midday,Wednesday,False,Strong,196.2
ORD14662,Birnin Kebbi Hub,Birnin Kebbi,3.8,Truck,Paved,Harmattan Dust,Low,Parcel,0,1.1,1.2,Morning,Monday,False,Strong,8.8
ORD14663,Birnin Kebbi Hub,Aliero,38.7,Motorcycle,Paved,Clear,Medium,Parcel,0,6.8,1.8,Morning,Sunday,True,Strong,68.5
ORD14664,Birnin Kebbi Hub,Bunza,41.9,Truck,Paved,Clear,Low,Parcel,0,0.2,0.8,Morning,Wednesday,False,Strong,70.0
ORD14665,Birnin Kebbi Hub,Jega,53.2,Keke (Tricycle),Unpaved,Rain,Medium,Parcel,2,12.2,1.2,Morning,Tuesday,False,Weak,359.8
ORD14666,Birnin Kebbi Hub,Zuru,191.3,Van,Paved,Harmattan Dust,Medium,Parcel,1,3.6,3.2,Midday,Tuesday,False,Strong,309.1
ORD14667,Birnin Kebbi Hub,Kamba,142.5,Keke (Tricycle),Unpaved,Clear,Medium,Food,0,1.3,1.9,Evening,Friday,False,Weak,570.9
ORD14668,Birnin Kebbi Hub,Kamba,154.3,Motorcycle,Paved,Rain,Low,Parcel,2,7.0,0.4,Afternoon,Thursday,False,Strong,289.1
ORD14669,Birnin Kebbi Hub,Argungu,63.9,Van,Unpaved,Harmattan Dust,Medium,Bulk Goods,1,40.1,3.9,Morning,Monday,False,Weak,210.4
ORD14670,Birnin Kebbi Hub,Birnin Kebbi,5.3,Motorcycle,Paved,Clear,High,Parcel,3,2.0,5.1,Afternoon,Thursday,False,Strong,33.9
ORD14671,Birnin Kebbi Hub,Jega,56.6,Keke (Tricycle),Unpaved,Clear,Low,Bulk Goods,3,13.8,1.5,Morning,Thursday,False,Strong,217.5
ORD14672,Birnin Kebbi Hub,Jega,42.6,Motorcycle,Paved,Harmattan Dust,Low,Bulk Goods,0,37.2,0.4,Afternoon,Sunday,True,Weak,100.6
ORD14673,Birnin Kebbi Hub,Zuru,158.2,Keke (Tricycle),Paved,Rain,Medium,Food,4,9.5,5.5,Evening,Sunday,True,No Signal,576.9
ORD14674,Birnin Kebbi Hub,Kamba,98.0,Van,Paved,Clear,Low,Parcel,0,4.5,3.1,Midday,Monday,False,Strong,114.1
ORD14675,Birnin Kebbi Hub,Argungu,65.4,Motorcycle,Unpaved,Clear,Low,Bulk Goods,0,36.9,4.4,Midday,Friday,False,Strong,160.3
ORD14676,Birnin Kebbi Hub,Bunza,45.0,Motorcycle,Unpaved,Clear,Medium,Food,2,4.1,2.5,Evening,Tuesday,False,No Signal,136.4
ORD14677,Birnin Kebbi Hub,Birnin Kebbi,5.5,Motorcycle,Paved,Rain,Low,Parcel,1,12.3,4.4,Morning,Monday,False,Strong,33.9
ORD14678,Birnin Kebbi Hub,Bunza,48.1,Van,Unpaved,Clear,Low,Bulk Goods,0,19.5,3.1,Midday,Sunday,True,No Signal,101.3
ORD14679,Birnin Kebbi Hub,Argungu,72.7,Motorcycle,Unpaved,Clear,Low,Food,2,1.2,0.8,Evening,Monday,False,Strong,160.1
ORD14680,Birnin Kebbi Hub,Birnin Kebbi,6.3,Keke (Tricycle),Paved,Clear,Medium,Parcel,2,0.9,2.6,Evening,Saturday,True,Strong,36.0
ORD14681,Birnin Kebbi Hub,Jega,43.4,Van,Unpaved,Rain,High,Parcel,0,0.9,4.3,Afternoon,Sunday,True,No Signal,243.6
ORD14682,Birnin Kebbi Hub,Bunza,46.9,Keke (Tricycle),Paved,Harmattan Dust,Low,Food,3,0.8,2.6,Morning,Friday,False,Weak,135.7
ORD14683,Birnin Kebbi Hub,Birnin Kebbi,8.6,Truck,Paved,Clear,Medium,Parcel,1,20.0,7.3,Evening,Friday,False,Weak,42.4
ORD14684,Birnin Kebbi Hub,Bunza,41.8,Van,Unpaved,Harmattan Dust,Low,Bulk Goods,2,41.2,1.5,Morning,Thursday,False,Strong,127.9
ORD14685,Birnin Kebbi Hub,Birnin Kebbi,4.4,Van,Paved,Rain,Low,Parcel,0,0.2,2.0,Evening,Monday,False,Strong,11.2
ORD14686,Birnin Kebbi Hub,Bunza,33.7,Motorcycle,Paved,Clear,High,Documents,0,1.4,2.0,Midday,Sunday,True,Weak,75.2
ORD14687,Birnin Kebbi Hub,Aliero,29.0,Motorcycle,Unpaved,Rain,Medium,Parcel,0,1.4,1.1,Midday,Friday,False,Strong,120.2
ORD14688,Birnin Kebbi Hub,Birnin Kebbi,4.7,Motorcycle,Paved,Clear,Low,Food,0,0.3,1.6,Midday,Sunday,True,Strong,21.5
ORD14689,Birnin Kebbi Hub,Birnin Kebbi,6.0,Motorcycle,Paved,Rain,Medium,Food,1,5.6,4.8,Morning,Wednesday,False,Weak,32.0
ORD14690,Birnin Kebbi Hub,Argungu,76.5,Motorcycle,Unpaved,Rain,Medium,Documents,2,1.0,0.6,Evening,Monday,False,Weak,300.6
ORD14691,Birnin Kebbi Hub,Birnin Kebbi,6.1,Van,Paved,Clear,Medium,Food,1,11.6,1.5,Morning,Sunday,True,Weak,44.0
ORD14692,Birnin Kebbi Hub,Argungu,73.5,Motorcycle,Unpaved,Harmattan Dust,Medium,Parcel,1,5.5,1.7,Afternoon,Saturday,True,Strong,258.4
ORD14693,Birnin Kebbi Hub,Bunza,40.2,Keke (Tricycle),Paved,Harmattan Dust,High,Parcel,0,4.0,1.2,Morning,Friday,False,No Signal,179.3
ORD14694,Birnin Kebbi Hub,Aliero,37.4,Truck,Unpaved,Harmattan Dust,Low,Parcel,2,0.2,1.2,Evening,Tuesday,False,Strong,155.0
ORD14695,Birnin Kebbi Hub,Bunza,43.2,Keke (Tricycle),Paved,Rain,Low,Bulk Goods,0,43.0,2.2,Morning,Monday,False,No Signal,159.1
ORD14696,Birnin Kebbi Hub,Aliero,33.3,Motorcycle,Paved,Clear,Low,Food,0,2.5,1.1,Afternoon,Sunday,True,Strong,65.6
ORD14697,Birnin Kebbi Hub,Birnin Kebbi,8.9,Motorcycle,Paved,Rain,High,Food,0,1.4,1.4,Midday,Thursday,False,Strong,29.9
ORD14698,Birnin Kebbi Hub,Bunza,44.2,Motorcycle,Paved,Harmattan Dust,Medium,Parcel,0,0.2,1.7,Afternoon,Tuesday,False,Strong,85.0
ORD14699,Birnin Kebbi Hub,Argungu,49.1,Motorcycle,Unpaved,Clear,Medium,Bulk Goods,0,33.7,0.5,Morning,Monday,False,Weak,152.2
ORD14700,Birnin Kebbi Hub,Birnin Kebbi,1.5,Motorcycle,Unpaved,Rain,Low,Parcel,0,2.3,2.1,Midday,Thursday,False,Strong,8.0
ORD14701,Birnin Kebbi Hub,Bunza,47.7,Truck,Unpaved,Clear,Low,Parcel,0,0.5,2.3,Evening,Friday,False,Weak,138.1
ORD14702,Birnin Kebbi Hub,Birnin Kebbi,4.7,Motorcycle,Unpaved,Rain,High,Food,2,2.8,2.6,Midday,Friday,False,Strong,37.8
ORD14703,Birnin Kebbi Hub,Argungu,72.2,Keke (Tricycle),Paved,Clear,Low,Documents,0,2.9,1.3,Morning,Saturday,True,Strong,138.8
ORD14704,Birnin Kebbi Hub,Bunza,39.5,Motorcycle,Paved,Clear,High,Documents,0,1.7,2.2,Midday,Thursday,False,No Signal,91.4
ORD14705,Birnin Kebbi Hub,Bunza,43.9,Keke (Tricycle),Unpaved,Harmattan Dust,Low,Parcel,0,0.2,5.1,Evening,Saturday,True,Weak,179.3
ORD14706,Birnin Kebbi Hub,Zuru,168.3,Van,Paved,Rain,Low,Food,0,0.8,1.9,Afternoon,Monday,False,Weak,279.5
ORD14707,Birnin Kebbi Hub,Birnin Kebbi,4.1,Van,Paved,Harmattan Dust,Medium,Parcel,3,2.2,0.4,Morning,Monday,False,Weak,52.1
ORD14708,Birnin Kebbi Hub,Birnin Kebbi,2.9,Motorcycle,Paved,Clear,Low,Bulk Goods,0,38.3,0.5,Morning,Monday,False,Strong,40.7
ORD14709,Birnin Kebbi Hub,Jega,59.8,Motorcycle,Paved,Clear,Medium,Food,0,7.8,0.9,Afternoon,Tuesday,False,Strong,87.1
ORD14710,Birnin Kebbi Hub,Argungu,66.0,Keke (Tricycle),Paved,Clear,Low,Food,0,8.8,5.1,Morning,Tuesday,False,Strong,137.0
ORD14711,Birnin Kebbi Hub,Birnin Kebbi,4.6,Keke (Tricycle),Paved,Harmattan Dust,Medium,Bulk Goods,0,38.4,3.6,Morning,Tuesday,False,Strong,55.0
ORD14712,Birnin Kebbi Hub,Bunza,50.4,Motorcycle,Paved,Clear,Low,Parcel,0,4.9,4.9,Afternoon,Monday,False,No Signal,74.8
ORD14713,Birnin Kebbi Hub,Argungu,79.7,Van,Unpaved,Clear,Low,Parcel,3,2.9,4.4,Morning,Wednesday,False,Strong,179.2
ORD14714,Birnin Kebbi Hub,Jega,61.6,Keke (Tricycle),Paved,Clear,Low,Documents,0,5.0,2.4,Morning,Monday,False,Strong,135.0
ORD14715,Birnin Kebbi Hub,Bunza,40.2,Motorcycle,Paved,Clear,Medium,Documents,0,1.9,3.9,Evening,Saturday,True,Weak,80.4
ORD14716,Birnin Kebbi Hub,Argungu,56.9,Van,Paved,Rain,High,Documents,0,18.4,1.8,Morning,Saturday,True,Weak,186.0
ORD14717,Birnin Kebbi Hub,Yauri,172.0,Motorcycle,Paved,Rain,Low,Parcel,0,0.5,1.5,Evening,Monday,False,Weak,299.0
ORD14718,Birnin Kebbi Hub,Bunza,42.8,Van,Paved,Rain,High,Food,0,7.3,1.8,Evening,Sunday,True,Strong,134.1
ORD14719,Birnin Kebbi Hub,Birnin Kebbi,8.7,Van,Paved,Clear,Low,Food,0,3.3,5.3,Afternoon,Friday,False,Strong,19.4
ORD14720,Birnin Kebbi Hub,Birnin Kebbi,6.7,Keke (Tricycle),Paved,Clear,Low,Food,0,1.8,1.6,Afternoon,Tuesday,False,Weak,27.3
ORD14721,Birnin Kebbi Hub,Bunza,43.0,Motorcycle,Unpaved,Clear,High,Parcel,0,0.8,5.4,Midday,Tuesday,False,Strong,151.3
ORD14722,Birnin Kebbi Hub,Bunza,46.6,Motorcycle,Paved,Rain,High,Food,0,2.1,1.7,Morning,Monday,False,No Signal,174.1
ORD14723,Birnin Kebbi Hub,Bunza,44.4,Keke (Tricycle),Paved,Clear,Medium,Documents,2,0.5,1.2,Midday,Saturday,True,Weak,126.8
ORD14724,Birnin Kebbi Hub,Zuru,174.6,Motorcycle,Paved,Clear,Medium,Bulk Goods,0,41.9,1.3,Afternoon,Thursday,False,Strong,282.6
ORD14725,Birnin Kebbi Hub,Zuru,200.6,Keke (Tricycle),Unpaved,Harmattan Dust,High,Food,1,13.7,2.8,Midday,Sunday,True,Weak,1451.6
ORD14726,Birnin Kebbi Hub,Birnin Kebbi,4.1,Keke (Tricycle),Paved,Harmattan Dust,Low,Bulk Goods,1,30.4,1.8,Midday,Monday,False,No Signal,45.1
ORD14727,Birnin Kebbi Hub,Birnin Kebbi,6.5,Keke (Tricycle),Paved,Clear,Low,Parcel,1,9.5,1.0,Afternoon,Monday,False,Weak,38.7
ORD14728,Birnin Kebbi Hub,Bunza,45.1,Keke (Tricycle),Paved,Harmattan Dust,Low,Food,4,13.3,4.3,Morning,Saturday,True,No Signal,161.5
ORD14729,Birnin Kebbi Hub,Birnin Kebbi,3.9,Keke (Tricycle),Paved,Clear,Low,Parcel,1,2.2,3.7,Evening,Friday,False,No Signal,29.2
ORD14730,Birnin Kebbi Hub,Jega,48.8,Motorcycle,Paved,Clear,High,Food,0,5.8,1.4,Midday,Tuesday,False,Strong,115.3
ORD14731,Birnin Kebbi Hub,Birnin Kebbi,7.2,Keke (Tricycle),Paved,Clear,Low,Parcel,0,4.0,3.8,Evening,Monday,False,Strong,25.2
ORD14732,Birnin Kebbi Hub,Bunza,44.5,Van,Unpaved,Clear,Medium,Parcel,0,6.7,0.1,Midday,Saturday,True,Strong,117.0
ORD14733,Birnin Kebbi Hub,Birnin Kebbi,6.9,Van,Paved,Clear,Medium,Bulk Goods,0,23.0,0.9,Morning,Sunday,True,Strong,33.6
ORD14734,Birnin Kebbi Hub,Bunza,39.4,Motorcycle,Unpaved,Rain,High,Food,2,4.6,2.8,Evening,Saturday,True,Weak,251.7
ORD14735,Birnin Kebbi Hub,Zuru,191.5,Keke (Tricycle),Unpaved,Clear,Low,Parcel,2,13.4,2.5,Morning,Saturday,True,Weak,636.8
ORD14736,Birnin Kebbi Hub,Jega,51.9,Keke (Tricycle),Paved,Harmattan Dust,Low,Bulk Goods,0,14.6,3.5,Afternoon,Saturday,True,Weak,149.7
ORD14737,Birnin Kebbi Hub,Argungu,64.8,Keke (Tricycle),Paved,Clear,High,Parcel,0,0.4,1.2,Morning,Tuesday,False,Strong,215.8
ORD14738,Birnin Kebbi Hub,Aliero,31.4,Motorcycle,Paved,Clear,Medium,Food,0,0.3,4.9,Afternoon,Wednesday,False,Weak,58.1
ORD14739,Birnin Kebbi Hub,Kamba,122.2,Van,Unpaved,Rain,Medium,Documents,2,0.2,3.0,Midday,Wednesday,False,Weak,455.7
ORD14740,Birnin Kebbi Hub,Birnin Kebbi,5.0,Truck,Unpaved,Rain,High,Bulk Goods,1,33.9,1.4,Midday,Wednesday,False,No Signal,66.1
ORD14741,Birnin Kebbi Hub,Birnin Kebbi,6.8,Van,Unpaved,Clear,Medium,Bulk Goods,2,21.0,2.6,Morning,Wednesday,False,Strong,45.6
ORD14742,Birnin Kebbi Hub,Bunza,49.1,Van,Unpaved,Rain,Medium,Food,4,5.3,1.9,Morning,Sunday,True,No Signal,238.0
ORD14743,Birnin Kebbi Hub,Birnin Kebbi,6.5,Keke (Tricycle),Paved,Harmattan Dust,High,Parcel,4,1.4,3.7,Morning,Friday,False,Weak,55.4
ORD14744,Birnin Kebbi Hub,Aliero,41.1,Motorcycle,Unpaved,Clear,High,Parcel,0,1.7,3.0,Evening,Monday,False,Weak,158.9
ORD14745,Birnin Kebbi Hub,Birnin Kebbi,5.8,Truck,Paved,Clear,Medium,Parcel,1,0.2,1.3,Evening,Sunday,True,No Signal,43.2
ORD14746,Birnin Kebbi Hub,Aliero,30.5,Keke (Tricycle),Unpaved,Clear,Low,Documents,0,1.2,3.2,Evening,Saturday,True,Strong,104.3
ORD14747,Birnin Kebbi Hub,Yauri,148.3,Motorcycle,Paved,Rain,Medium,Parcel,0,5.7,0.1,Midday,Tuesday,False,Weak,325.5
ORD14748,Birnin Kebbi Hub,Argungu,69.4,Motorcycle,Paved,Clear,Low,Parcel,0,0.3,0.7,Evening,Sunday,True,Weak,86.2
ORD14749,Birnin Kebbi Hub,Birnin Kebbi,1.5,Truck,Unpaved,Clear,Medium,Food,0,1.6,2.7,Morning,Friday,False,Weak,21.0
ORD14750,Birnin Kebbi Hub,Jega,51.5,Motorcycle,Paved,Rain,Medium,Parcel,0,1.3,1.1,Afternoon,Monday,False,No Signal,128.8
ORD14751,Birnin Kebbi Hub,Kamba,132.1,Keke (Tricycle),Unpaved,Clear,Low,Food,0,3.0,2.6,Evening,Sunday,True,Strong,424.1
ORD14752,Birnin Kebbi Hub,Birnin Kebbi,9.5,Van,Paved,Harmattan Dust,High,Parcel,0,0.3,0.7,Evening,Friday,False,Weak,32.6
ORD14753,Birnin Kebbi Hub,Bunza,55.8,Keke (Tricycle),Unpaved,Clear,Low,Parcel,1,2.9,2.5,Midday,Tuesday,False,Strong,187.1
ORD14754,Birnin Kebbi Hub,Birnin Kebbi,4.7,Motorcycle,Paved,Rain,Low,Parcel,2,1.3,0.9,Morning,Friday,False,No Signal,45.8
ORD14755,Birnin Kebbi Hub,Bunza,48.0,Van,Unpaved,Clear,Low,Food,4,0.8,1.1,Morning,Monday,False,Strong,134.0
ORD14756,Birnin Kebbi Hub,Birnin Kebbi,3.7,Motorcycle,Paved,Rain,Low,Bulk Goods,1,39.1,1.5,Afternoon,Wednesday,False,Weak,43.6
ORD14757,Birnin Kebbi Hub,Yauri,122.4,Keke (Tricycle),Unpaved,Clear,Medium,Bulk Goods,0,24.4,3.1,Evening,Saturday,True,Weak,502.9
ORD14758,Birnin Kebbi Hub,Bunza,48.4,Motorcycle,Paved,Rain,Medium,Food,0,2.5,8.7,Evening,Monday,False,Weak,96.6
ORD14759,Birnin Kebbi Hub,Kamba,129.7,Motorcycle,Paved,Clear,Medium,Parcel,1,2.7,2.5,Afternoon,Monday,False,No Signal,195.3
ORD14760,Birnin Kebbi Hub,Bunza,45.8,Keke (Tricycle),Unpaved,Harmattan Dust,Low,Parcel,0,6.3,2.4,Morning,Saturday,True,Strong,194.1
ORD14761,Birnin Kebbi Hub,Jega,55.9,Motorcycle,Paved,Clear,Low,Documents,0,0.9,2.3,Midday,Friday,False,Weak,74.0
ORD14762,Birnin Kebbi Hub,Bunza,52.2,Van,Paved,Harmattan Dust,Low,Parcel,1,1.4,1.4,Midday,Thursday,False,Strong,81.0
ORD14763,Birnin Kebbi Hub,Yauri,173.1,Van,Unpaved,Rain,Low,Bulk Goods,0,34.0,1.1,Midday,Thursday,False,Strong,500.2
ORD14764,Birnin Kebbi Hub,Bunza,42.3,Motorcycle,Paved,Harmattan Dust,Low,Bulk Goods,0,36.2,0.9,Midday,Thursday,False,Weak,86.0
ORD14765,Birnin Kebbi Hub,Birnin Kebbi,9.7,Keke (Tricycle),Paved,Rain,Medium,Bulk Goods,0,13.0,1.4,Morning,Friday,False,Weak,52.7
ORD14766,Birnin Kebbi Hub,Bunza,59.5,Motorcycle,Paved,Rain,Low,Food,0,4.8,0.5,Midday,Saturday,True,Weak,128.3
ORD14767,Birnin Kebbi Hub,Zuru,165.3,Motorcycle,Unpaved,Clear,Medium,Bulk Goods,0,22.6,2.5,Morning,Saturday,True,Weak,438.1
ORD14768,Birnin Kebbi Hub,Birnin Kebbi,1.5,Motorcycle,Paved,Clear,Low,Parcel,0,1.3,1.8,Midday,Saturday,True,Weak,17.5
ORD14769,Birnin Kebbi Hub,Bunza,58.3,Keke (Tricycle),Paved,Harmattan Dust,Medium,Parcel,1,2.4,1.2,Afternoon,Tuesday,False,Strong,173.3
ORD14770,Birnin Kebbi Hub,Birnin Kebbi,6.7,Motorcycle,Paved,Clear,High,Parcel,0,0.9,8.2,Midday,Sunday,True,Weak,17.3
ORD14771,Birnin Kebbi Hub,Zuru,174.8,Motorcycle,Unpaved,Clear,Medium,Food,0,2.3,1.4,Morning,Thursday,False,No Signal,455.2
ORD14772,Birnin Kebbi Hub,Argungu,65.5,Truck,Unpaved,Harmattan Dust,High,Food,2,4.2,7.1,Afternoon,Friday,False,Strong,413.1
ORD14773,Birnin Kebbi Hub,Bunza,46.3,Motorcycle,Unpaved,Clear,Medium,Documents,2,9.8,2.4,Evening,Wednesday,False,Strong,130.4
ORD14774,Birnin Kebbi Hub,Kamba,128.0,Motorcycle,Paved,Harmattan Dust,Medium,Food,3,2.2,5.9,Evening,Friday,False,Weak,239.6
ORD14775,Birnin Kebbi Hub,Bunza,43.3,Keke (Tricycle),Unpaved,Harmattan Dust,Low,Parcel,0,1.8,0.3,Afternoon,Sunday,True,Weak,189.5
ORD14776,Birnin Kebbi Hub,Kamba,118.6,Keke (Tricycle),Unpaved,Clear,Low,Parcel,0,0.3,7.3,Morning,Saturday,True,Weak,369.0
ORD14777,Birnin Kebbi Hub,Kamba,134.8,Keke (Tricycle),Paved,Clear,Low,Parcel,2,3.5,3.2,Midday,Friday,False,No Signal,258.9
ORD14778,Birnin Kebbi Hub,Aliero,33.8,Van,Paved,Clear,Medium,Food,0,6.6,0.7,Morning,Monday,False,Weak,72.2
ORD14779,Birnin Kebbi Hub,Bunza,45.1,Van,Paved,Rain,Low,Documents,2,8.3,3.6,Afternoon,Thursday,False,Weak,99.3
ORD14780,Birnin Kebbi Hub,Bunza,48.0,Motorcycle,Paved,Clear,Medium,Bulk Goods,0,29.9,4.3,Morning,Sunday,True,Strong,91.5
ORD14781,Birnin Kebbi Hub,Bunza,42.7,Motorcycle,Paved,Harmattan Dust,Low,Bulk Goods,0,20.6,0.5,Afternoon,Saturday,True,Strong,90.8
ORD14782,Birnin Kebbi Hub,Birnin Kebbi,6.8,Van,Unpaved,Rain,Low,Parcel,1,9.8,1.5,Midday,Monday,False,Weak,49.1
ORD14783,Birnin Kebbi Hub,Bunza,37.9,Motorcycle,Paved,Clear,Low,Food,0,1.7,2.7,Evening,Wednesday,False,Weak,46.7
ORD14784,Birnin Kebbi Hub,Birnin Kebbi,6.2,Motorcycle,Paved,Clear,Low,Documents,1,0.9,1.8,Afternoon,Sunday,True,Strong,27.9
ORD14785,Birnin Kebbi Hub,Bunza,45.5,Motorcycle,Paved,Clear,High,Parcel,1,0.2,4.2,Evening,Thursday,False,Strong,100.0
ORD14786,Birnin Kebbi Hub,Yauri,164.4,Keke (Tricycle),Paved,Rain,Medium,Food,0,0.8,1.4,Evening,Sunday,True,Strong,547.1
ORD14787,Birnin Kebbi Hub,Bunza,45.7,Keke (Tricycle),Paved,Clear,Medium,Food,3,4.0,0.3,Morning,Sunday,True,Strong,131.5
ORD14788,Birnin Kebbi Hub,Jega,62.7,Keke (Tricycle),Paved,Clear,Medium,Parcel,1,0.7,0.9,Morning,Saturday,True,No Signal,157.3
ORD14789,Birnin Kebbi Hub,Argungu,57.7,Van,Unpaved,Rain,Low,Bulk Goods,0,32.9,3.8,Midday,Friday,False,Strong,176.8
ORD14790,Birnin Kebbi Hub,Birnin Kebbi,5.8,Motorcycle,Paved,Clear,Low,Documents,0,2.6,3.9,Morning,Wednesday,False,Strong,24.9
ORD14791,Birnin Kebbi Hub,Jega,53.7,Motorcycle,Paved,Clear,High,Parcel,1,7.2,0.6,Midday,Monday,False,Weak,132.6
ORD14792,Birnin Kebbi Hub,Birnin Kebbi,3.4,Motorcycle,Unpaved,Rain,Low,Documents,0,7.4,2.8,Morning,Friday,False,Weak,30.0
ORD14793,Birnin Kebbi Hub,Jega,55.6,Van,Paved,Harmattan Dust,High,Parcel,1,5.0,2.3,Morning,Sunday,True,Strong,160.8
ORD14794,Birnin Kebbi Hub,Jega,55.8,Van,Paved,Rain,Medium,Food,0,2.2,2.3,Afternoon,Wednesday,False,Weak,130.4
ORD14795,Birnin Kebbi Hub,Birnin Kebbi,5.8,Keke (Tricycle),Paved,Rain,Low,Bulk Goods,2,31.2,3.6,Morning,Friday,False,Weak,64.1
ORD14796,Birnin Kebbi Hub,Birnin Kebbi,8.5,Motorcycle,Unpaved,Rain,High,Documents,0,2.6,0.3,Midday,Saturday,True,Strong,50.8
ORD14797,Birnin Kebbi Hub,Kamba,111.0,Motorcycle,Unpaved,Clear,Low,Parcel,1,1.0,1.0,Evening,Monday,False,Strong,227.6
ORD14798,Birnin Kebbi Hub,Bunza,38.4,Keke (Tricycle),Paved,Rain,Medium,Bulk Goods,0,36.0,4.6,Morning,Monday,False,Strong,156.9
ORD14799,Birnin Kebbi Hub,Kamba,110.7,Truck,Unpaved,Clear,Medium,Parcel,1,13.2,0.2,Midday,Sunday,True,Strong,370.9
ORD14800,Birnin Kebbi Hub,Birnin Kebbi,3.1,Motorcycle,Paved,Clear,Medium,Documents,0,1.0,2.3,Afternoon,Sunday,True,Strong,22.6
ORD14801,Birnin Kebbi Hub,Bunza,43.1,Van,Paved,Clear,Low,Parcel,2,2.1,3.1,Morning,Monday,False,Strong,73.7
ORD14802,Birnin Kebbi Hub,Zuru,180.2,Keke (Tricycle),Paved,Harmattan Dust,Medium,Parcel,0,1.6,3.2,Evening,Friday,False,Strong,483.8
ORD14803,Birnin Kebbi Hub,Kamba,137.8,Van,Unpaved,Clear,Low,Documents,0,2.1,2.3,Afternoon,Monday,False,No Signal,275.0
ORD14804,Birnin Kebbi Hub,Birnin Kebbi,7.2,Keke (Tricycle),Paved,Clear,Medium,Parcel,0,5.2,2.7,Afternoon,Monday,False,Weak,37.8
ORD14805,Birnin Kebbi Hub,Kamba,119.4,Motorcycle,Paved,Rain,Low,Food,2,3.0,1.5,Afternoon,Monday,False,Strong,217.0
ORD14806,Birnin Kebbi Hub,Jega,59.8,Van,Paved,Clear,Low,Parcel,1,17.3,0.7,Evening,Tuesday,False,No Signal,92.1
ORD14807,Birnin Kebbi Hub,Birnin Kebbi,1.5,Motorcycle,Paved,Clear,Low,Parcel,0,6.9,5.3,Morning,Wednesday,False,Strong,19.7
ORD14808,Birnin Kebbi Hub,Birnin Kebbi,6.7,Keke (Tricycle),Paved,Harmattan Dust,High,Parcel,0,3.4,1.9,Evening,Sunday,True,Weak,50.8
ORD14809,Birnin Kebbi Hub,Kamba,145.9,Motorcycle,Unpaved,Clear,Low,Parcel,1,8.2,0.7,Afternoon,Wednesday,False,Weak,308.0
ORD14810,Birnin Kebbi Hub,Bunza,45.7,Van,Unpaved,Rain,Low,Food,1,2.6,3.9,Morning,Friday,False,Weak,154.0
ORD14811,Birnin Kebbi Hub,Argungu,64.7,Van,Unpaved,Harmattan Dust,High,Food,2,0.6,0.1,Midday,Friday,False,No Signal,303.4
ORD14812,Birnin Kebbi Hub,Bunza,41.3,Van,Paved,Clear,Low,Parcel,0,0.9,2.9,Morning,Monday,False,Weak,53.7
ORD14813,Birnin Kebbi Hub,Argungu,57.8,Van,Unpaved,Rain,Low,Documents,0,4.4,4.2,Evening,Friday,False,Strong,160.9
ORD14814,Birnin Kebbi Hub,Birnin Kebbi,5.4,Truck,Paved,Clear,Low,Parcel,0,7.3,2.3,Evening,Monday,False,No Signal,27.3
ORD14815,Birnin Kebbi Hub,Argungu,58.7,Motorcycle,Paved,Clear,Medium,Parcel,2,3.5,4.0,Morning,Sunday,True,Strong,103.6
ORD14816,Birnin Kebbi Hub,Birnin Kebbi,7.1,Motorcycle,Paved,Clear,High,Food,3,12.0,1.7,Evening,Sunday,True,Strong,48.8
ORD14817,Birnin Kebbi Hub,Birnin Kebbi,4.3,Keke (Tricycle),Unpaved,Clear,Medium,Bulk Goods,1,39.2,5.1,Midday,Thursday,False,No Signal,56.0
ORD14818,Birnin Kebbi Hub,Jega,63.8,Keke (Tricycle),Paved,Harmattan Dust,Low,Parcel,1,4.7,4.0,Midday,Friday,False,Weak,161.0
ORD14819,Birnin Kebbi Hub,Birnin Kebbi,5.6,Motorcycle,Paved,Harmattan Dust,Low,Bulk Goods,2,44.2,1.2,Evening,Friday,False,Strong,41.5
ORD14820,Birnin Kebbi Hub,Birnin Kebbi,5.3,Motorcycle,Paved,Clear,Medium,Documents,3,8.7,3.1,Morning,Wednesday,False,Strong,35.9
ORD14821,Birnin Kebbi Hub,Birnin Kebbi,9.6,Van,Paved,Clear,Medium,Parcel,3,1.8,2.0,Midday,Monday,False,Weak,53.1
ORD14822,Birnin Kebbi Hub,Argungu,71.3,Keke (Tricycle),Unpaved,Clear,High,Parcel,0,3.4,0.9,Midday,Thursday,False,Strong,426.8
ORD14823,Birnin Kebbi Hub,Argungu,58.2,Truck,Paved,Clear,Low,Food,0,1.3,7.7,Evening,Saturday,True,No Signal,89.2
ORD14824,Birnin Kebbi Hub,Argungu,63.1,Motorcycle,Unpaved,Clear,Low,Food,0,10.3,2.3,Midday,Tuesday,False,Weak,151.7
ORD14825,Birnin Kebbi Hub,Aliero,37.3,Motorcycle,Paved,Clear,Medium,Documents,0,8.1,0.7,Evening,Saturday,True,Weak,76.4
ORD14826,Birnin Kebbi Hub,Jega,50.1,Keke (Tricycle),Unpaved,Clear,High,Food,1,5.9,0.9,Afternoon,Sunday,True,Weak,309.5
ORD14827,Birnin Kebbi Hub,Aliero,32.3,Motorcycle,Paved,Harmattan Dust,Low,Parcel,0,1.2,3.8,Morning,Wednesday,False,Weak,63.2
ORD14828,Birnin Kebbi Hub,Birnin Kebbi,5.2,Van,Paved,Clear,Medium,Food,0,4.4,1.7,Morning,Friday,False,Weak,21.7
ORD14829,Birnin Kebbi Hub,Bunza,45.9,Motorcycle,Paved,Harmattan Dust,High,Parcel,1,1.6,1.8,Midday,Wednesday,False,Weak,125.5
ORD14830,Birnin Kebbi Hub,Birnin Kebbi,6.8,Van,Unpaved,Rain,Low,Parcel,0,4.7,0.8,Evening,Tuesday,False,No Signal,27.9
ORD14831,Birnin Kebbi Hub,Argungu,66.7,Keke (Tricycle),Paved,Harmattan Dust,Low,Parcel,0,2.0,2.4,Evening,Monday,False,Weak,149.6
ORD14832,Birnin Kebbi Hub,Jega,51.7,Van,Paved,Clear,Low,Parcel,2,5.7,0.0,Morning,Monday,False,No Signal,87.8
ORD14833,Birnin Kebbi Hub,Zuru,167.8,Truck,Paved,Clear,Medium,Food,3,0.7,2.2,Midday,Wednesday,False,Strong,334.3
ORD14834,Birnin Kebbi Hub,Bunza,48.4,Van,Unpaved,Harmattan Dust,Low,Parcel,1,4.2,0.6,Evening,Saturday,True,Strong,129.7
ORD14835,Birnin Kebbi Hub,Kamba,123.7,Van,Paved,Clear,High,Parcel,0,1.9,5.5,Midday,Tuesday,False,No Signal,232.6
ORD14836,Birnin Kebbi Hub,Yauri,156.6,Motorcycle,Paved,Rain,High,Parcel,1,7.0,3.6,Evening,Sunday,True,No Signal,499.0
ORD14837,Birnin Kebbi Hub,Argungu,70.7,Motorcycle,Paved,Rain,Medium,Documents,1,22.2,2.4,Morning,Saturday,True,Strong,184.8
ORD14838,Birnin Kebbi Hub,Jega,58.8,Van,Unpaved,Clear,Medium,Food,0,3.4,5.0,Morning,Sunday,True,Strong,145.4
ORD14839,Birnin Kebbi Hub,Birnin Kebbi,7.1,Motorcycle,Unpaved,Clear,Low,Parcel,0,9.6,2.9,Midday,Wednesday,False,No Signal,40.6
ORD14840,Birnin Kebbi Hub,Birnin Kebbi,4.4,Keke (Tricycle),Paved,Clear,Low,Documents,1,11.0,5.3,Midday,Friday,False,Strong,19.8
ORD14841,Birnin Kebbi Hub,Jega,40.9,Keke (Tricycle),Paved,Harmattan Dust,Medium,Parcel,2,0.6,0.8,Afternoon,Friday,False,Weak,139.2
ORD14842,Birnin Kebbi Hub,Argungu,75.1,Van,Unpaved,Harmattan Dust,High,Bulk Goods,0,27.6,1.6,Morning,Thursday,False,No Signal,339.7
ORD14843,Birnin Kebbi Hub,Birnin Kebbi,9.3,Motorcycle,Paved,Clear,Medium,Documents,0,6.8,2.6,Midday,Saturday,True,Weak,20.1
ORD14844,Birnin Kebbi Hub,Birnin Kebbi,5.1,Motorcycle,Paved,Clear,High,Food,0,8.3,1.0,Evening,Tuesday,False,Strong,30.4
ORD14845,Birnin Kebbi Hub,Yauri,179.2,Van,Paved,Clear,High,Parcel,0,1.7,2.7,Morning,Sunday,True,Strong,338.0
ORD14846,Birnin Kebbi Hub,Birnin Kebbi,4.6,Motorcycle,Paved,Clear,High,Documents,2,5.3,3.6,Morning,Tuesday,False,Strong,37.6
ORD14847,Birnin Kebbi Hub,Zuru,155.0,Motorcycle,Paved,Rain,Low,Documents,2,3.5,1.4,Midday,Friday,False,Weak,298.7
ORD14848,Birnin Kebbi Hub,Birnin Kebbi,7.0,Keke (Tricycle),Paved,Clear,Low,Food,0,1.7,3.9,Morning,Monday,False,Weak,30.9
ORD14849,Birnin Kebbi Hub,Yauri,159.7,Motorcycle,Paved,Harmattan Dust,Medium,Bulk Goods,1,16.1,4.0,Evening,Tuesday,False,No Signal,308.5
ORD14850,Birnin Kebbi Hub,Yauri,126.0,Van,Paved,Clear,Medium,Documents,1,0.7,7.1,Afternoon,Sunday,True,Weak,178.8
ORD14851,Birnin Kebbi Hub,Bunza,36.3,Motorcycle,Unpaved,Clear,Medium,Parcel,0,1.0,4.7,Midday,Wednesday,False,Weak,104.4
ORD14852,Birnin Kebbi Hub,Zuru,200.0,Motorcycle,Paved,Harmattan Dust,Medium,Parcel,2,5.8,2.5,Morning,Sunday,True,Strong,361.7
ORD14853,Birnin Kebbi Hub,Birnin Kebbi,8.8,Truck,Paved,Clear,Medium,Parcel,3,1.0,1.7,Afternoon,Friday,False,Strong,72.5
ORD14854,Birnin Kebbi Hub,Jega,60.3,Motorcycle,Unpaved,Harmattan Dust,Medium,Food,1,1.4,1.9,Afternoon,Sunday,True,No Signal,218.5
ORD14855,Birnin Kebbi Hub,Jega,57.4,Motorcycle,Paved,Clear,Low,Bulk Goods,0,25.7,1.3,Evening,Monday,False,Strong,90.4
ORD14856,Birnin Kebbi Hub,Jega,56.5,Keke (Tricycle),Unpaved,Clear,High,Documents,0,2.1,3.0,Morning,Friday,False,Strong,330.5
ORD14857,Birnin Kebbi Hub,Aliero,35.1,Keke (Tricycle),Paved,Rain,Medium,Food,2,2.9,2.1,Midday,Thursday,False,Weak,148.3
ORD14858,Birnin Kebbi Hub,Birnin Kebbi,3.5,Motorcycle,Unpaved,Clear,High,Food,1,4.0,5.7,Evening,Friday,False,Strong,16.7
ORD14859,Birnin Kebbi Hub,Aliero,31.5,Van,Paved,Harmattan Dust,High,Bulk Goods,0,15.5,1.4,Morning,Monday,False,Strong,84.2
ORD14860,Birnin Kebbi Hub,Bunza,40.4,Van,Unpaved,Clear,High,Parcel,4,2.9,8.1,Morning,Monday,False,Weak,185.1
ORD14861,Birnin Kebbi Hub,Argungu,53.4,Motorcycle,Paved,Rain,Medium,Food,0,10.8,3.2,Morning,Tuesday,False,No Signal,135.6
ORD14862,Birnin Kebbi Hub,Aliero,39.7,Truck,Paved,Clear,Low,Parcel,0,0.7,5.7,Afternoon,Sunday,True,Strong,68.4
ORD14863,Birnin Kebbi Hub,Jega,52.9,Keke (Tricycle),Unpaved,Clear,High,Food,0,1.0,3.2,Afternoon,Friday,False,Weak,311.3
ORD14864,Birnin Kebbi Hub,Bunza,44.1,Motorcycle,Paved,Harmattan Dust,Low,Food,2,3.5,1.2,Evening,Saturday,True,Strong,88.8
ORD14865,Birnin Kebbi Hub,Birnin Kebbi,6.2,Van,Paved,Clear,Medium,Parcel,0,16.1,8.9,Morning,Saturday,True,No Signal,24.5
ORD14866,Birnin Kebbi Hub,Argungu,70.8,Motorcycle,Unpaved,Rain,Low,Documents,4,3.8,0.7,Midday,Monday,False,Weak,255.4
ORD14867,Birnin Kebbi Hub,Bunza,47.7,Keke (Tricycle),Paved,Harmattan Dust,Low,Food,4,0.3,0.7,Evening,Monday,False,Weak,134.5
ORD14868,Birnin Kebbi Hub,Bunza,41.3,Motorcycle,Paved,Rain,Low,Food,0,1.0,2.5,Midday,Thursday,False,No Signal,80.1
ORD14869,Birnin Kebbi Hub,Aliero,32.5,Van,Unpaved,Clear,Low,Parcel,0,18.4,1.4,Evening,Monday,False,Weak,75.5
ORD14870,Birnin Kebbi Hub,Birnin Kebbi,6.9,Van,Paved,Clear,Low,Food,0,7.7,2.4,Evening,Wednesday,False,Weak,32.2
ORD14871,Birnin Kebbi Hub,Birnin Kebbi,4.5,Motorcycle,Paved,Clear,Low,Parcel,0,0.7,0.5,Morning,Monday,False,Strong,26.7
ORD14872,Birnin Kebbi Hub,Birnin Kebbi,1.5,Truck,Paved,Harmattan Dust,Low,Food,1,1.5,2.8,Morning,Thursday,False,Weak,19.8
ORD14873,Birnin Kebbi Hub,Argungu,71.9,Keke (Tricycle),Unpaved,Rain,Low,Parcel,0,4.2,2.0,Morning,Sunday,True,Weak,363.6
ORD14874,Birnin Kebbi Hub,Argungu,54.6,Motorcycle,Paved,Clear,Medium,Documents,0,1.3,1.3,Evening,Friday,False,Weak,86.7
ORD14875,Birnin Kebbi Hub,Birnin Kebbi,1.9,Motorcycle,Paved,Clear,Low,Food,1,11.4,0.7,Evening,Wednesday,False,Weak,37.1
ORD14876,Birnin Kebbi Hub,Birnin Kebbi,7.2,Keke (Tricycle),Paved,Clear,High,Food,0,10.6,4.3,Midday,Sunday,True,Weak,47.7
ORD14877,Birnin Kebbi Hub,Kamba,129.2,Keke (Tricycle),Unpaved,Rain,Low,Parcel,3,5.0,1.9,Midday,Wednesday,False,Strong,648.0
ORD14878,Birnin Kebbi Hub,Birnin Kebbi,3.1,Motorcycle,Paved,Clear,Low,Bulk Goods,1,24.8,0.4,Midday,Wednesday,False,Strong,25.5
ORD14879,Birnin Kebbi Hub,Kamba,154.8,Motorcycle,Paved,Rain,Medium,Parcel,0,0.5,1.3,Evening,Saturday,True,Weak,350.5
ORD14880,Birnin Kebbi Hub,Birnin Kebbi,4.0,Motorcycle,Paved,Clear,Medium,Parcel,0,5.1,1.9,Afternoon,Thursday,False,Weak,28.8
ORD14881,Birnin Kebbi Hub,Jega,60.7,Motorcycle,Unpaved,Clear,Medium,Documents,0,3.3,3.7,Evening,Monday,False,Strong,152.3
ORD14882,Birnin Kebbi Hub,Bunza,42.8,Van,Unpaved,Rain,Low,Food,2,7.3,2.2,Evening,Thursday,False,No Signal,155.0
ORD14883,Birnin Kebbi Hub,Yauri,146.5,Motorcycle,Paved,Rain,High,Food,0,0.7,3.5,Morning,Sunday,True,Weak,469.9
ORD14884,Birnin Kebbi Hub,Birnin Kebbi,3.7,Motorcycle,Paved,Clear,High,Food,0,10.6,2.0,Afternoon,Wednesday,False,Strong,10.0
ORD14885,Birnin Kebbi Hub,Bunza,49.6,Motorcycle,Unpaved,Clear,Low,Parcel,0,4.5,2.7,Afternoon,Sunday,True,Strong,116.0
ORD14886,Birnin Kebbi Hub,Birnin Kebbi,6.6,Keke (Tricycle),Paved,Clear,Medium,Food,0,4.6,2.8,Morning,Monday,False,Weak,36.7
ORD14887,Birnin Kebbi Hub,Jega,44.6,Motorcycle,Unpaved,Clear,Low,Parcel,0,1.7,1.8,Afternoon,Monday,False,Weak,111.1
ORD14888,Birnin Kebbi Hub,Birnin Kebbi,8.2,Keke (Tricycle),Unpaved,Harmattan Dust,Medium,Documents,0,0.7,2.6,Evening,Sunday,True,Strong,41.0
ORD14889,Birnin Kebbi Hub,Birnin Kebbi,5.5,Motorcycle,Paved,Clear,Low,Bulk Goods,1,16.5,1.1,Midday,Friday,False,No Signal,35.0
ORD14890,Birnin Kebbi Hub,Kamba,160.5,Motorcycle,Unpaved,Clear,Low,Parcel,2,2.5,4.4,Morning,Sunday,True,Weak,348.8
ORD14891,Birnin Kebbi Hub,Kamba,138.6,Motorcycle,Unpaved,Harmattan Dust,Low,Documents,0,0.4,4.9,Evening,Tuesday,False,Strong,350.0
ORD14892,Birnin Kebbi Hub,Birnin Kebbi,7.7,Motorcycle,Paved,Harmattan Dust,Low,Food,0,1.9,2.2,Midday,Thursday,False,Weak,24.1
ORD14893,Birnin Kebbi Hub,Argungu,54.7,Keke (Tricycle),Paved,Harmattan Dust,Low,Food,0,1.8,2.3,Evening,Thursday,False,Weak,123.4
ORD14894,Birnin Kebbi Hub,Birnin Kebbi,2.7,Keke (Tricycle),Paved,Harmattan Dust,Medium,Documents,1,0.3,4.1,Afternoon,Sunday,True,Strong,30.5
ORD14895,Birnin Kebbi Hub,Argungu,49.6,Motorcycle,Paved,Clear,Low,Bulk Goods,0,27.3,5.6,Morning,Wednesday,False,Weak,78.4
ORD14896,Birnin Kebbi Hub,Birnin Kebbi,4.9,Van,Unpaved,Clear,Medium,Food,1,1.4,4.5,Evening,Wednesday,False,Strong,22.5
ORD14897,Birnin Kebbi Hub,Jega,43.0,Keke (Tricycle),Paved,Rain,Low,Bulk Goods,1,24.1,7.3,Evening,Monday,False,Strong,137.7
ORD14898,Birnin Kebbi Hub,Aliero,32.3,Motorcycle,Paved,Harmattan Dust,Medium,Food,1,0.2,1.1,Morning,Monday,False,Strong,78.4
ORD14899,Birnin Kebbi Hub,Birnin Kebbi,7.0,Keke (Tricycle),Paved,Clear,Medium,Food,2,1.4,5.4,Evening,Sunday,True,Strong,42.9
ORD14900,Birnin Kebbi Hub,Birnin Kebbi,8.5,Motorcycle,Unpaved,Clear,High,Parcel,1,9.9,2.4,Morning,Wednesday,False,Strong,58.6
ORD14901,Birnin Kebbi Hub,Bunza,40.3,Motorcycle,Unpaved,Rain,Medium,Food,0,3.2,0.4,Midday,Monday,False,Weak,151.1
ORD14902,Birnin Kebbi Hub,Birnin Kebbi,6.2,Keke (Tricycle),Unpaved,Clear,Low,Parcel,0,3.0,0.3,Evening,Thursday,False,Strong,35.1
ORD14903,Birnin Kebbi Hub,Birnin Kebbi,8.3,Motorcycle,Paved,Clear,Low,Parcel,1,1.4,4.9,Afternoon,Thursday,False,Weak,32.8
ORD14904,Birnin Kebbi Hub,Zuru,185.8,Motorcycle,Paved,Clear,Low,Parcel,0,6.1,2.3,Evening,Sunday,True,Strong,219.2
ORD14905,Birnin Kebbi Hub,Jega,50.2,Keke (Tricycle),Unpaved,Harmattan Dust,Medium,Parcel,0,8.4,3.7,Evening,Saturday,True,Strong,266.8
ORD14906,Birnin Kebbi Hub,Bunza,33.7,Motorcycle,Unpaved,Clear,Medium,Parcel,2,0.4,1.0,Midday,Friday,False,Weak,103.6
ORD14907,Birnin Kebbi Hub,Bunza,37.8,Truck,Unpaved,Rain,Low,Food,0,5.6,1.9,Afternoon,Tuesday,False,No Signal,159.8
ORD14908,Birnin Kebbi Hub,Birnin Kebbi,7.9,Motorcycle,Paved,Clear,Low,Food,1,11.4,2.0,Morning,Saturday,True,Weak,32.2
ORD14909,Birnin Kebbi Hub,Birnin Kebbi,5.2,Motorcycle,Paved,Harmattan Dust,Low,Documents,1,2.8,2.1,Evening,Saturday,True,Weak,29.7
ORD14910,Birnin Kebbi Hub,Birnin Kebbi,4.8,Keke (Tricycle),Paved,Rain,Medium,Parcel,1,0.4,1.6,Midday,Wednesday,False,Strong,22.9
ORD14911,Birnin Kebbi Hub,Jega,57.2,Keke (Tricycle),Paved,Rain,Medium,Parcel,0,15.7,3.5,Midday,Saturday,True,No Signal,216.6
ORD14912,Birnin Kebbi Hub,Argungu,71.3,Van,Paved,Clear,Medium,Parcel,0,3.5,1.6,Morning,Sunday,True,Weak,102.6
ORD14913,Birnin Kebbi Hub,Kamba,152.4,Van,Unpaved,Clear,High,Parcel,2,0.2,2.3,Midday,Monday,False,Weak,531.0
ORD14914,Birnin Kebbi Hub,Kamba,152.4,Keke (Tricycle),Unpaved,Clear,Medium,Food,1,0.4,1.1,Afternoon,Saturday,True,No Signal,628.3
ORD14915,Birnin Kebbi Hub,Argungu,69.7,Motorcycle,Unpaved,Clear,Low,Parcel,1,3.6,3.3,Morning,Saturday,True,Weak,154.7
ORD14916,Birnin Kebbi Hub,Jega,58.2,Motorcycle,Unpaved,Rain,Low,Food,0,1.9,0.5,Morning,Thursday,False,Weak,198.1
ORD14917,Birnin Kebbi Hub,Jega,57.5,Motorcycle,Paved,Clear,High,Food,1,0.5,1.1,Midday,Monday,False,Weak,134.4
ORD14918,Birnin Kebbi Hub,Birnin Kebbi,4.8,Van,Paved,Clear,Low,Documents,2,1.1,0.9,Morning,Monday,False,Weak,43.7
ORD14919,Birnin Kebbi Hub,Argungu,68.6,Motorcycle,Unpaved,Clear,Medium,Parcel,1,3.3,1.2,Midday,Tuesday,False,Strong,180.2
ORD14920,Birnin Kebbi Hub,Jega,63.6,Motorcycle,Unpaved,Rain,Low,Parcel,4,1.6,4.5,Morning,Wednesday,False,Weak,223.0
ORD14921,Birnin Kebbi Hub,Argungu,68.5,Motorcycle,Paved,Clear,High,Documents,0,15.2,2.0,Morning,Wednesday,False,Weak,168.0
ORD14922,Birnin Kebbi Hub,Bunza,39.3,Motorcycle,Unpaved,Rain,Low,Parcel,1,2.0,1.5,Morning,Sunday,True,Strong,144.1
ORD14923,Birnin Kebbi Hub,Birnin Kebbi,4.7,Motorcycle,Paved,Harmattan Dust,Medium,Parcel,3,4.9,3.6,Midday,Tuesday,False,Weak,33.1
ORD14924,Birnin Kebbi Hub,Yauri,159.0,Keke (Tricycle),Unpaved,Rain,High,Food,0,1.5,5.0,Midday,Tuesday,False,Strong,1204.0
ORD14925,Birnin Kebbi Hub,Zuru,167.2,Keke (Tricycle),Paved,Clear,Low,Documents,0,8.7,0.7,Midday,Tuesday,False,Weak,304.3
ORD14926,Birnin Kebbi Hub,Kamba,143.3,Keke (Tricycle),Paved,Harmattan Dust,Low,Parcel,0,2.6,1.8,Midday,Monday,False,Strong,316.8
ORD14927,Birnin Kebbi Hub,Argungu,69.3,Motorcycle,Unpaved,Clear,Medium,Bulk Goods,0,21.9,3.1,Evening,Sunday,True,No Signal,197.6
ORD14928,Birnin Kebbi Hub,Argungu,65.4,Motorcycle,Paved,Clear,High,Parcel,1,7.1,6.5,Evening,Saturday,True,Strong,150.5
ORD14929,Birnin Kebbi Hub,Zuru,190.2,Motorcycle,Unpaved,Harmattan Dust,Low,Parcel,0,5.4,2.9,Morning,Monday,False,Weak,493.3
ORD14930,Birnin Kebbi Hub,Bunza,47.7,Motorcycle,Paved,Rain,High,Parcel,0,3.0,3.4,Evening,Tuesday,False,Strong,156.4
ORD14931,Birnin Kebbi Hub,Aliero,33.1,Motorcycle,Paved,Clear,Low,Food,1,4.4,1.7,Midday,Sunday,True,Strong,44.9
ORD14932,Birnin Kebbi Hub,Bunza,40.3,Motorcycle,Paved,Rain,Low,Bulk Goods,0,18.6,0.9,Morning,Tuesday,False,Strong,99.1
ORD14933,Birnin Kebbi Hub,Birnin Kebbi,5.0,Motorcycle,Paved,Clear,Medium,Documents,1,1.7,6.5,Evening,Friday,False,Strong,14.7
ORD14934,Birnin Kebbi Hub,Aliero,27.4,Motorcycle,Paved,Clear,Low,Parcel,1,0.2,4.1,Afternoon,Saturday,True,Weak,47.5
ORD14935,Birnin Kebbi Hub,Birnin Kebbi,4.0,Motorcycle,Paved,Harmattan Dust,High,Parcel,1,4.3,3.2,Morning,Sunday,True,Weak,47.4
ORD14936,Birnin Kebbi Hub,Kamba,110.9,Motorcycle,Paved,Clear,Medium,Parcel,2,0.2,1.5,Evening,Friday,False,No Signal,164.2
ORD14937,Birnin Kebbi Hub,Argungu,69.8,Motorcycle,Paved,Clear,Medium,Parcel,0,1.0,0.4,Afternoon,Tuesday,False,Strong,112.2
ORD14938,Birnin Kebbi Hub,Birnin Kebbi,6.0,Motorcycle,Paved,Rain,Low,Parcel,0,8.1,4.8,Morning,Sunday,True,Weak,31.1
ORD14939,Birnin Kebbi Hub,Aliero,31.9,Motorcycle,Unpaved,Clear,High,Documents,0,4.2,4.8,Morning,Thursday,False,Weak,129.8
ORD14940,Birnin Kebbi Hub,Bunza,38.0,Motorcycle,Paved,Harmattan Dust,Medium,Food,2,2.3,4.2,Midday,Saturday,True,Strong,89.1
ORD14941,Birnin Kebbi Hub,Bunza,50.8,Motorcycle,Unpaved,Clear,Low,Food,0,0.2,1.7,Evening,Monday,False,Strong,110.2
ORD14942,Birnin Kebbi Hub,Bunza,58.7,Motorcycle,Unpaved,Harmattan Dust,Low,Parcel,1,1.7,3.2,Morning,Saturday,True,Strong,173.8
ORD14943,Birnin Kebbi Hub,Kamba,157.4,Van,Paved,Rain,Low,Food,0,4.4,1.6,Morning,Sunday,True,Weak,258.4
ORD14944,Birnin Kebbi Hub,Birnin Kebbi,6.6,Motorcycle,Paved,Clear,Medium,Documents,0,7.8,3.9,Morning,Monday,False,Strong,27.1
ORD14945,Birnin Kebbi Hub,Aliero,30.8,Motorcycle,Paved,Rain,High,Documents,0,0.2,4.4,Morning,Tuesday,False,No Signal,96.1
ORD14946,Birnin Kebbi Hub,Argungu,61.9,Keke (Tricycle),Paved,Clear,Low,Food,1,3.8,0.8,Morning,Monday,False,Strong,129.1
ORD14947,Birnin Kebbi Hub,Argungu,75.9,Motorcycle,Paved,Clear,High,Bulk Goods,2,28.8,0.1,Morning,Wednesday,False,Weak,199.3
ORD14948,Birnin Kebbi Hub,Argungu,70.4,Motorcycle,Paved,Clear,Low,Parcel,2,4.7,0.3,Afternoon,Sunday,True,Strong,106.3
ORD14949,Birnin Kebbi Hub,Aliero,28.2,Keke (Tricycle),Paved,Rain,Low,Food,0,0.2,1.9,Evening,Wednesday,False,Weak,75.5
ORD14950,Birnin Kebbi Hub,Yauri,131.7,Keke (Tricycle),Paved,Clear,Low,Parcel,1,0.2,0.3,Evening,Monday,False,Weak,248.0
ORD14951,Birnin Kebbi Hub,Birnin Kebbi,1.5,Van,Paved,Rain,Medium,Food,0,2.2,1.9,Afternoon,Saturday,True,Strong,24.9
ORD14952,Birnin Kebbi Hub,Birnin Kebbi,5.8,Motorcycle,Paved,Clear,Medium,Bulk Goods,2,15.1,3.7,Afternoon,Sunday,True,Weak,37.0
ORD14953,Birnin Kebbi Hub,Bunza,38.4,Motorcycle,Unpaved,Clear,High,Parcel,2,0.5,4.3,Evening,Thursday,False,No Signal,139.2
ORD14954,Birnin Kebbi Hub,Argungu,54.1,Keke (Tricycle),Paved,Clear,Low,Parcel,0,6.4,2.1,Midday,Tuesday,False,No Signal,109.1
ORD14955,Birnin Kebbi Hub,Kamba,130.4,Van,Paved,Clear,High,Parcel,0,4.7,6.3,Morning,Monday,False,Strong,242.7
ORD14956,Birnin Kebbi Hub,Aliero,37.8,Van,Paved,Rain,Low,Food,0,1.8,1.8,Evening,Friday,False,Weak,83.8
ORD14957,Birnin Kebbi Hub,Kamba,144.1,Keke (Tricycle),Paved,Rain,High,Parcel,1,1.9,3.0,Evening,Thursday,False,Strong,703.9
ORD14958,Birnin Kebbi Hub,Bunza,42.3,Keke (Tricycle),Paved,Rain,Low,Parcel,0,1.1,4.4,Midday,Monday,False,Strong,117.1
ORD14959,Birnin Kebbi Hub,Bunza,50.1,Motorcycle,Unpaved,Clear,Medium,Parcel,1,0.6,3.5,Midday,Friday,False,Weak,140.6
ORD14960,Birnin Kebbi Hub,Argungu,66.6,Motorcycle,Unpaved,Clear,Medium,Bulk Goods,0,29.1,4.4,Midday,Tuesday,False,Strong,191.3
ORD14961,Birnin Kebbi Hub,Zuru,160.3,Keke (Tricycle),Paved,Harmattan Dust,Medium,Food,3,4.4,3.3,Afternoon,Monday,False,Strong,457.6
ORD14962,Birnin Kebbi Hub,Jega,44.3,Motorcycle,Unpaved,Clear,Medium,Food,0,1.4,0.1,Morning,Monday,False,Strong,128.1
ORD14963,Birnin Kebbi Hub,Birnin Kebbi,7.4,Keke (Tricycle),Paved,Clear,Low,Food,1,6.2,2.7,Midday,Tuesday,False,Strong,28.1
ORD14964,Birnin Kebbi Hub,Yauri,180.5,Motorcycle,Paved,Harmattan Dust,High,Bulk Goods,1,20.8,2.1,Midday,Saturday,True,Strong,476.7
ORD14965,Birnin Kebbi Hub,Birnin Kebbi,3.1,Motorcycle,Unpaved,Clear,Low,Food,1,1.0,1.7,Midday,Thursday,False,No Signal,31.3
ORD14966,Birnin Kebbi Hub,Kamba,137.1,Motorcycle,Unpaved,Clear,Medium,Parcel,0,1.9,2.6,Afternoon,Friday,False,Strong,353.6
ORD14967,Birnin Kebbi Hub,Argungu,78.2,Van,Paved,Clear,Medium,Documents,0,10.2,1.1,Afternoon,Thursday,False,No Signal,113.4
ORD14968,Birnin Kebbi Hub,Zuru,187.8,Motorcycle,Unpaved,Clear,Medium,Parcel,0,0.2,2.1,Morning,Sunday,True,No Signal,482.8
ORD14969,Birnin Kebbi Hub,Bunza,49.2,Keke (Tricycle),Paved,Clear,Low,Parcel,3,6.3,4.4,Midday,Sunday,True,Strong,114.4
ORD14970,Birnin Kebbi Hub,Zuru,217.7,Motorcycle,Paved,Rain,Medium,Documents,0,1.2,5.4,Evening,Thursday,False,Strong,471.7
ORD14971,Birnin Kebbi Hub,Birnin Kebbi,4.4,Motorcycle,Paved,Rain,Low,Parcel,0,9.3,3.3,Midday,Tuesday,False,Strong,20.4
ORD14972,Birnin Kebbi Hub,Kamba,93.5,Keke (Tricycle),Unpaved,Harmattan Dust,High,Food,0,1.5,3.0,Afternoon,Tuesday,False,Strong,676.9
ORD14973,Birnin Kebbi Hub,Bunza,41.5,Keke (Tricycle),Paved,Clear,Medium,Parcel,1,20.3,6.0,Evening,Friday,False,Weak,117.0
ORD14974,Birnin Kebbi Hub,Zuru,187.9,Keke (Tricycle),Paved,Clear,Low,Parcel,1,9.2,6.1,Evening,Monday,False,Strong,338.4
ORD14975,Birnin Kebbi Hub,Birnin Kebbi,7.1,Van,Unpaved,Clear,Low,Documents,1,0.2,6.5,Midday,Friday,False,Strong,27.2
ORD14976,Birnin Kebbi Hub,Zuru,227.9,Motorcycle,Unpaved,Clear,Low,Food,1,6.6,3.6,Evening,Wednesday,False,Strong,460.5
ORD14977,Birnin Kebbi Hub,Bunza,47.3,Van,Unpaved,Clear,Medium,Documents,3,0.7,0.8,Morning,Sunday,True,Strong,158.1
ORD14978,Birnin Kebbi Hub,Bunza,45.0,Keke (Tricycle),Unpaved,Harmattan Dust,Medium,Parcel,0,2.0,8.7,Midday,Thursday,False,Strong,227.9
ORD14979,Birnin Kebbi Hub,Aliero,36.6,Van,Paved,Clear,Low,Food,0,11.1,1.9,Morning,Saturday,True,Weak,55.3
ORD14980,Birnin Kebbi Hub,Bunza,38.6,Motorcycle,Unpaved,Rain,Medium,Parcel,0,2.9,6.6,Morning,Saturday,True,No Signal,166.2
ORD14981,Birnin Kebbi Hub,Jega,56.8,Keke (Tricycle),Unpaved,Harmattan Dust,Low,Parcel,1,1.4,1.3,Morning,Thursday,False,Weak,244.4
ORD14982,Birnin Kebbi Hub,Jega,53.6,Truck,Paved,Clear,Low,Parcel,2,0.9,1.6,Afternoon,Thursday,False,Strong,116.5
ORD14983,Birnin Kebbi Hub,Argungu,70.7,Motorcycle,Paved,Clear,High,Parcel,1,0.2,3.9,Evening,Thursday,False,Strong,146.9
ORD14984,Birnin Kebbi Hub,Zuru,190.5,Motorcycle,Unpaved,Harmattan Dust,High,Parcel,0,5.6,3.1,Evening,Sunday,True,Strong,863.5
ORD14985,Birnin Kebbi Hub,Birnin Kebbi,4.8,Motorcycle,Paved,Harmattan Dust,Low,Food,1,5.5,0.7,Midday,Sunday,True,Strong,30.9
ORD14986,Birnin Kebbi Hub,Aliero,38.7,Motorcycle,Unpaved,Clear,Low,Documents,0,4.0,3.6,Morning,Friday,False,Strong,95.4
ORD14987,Birnin Kebbi Hub,Birnin Kebbi,5.0,Keke (Tricycle),Unpaved,Clear,High,Documents,0,0.2,2.0,Midday,Wednesday,False,Strong,29.5
ORD14988,Birnin Kebbi Hub,Birnin Kebbi,3.7,Keke (Tricycle),Paved,Clear,Low,Food,0,2.3,1.1,Afternoon,Tuesday,False,Strong,19.4
ORD14989,Birnin Kebbi Hub,Zuru,205.0,Motorcycle,Unpaved,Harmattan Dust,Medium,Food,2,9.4,2.6,Midday,Sunday,True,Strong,656.5
ORD14990,Birnin Kebbi Hub,Birnin Kebbi,5.0,Van,Paved,Harmattan Dust,Low,Food,1,0.6,1.2,Morning,Wednesday,False,Strong,22.8
ORD14991,Birnin Kebbi Hub,Birnin Kebbi,7.1,Van,Unpaved,Clear,Low,Bulk Goods,3,35.8,5.8,Midday,Friday,False,Weak,49.2
ORD14992,Birnin Kebbi Hub,Zuru,167.9,Motorcycle,Paved,Clear,Low,Food,2,10.7,4.6,Midday,Wednesday,False,Strong,194.5
ORD14993,Birnin Kebbi Hub,Birnin Kebbi,9.9,Motorcycle,Paved,Clear,Medium,Documents,0,0.6,5.9,Midday,Thursday,False,Strong,13.9
ORD14994,Birnin Kebbi Hub,Yauri,167.9,Keke (Tricycle),Paved,Rain,Low,Food,0,7.0,3.0,Midday,Sunday,True,Strong,459.9
ORD14995,Birnin Kebbi Hub,Birnin Kebbi,4.9,Motorcycle,Paved,Clear,Medium,Food,0,11.1,2.3,Evening,Monday,False,Weak,25.1
ORD14996,Birnin Kebbi Hub,Zuru,152.1,Motorcycle,Paved,Rain,Low,Documents,0,3.0,0.7,Morning,Monday,False,Weak,277.1
ORD14997,Birnin Kebbi Hub,Kamba,143.5,Van,Paved,Clear,Medium,Food,0,6.8,1.4,Midday,Tuesday,False,Weak,174.8
ORD14998,Birnin Kebbi Hub,Bunza,46.8,Keke (Tricycle),Paved,Clear,High,Parcel,0,11.2,0.8,Evening,Wednesday,False,Weak,158.5
ORD14999,Birnin Kebbi Hub,Bunza,48.0,Motorcycle,Paved,Clear,High,Parcel,0,0.2,0.5,Afternoon,Monday,False,Weak,105.6
ORD15000,Birnin Kebbi Hub,Argungu,53.4,Keke (Tricycle),Unpaved,Clear,High,Food,2,1.9,1.0,Midday,Monday,False,Strong,333.9
ORD15001,Birnin Kebbi Hub,Birnin Kebbi,6.0,Truck,Paved,Rain,Low,Documents,0,2.4,4.3,Evening,Thursday,False,No Signal,26.3
ORD15002,Birnin Kebbi Hub,Kamba,147.6,Motorcycle,Paved,Harmattan Dust,High,Parcel,4,4.8,1.2,Afternoon,Monday,False,Weak,401.6
ORD15003,Birnin Kebbi Hub,Argungu,58.5,Motorcycle,Unpaved,Clear,Low,Bulk Goods,0,26.2,2.2,Evening,Saturday,True,Strong,134.0
ORD15004,Birnin Kebbi Hub,Kamba,142.6,Van,Unpaved,Harmattan Dust,High,Documents,2,2.7,3.2,Evening,Monday,False,Strong,613.3
ORD15005,Birnin Kebbi Hub,Birnin Kebbi,7.1,Van,Paved,Clear,Low,Bulk Goods,1,10.3,2.8,Morning,Friday,False,No Signal,37.7
ORD15006,Birnin Kebbi Hub,Aliero,37.9,Motorcycle,Unpaved,Clear,Low,Parcel,0,2.4,4.1,Morning,Monday,False,Weak,94.9
ORD15007,Birnin Kebbi Hub,Argungu,67.8,Motorcycle,Unpaved,Rain,Low,Parcel,0,1.1,2.5,Morning,Sunday,True,No Signal,241.4
ORD15008,Birnin Kebbi Hub,Jega,50.2,Keke (Tricycle),Unpaved,Clear,Medium,Parcel,0,0.2,2.0,Afternoon,Friday,False,No Signal,216.3
ORD15009,Birnin Kebbi Hub,Zuru,166.9,Motorcycle,Unpaved,Rain,High,Parcel,1,11.8,1.1,Morning,Tuesday,False,Weak,962.0
ORD15010,Birnin Kebbi Hub,Kamba,140.5,Keke (Tricycle),Unpaved,Clear,Low,Parcel,0,4.2,6.4,Evening,Saturday,True,Strong,444.4
ORD15011,Birnin Kebbi Hub,Yauri,181.1,Keke (Tricycle),Paved,Rain,Low,Parcel,1,0.2,4.2,Morning,Friday,False,Strong,496.6
ORD15012,Birnin Kebbi Hub,Aliero,42.6,Keke (Tricycle),Paved,Clear,Low,Food,0,0.4,3.4,Evening,Tuesday,False,Weak,80.3
ORD15013,Birnin Kebbi Hub,Kamba,105.2,Van,Paved,Harmattan Dust,Low,Parcel,0,5.1,4.8,Morning,Tuesday,False,Weak,144.2
ORD15014,Birnin Kebbi Hub,Bunza,43.5,Motorcycle,Unpaved,Clear,High,Bulk Goods,2,29.4,3.9,Morning,Wednesday,False,Strong,182.7
ORD15015,Birnin Kebbi Hub,Zuru,182.6,Keke (Tricycle),Unpaved,Clear,High,Documents,0,4.1,1.8,Morning,Sunday,True,Strong,1053.8
ORD15016,Birnin Kebbi Hub,Bunza,46.1,Van,Paved,Clear,Low,Food,2,0.9,0.6,Midday,Sunday,True,Weak,87.6
ORD15017,Birnin Kebbi Hub,Zuru,206.2,Motorcycle,Paved,Rain,Low,Parcel,0,5.1,2.9,Morning,Sunday,True,Weak,362.5
ORD15018,Birnin Kebbi Hub,Kamba,150.8,Keke (Tricycle),Unpaved,Clear,Medium,Food,4,6.7,1.9,Evening,Sunday,True,Strong,619.7
ORD15019,Birnin Kebbi Hub,Bunza,56.6,Motorcycle,Unpaved,Rain,Low,Parcel,0,0.7,1.5,Afternoon,Friday,False,No Signal,198.3
ORD15020,Birnin Kebbi Hub,Birnin Kebbi,8.1,Keke (Tricycle),Paved,Clear,High,Parcel,0,2.5,1.6,Evening,Monday,False,Weak,24.5
ORD15021,Birnin Kebbi Hub,Birnin Kebbi,6.0,Motorcycle,Paved,Clear,Low,Parcel,0,18.8,1.7,Evening,Saturday,True,Strong,26.6
ORD15022,Birnin Kebbi Hub,Bunza,51.5,Keke (Tricycle),Unpaved,Rain,Low,Parcel,2,2.3,0.6,Midday,Sunday,True,Strong,271.0
ORD15023,Birnin Kebbi Hub,Argungu,66.5,Van,Paved,Clear,Low,Parcel,0,4.8,5.0,Afternoon,Sunday,True,Strong,86.8
ORD15024,Birnin Kebbi Hub,Aliero,34.8,Motorcycle,Unpaved,Clear,Low,Food,3,8.9,2.1,Afternoon,Sunday,True,Weak,103.4
ORD15025,Birnin Kebbi Hub,Bunza,42.9,Motorcycle,Unpaved,Clear,Medium,Parcel,0,0.2,2.8,Evening,Thursday,False,Weak,114.6
ORD15026,Birnin Kebbi Hub,Argungu,60.6,Motorcycle,Paved,Clear,Low,Documents,0,2.9,3.2,Morning,Friday,False,Strong,88.9
ORD15027,Birnin Kebbi Hub,Argungu,71.8,Motorcycle,Paved,Clear,Medium,Food,1,3.4,7.0,Morning,Saturday,True,Weak,127.2
ORD15028,Birnin Kebbi Hub,Bunza,61.9,Motorcycle,Unpaved,Clear,High,Food,2,3.2,1.6,Evening,Wednesday,False,Strong,242.9
ORD15029,Birnin Kebbi Hub,Argungu,67.7,Van,Unpaved,Clear,Medium,Parcel,2,0.5,2.4,Afternoon,Saturday,True,Weak,183.5
ORD15030,Birnin Kebbi Hub,Zuru,195.5,Truck,Unpaved,Clear,Medium,Documents,0,0.7,5.4,Evening,Sunday,True,Weak,607.9
ORD15031,Birnin Kebbi Hub,Bunza,48.7,Motorcycle,Paved,Rain,High,Documents,1,1.1,4.3,Morning,Thursday,False,Strong,161.8
ORD15032,Birnin Kebbi Hub,Jega,63.8,Keke (Tricycle),Unpaved,Harmattan Dust,Medium,Parcel,2,2.9,10.1,Midday,Thursday,False,Weak,331.9
ORD15033,Birnin Kebbi Hub,Birnin Kebbi,5.2,Motorcycle,Paved,Clear,High,Parcel,0,1.7,0.9,Evening,Sunday,True,Strong,31.9
ORD15034,Birnin Kebbi Hub,Bunza,46.1,Keke (Tricycle),Paved,Harmattan Dust,Low,Documents,2,3.0,1.3,Midday,Friday,False,Strong,113.3
ORD15035,Birnin Kebbi Hub,Jega,52.8,Keke (Tricycle),Unpaved,Rain,Medium,Parcel,3,1.4,7.1,Midday,Friday,False,Strong,335.9
ORD15036,Birnin Kebbi Hub,Birnin Kebbi,4.4,Keke (Tricycle),Paved,Harmattan Dust,Medium,Food,1,5.0,1.7,Midday,Saturday,True,Weak,32.6
ORD15037,Birnin Kebbi Hub,Kamba,173.3,Keke (Tricycle),Unpaved,Rain,High,Food,2,5.8,2.2,Morning,Monday,False,Weak,1330.8
ORD15038,Birnin Kebbi Hub,Birnin Kebbi,3.8,Motorcycle,Paved,Rain,Low,Food,1,2.7,4.5,Midday,Saturday,True,Strong,20.0
ORD15039,Birnin Kebbi Hub,Kamba,136.7,Keke (Tricycle),Unpaved,Rain,Low,Parcel,0,6.7,1.0,Midday,Thursday,False,Weak,661.3
ORD15040,Birnin Kebbi Hub,Birnin Kebbi,5.6,Van,Paved,Rain,Medium,Parcel,1,15.5,2.7,Morning,Saturday,True,Strong,44.8
ORD15041,Birnin Kebbi Hub,Birnin Kebbi,5.3,Keke (Tricycle),Paved,Clear,Medium,Food,1,1.6,4.3,Morning,Sunday,True,Weak,38.4
ORD15042,Birnin Kebbi Hub,Birnin Kebbi,4.8,Motorcycle,Paved,Clear,High,Food,0,0.6,1.7,Morning,Tuesday,False,Weak,15.5
ORD15043,Birnin Kebbi Hub,Zuru,152.1,Keke (Tricycle),Paved,Clear,Low,Parcel,0,1.7,0.5,Evening,Wednesday,False,Strong,272.8
ORD15044,Birnin Kebbi Hub,Kamba,120.9,Motorcycle,Paved,Clear,Low,Bulk Goods,0,30.4,2.1,Morning,Sunday,True,Strong,169.0
ORD15045,Birnin Kebbi Hub,Kamba,166.2,Truck,Unpaved,Clear,High,Parcel,0,1.8,0.1,Morning,Monday,False,Strong,750.6
ORD15046,Birnin Kebbi Hub,Yauri,187.1,Van,Unpaved,Clear,Low,Parcel,1,3.8,3.3,Morning,Saturday,True,No Signal,370.5
ORD15047,Birnin Kebbi Hub,Birnin Kebbi,6.2,Motorcycle,Paved,Rain,Medium,Food,2,3.4,2.2,Evening,Monday,False,Strong,27.6
ORD15048,Birnin Kebbi Hub,Jega,76.0,Van,Paved,Harmattan Dust,Medium,Food,2,4.2,4.4,Morning,Monday,False,No Signal,147.9
ORD15049,Birnin Kebbi Hub,Jega,49.7,Keke (Tricycle),Paved,Clear,Low,Parcel,0,4.1,1.4,Evening,Monday,False,Strong,95.0
ORD15050,Birnin Kebbi Hub,Aliero,34.2,Keke (Tricycle),Paved,Harmattan Dust,High,Bulk Goods,2,19.1,1.2,Afternoon,Wednesday,False,Strong,174.6
ORD15051,Birnin Kebbi Hub,Jega,61.4,Motorcycle,Unpaved,Rain,Low,Food,1,1.9,1.7,Morning,Thursday,False,Weak,209.0
ORD15052,Birnin Kebbi Hub,Birnin Kebbi,2.9,Motorcycle,Paved,Clear,Medium,Food,0,1.7,1.4,Midday,Saturday,True,Strong,9.1
ORD15053,Birnin Kebbi Hub,Birnin Kebbi,7.4,Van,Paved,Clear,Low,Food,1,0.2,3.1,Morning,Friday,False,Strong,22.3
ORD15054,Birnin Kebbi Hub,Bunza,45.2,Motorcycle,Unpaved,Clear,High,Bulk Goods,2,30.4,5.4,Morning,Saturday,True,Weak,204.3
ORD15055,Birnin Kebbi Hub,Bunza,44.5,Motorcycle,Paved,Rain,High,Bulk Goods,2,35.2,2.4,Midday,Sunday,True,Weak,176.5
ORD15056,Birnin Kebbi Hub,Bunza,37.4,Keke (Tricycle),Unpaved,Harmattan Dust,Low,Bulk Goods,0,40.1,2.0,Evening,Friday,False,Strong,173.0
ORD15057,Birnin Kebbi Hub,Birnin Kebbi,7.8,Motorcycle,Paved,Rain,High,Parcel,2,3.2,1.0,Morning,Sunday,True,Weak,58.7
ORD15058,Birnin Kebbi Hub,Bunza,44.4,Van,Paved,Clear,Medium,Food,0,1.2,0.5,Morning,Wednesday,False,Weak,83.4
ORD15059,Birnin Kebbi Hub,Aliero,30.1,Keke (Tricycle),Paved,Clear,Low,Parcel,0,0.4,1.1,Midday,Wednesday,False,Weak,56.7
ORD15060,Birnin Kebbi Hub,Aliero,27.2,Keke (Tricycle),Unpaved,Clear,Low,Bulk Goods,1,19.5,2.8,Afternoon,Tuesday,False,Strong,113.2
ORD15061,Birnin Kebbi Hub,Bunza,56.7,Keke (Tricycle),Paved,Clear,Low,Bulk Goods,1,32.8,1.6,Evening,Friday,False,Weak,138.0
ORD15062,Birnin Kebbi Hub,Birnin Kebbi,3.5,Motorcycle,Paved,Rain,Low,Parcel,0,0.4,3.4,Afternoon,Wednesday,False,Weak,28.6
ORD15063,Birnin Kebbi Hub,Birnin Kebbi,5.0,Motorcycle,Paved,Rain,Medium,Parcel,0,10.5,0.7,Morning,Tuesday,False,Weak,43.2
ORD15064,Birnin Kebbi Hub,Argungu,58.6,Motorcycle,Unpaved,Clear,High,Food,0,0.7,3.0,Midday,Wednesday,False,Strong,212.8
ORD15065,Birnin Kebbi Hub,Jega,55.4,Truck,Unpaved,Clear,Medium,Parcel,1,10.7,0.6,Midday,Thursday,False,Strong,192.6
ORD15066,Birnin Kebbi Hub,Birnin Kebbi,7.6,Keke (Tricycle),Paved,Clear,Low,Parcel,0,0.2,1.5,Morning,Monday,False,Weak,34.6
ORD15067,Birnin Kebbi Hub,Birnin Kebbi,8.6,Keke (Tricycle),Paved,Clear,Low,Parcel,1,0.2,3.2,Evening,Thursday,False,Weak,29.1
ORD15068,Birnin Kebbi Hub,Bunza,52.3,Truck,Paved,Clear,Medium,Documents,0,4.6,1.4,Morning,Saturday,True,Weak,118.8
ORD15069,Birnin Kebbi Hub,Kamba,119.5,Keke (Tricycle),Unpaved,Clear,High,Parcel,1,0.8,1.1,Midday,Monday,False,Strong,707.2
ORD15070,Birnin Kebbi Hub,Birnin Kebbi,7.9,Motorcycle,Unpaved,Rain,High,Parcel,0,0.2,3.1,Midday,Sunday,True,Weak,61.7
ORD15071,Birnin Kebbi Hub,Birnin Kebbi,7.4,Motorcycle,Unpaved,Clear,Low,Parcel,1,2.0,2.9,Morning,Friday,False,Weak,37.1
ORD15072,Birnin Kebbi Hub,Zuru,162.0,Van,Unpaved,Rain,Medium,Parcel,0,3.2,0.7,Midday,Saturday,True,Weak,589.0
ORD15073,Birnin Kebbi Hub,Birnin Kebbi,6.5,Van,Paved,Harmattan Dust,High,Documents,1,0.2,2.0,Midday,Thursday,False,Strong,45.0
ORD15074,Birnin Kebbi Hub,Kamba,145.5,Keke (Tricycle),Unpaved,Rain,Medium,Documents,0,0.3,0.7,Midday,Friday,False,Weak,887.9
ORD15075,Birnin Kebbi Hub,Birnin Kebbi,6.9,Motorcycle,Paved,Harmattan Dust,Low,Parcel,0,1.5,8.5,Morning,Thursday,False,Weak,17.2
ORD15076,Birnin Kebbi Hub,Bunza,37.3,Motorcycle,Unpaved,Clear,Low,Food,2,3.3,0.5,Morning,Monday,False,No Signal,102.5
ORD15077,Birnin Kebbi Hub,Argungu,61.5,Motorcycle,Paved,Clear,Low,Documents,1,21.6,1.1,Midday,Tuesday,False,Strong,101.0
ORD15078,Birnin Kebbi Hub,Birnin Kebbi,6.1,Van,Paved,Rain,Low,Parcel,1,3.3,1.2,Midday,Monday,False,Strong,26.0
ORD15079,Birnin Kebbi Hub,Jega,56.0,Motorcycle,Paved,Clear,Medium,Parcel,0,2.1,1.3,Evening,Sunday,True,Strong,90.2
ORD15080,Birnin Kebbi Hub,Jega,56.5,Motorcycle,Paved,Clear,Medium,Bulk Goods,0,31.6,0.7,Midday,Monday,False,Strong,108.9
ORD15081,Birnin Kebbi Hub,Jega,58.8,Keke (Tricycle),Unpaved,Clear,Medium,Parcel,0,5.1,1.0,Afternoon,Saturday,True,Weak,250.3
ORD15082,Birnin Kebbi Hub,Birnin Kebbi,7.9,Motorcycle,Paved,Clear,Low,Documents,0,3.3,2.7,Afternoon,Friday,False,Weak,21.0
ORD15083,Birnin Kebbi Hub,Birnin Kebbi,7.0,Keke (Tricycle),Paved,Clear,High,Parcel,2,6.0,8.3,Evening,Wednesday,False,Weak,31.7
ORD15084,Birnin Kebbi Hub,Jega,53.9,Motorcycle,Paved,Clear,High,Food,0,5.1,2.1,Afternoon,Sunday,True,Weak,138.2
ORD15085,Birnin Kebbi Hub,Yauri,170.1,Keke (Tricycle),Paved,Clear,Low,Food,1,2.3,1.3,Morning,Sunday,True,No Signal,325.3
ORD15086,Birnin Kebbi Hub,Birnin Kebbi,4.8,Van,Paved,Harmattan Dust,Medium,Bulk Goods,0,12.6,3.8,Midday,Sunday,True,Strong,22.1
ORD15087,Birnin Kebbi Hub,Bunza,40.3,Keke (Tricycle),Paved,Clear,High,Food,0,6.5,0.7,Evening,Thursday,False,No Signal,138.1
ORD15088,Birnin Kebbi Hub,Birnin Kebbi,7.8,Van,Paved,Clear,Low,Food,0,0.9,3.7,Evening,Saturday,True,Strong,8.0
ORD15089,Birnin Kebbi Hub,Aliero,33.9,Keke (Tricycle),Paved,Clear,Medium,Parcel,1,0.6,2.2,Afternoon,Friday,False,Strong,94.5
ORD15090,Birnin Kebbi Hub,Jega,57.4,Keke (Tricycle),Unpaved,Clear,High,Food,0,14.8,1.4,Midday,Wednesday,False,Strong,339.1
ORD15091,Birnin Kebbi Hub,Birnin Kebbi,8.5,Motorcycle,Paved,Clear,Low,Bulk Goods,0,36.7,2.7,Evening,Monday,False,Weak,39.3
ORD15092,Birnin Kebbi Hub,Birnin Kebbi,4.3,Keke (Tricycle),Paved,Clear,High,Parcel,2,1.8,1.3,Midday,Tuesday,False,Strong,29.8
ORD15093,Birnin Kebbi Hub,Birnin Kebbi,3.6,Van,Unpaved,Rain,Low,Parcel,3,2.1,4.7,Evening,Saturday,True,Strong,39.2
ORD15094,Birnin Kebbi Hub,Birnin Kebbi,4.7,Motorcycle,Paved,Clear,Low,Food,1,16.4,3.1,Morning,Thursday,False,Weak,29.3
ORD15095,Birnin Kebbi Hub,Birnin Kebbi,4.1,Motorcycle,Paved,Clear,Low,Parcel,0,1.8,0.5,Midday,Thursday,False,No Signal,26.0
ORD15096,Birnin Kebbi Hub,Birnin Kebbi,6.6,Motorcycle,Paved,Harmattan Dust,Low,Bulk Goods,1,12.5,7.0,Afternoon,Saturday,True,Strong,32.0
ORD15097,Birnin Kebbi Hub,Jega,55.9,Van,Unpaved,Rain,Medium,Food,0,0.6,1.3,Evening,Wednesday,False,Weak,204.5
ORD15098,Birnin Kebbi Hub,Bunza,54.0,Van,Paved,Rain,Medium,Parcel,0,4.2,5.3,Afternoon,Sunday,True,Strong,114.7
ORD15099,Birnin Kebbi Hub,Birnin Kebbi,6.7,Motorcycle,Unpaved,Rain,Medium,Parcel,2,2.3,1.5,Morning,Wednesday,False,Weak,59.5
ORD15100,Birnin Kebbi Hub,Birnin Kebbi,4.2,Van,Paved,Harmattan Dust,Low,Food,0,1.4,1.4,Morning,Friday,False,No Signal,22.2
ORD15101,Birnin Kebbi Hub,Birnin Kebbi,5.4,Truck,Unpaved,Clear,High,Parcel,0,1.4,1.8,Morning,Friday,False,Weak,36.0
ORD15102,Birnin Kebbi Hub,Birnin Kebbi,7.8,Keke (Tricycle),Paved,Clear,Low,Parcel,2,4.9,1.4,Evening,Friday,False,Weak,30.6
ORD15103,Birnin Kebbi Hub,Argungu,62.8,Keke (Tricycle),Unpaved,Clear,Low,Parcel,2,3.4,1.8,Morning,Monday,False,Strong,221.7
ORD15104,Birnin Kebbi Hub,Yauri,163.4,Keke (Tricycle),Unpaved,Rain,Low,Bulk Goods,0,26.4,2.1,Evening,Wednesday,False,Strong,809.9
ORD15105,Birnin Kebbi Hub,Jega,56.4,Van,Unpaved,Harmattan Dust,Low,Food,1,8.8,1.4,Morning,Monday,False,Strong,145.1
ORD15106,Birnin Kebbi Hub,Birnin Kebbi,5.4,Van,Paved,Clear,High,Parcel,0,1.5,3.7,Evening,Friday,False,No Signal,34.2
ORD15107,Birnin Kebbi Hub,Bunza,48.3,Motorcycle,Unpaved,Clear,Low,Food,0,3.3,2.1,Afternoon,Sunday,True,Weak,109.9
ORD15108,Birnin Kebbi Hub,Bunza,46.8,Keke (Tricycle),Paved,Clear,Low,Parcel,0,5.3,0.6,Evening,Friday,False,Weak,102.1
ORD15109,Birnin Kebbi Hub,Kamba,156.8,Motorcycle,Unpaved,Clear,High,Documents,0,9.7,0.7,Morning,Thursday,False,Strong,592.1
ORD15110,Birnin Kebbi Hub,Aliero,41.3,Motorcycle,Unpaved,Clear,Low,Food,0,3.6,1.3,Evening,Saturday,True,Weak,103.2
ORD15111,Birnin Kebbi Hub,Bunza,52.7,Keke (Tricycle),Paved,Harmattan Dust,Low,Parcel,0,4.7,2.6,Midday,Wednesday,False,Strong,115.1
ORD15112,Birnin Kebbi Hub,Birnin Kebbi,7.8,Keke (Tricycle),Paved,Harmattan Dust,High,Food,1,3.4,6.1,Midday,Monday,False,No Signal,51.1
ORD15113,Birnin Kebbi Hub,Zuru,168.2,Van,Unpaved,Harmattan Dust,Low,Documents,0,3.8,0.6,Morning,Thursday,False,Strong,390.4
ORD15114,Birnin Kebbi Hub,Bunza,46.4,Van,Unpaved,Clear,High,Parcel,2,3.5,0.6,Morning,Sunday,True,Weak,200.3
ORD15115,Birnin Kebbi Hub,Aliero,37.4,Van,Unpaved,Clear,Medium,Bulk Goods,1,18.7,3.2,Evening,Saturday,True,Weak,106.3
ORD15116,Birnin Kebbi Hub,Bunza,46.6,Motorcycle,Paved,Clear,Low,Food,2,3.6,3.3,Evening,Tuesday,False,Weak,81.5
ORD15117,Birnin Kebbi Hub,Bunza,45.2,Motorcycle,Paved,Clear,High,Parcel,2,0.3,2.6,Morning,Sunday,True,No Signal,118.2
ORD15118,Birnin Kebbi Hub,Zuru,185.4,Van,Paved,Clear,Medium,Parcel,0,0.8,2.5,Evening,Sunday,True,Strong,248.5
ORD15119,Birnin Kebbi Hub,Argungu,70.2,Van,Unpaved,Clear,Low,Parcel,3,0.6,0.6,Afternoon,Sunday,True,Weak,168.9
ORD15120,Birnin Kebbi Hub,Kamba,122.9,Keke (Tricycle),Paved,Clear,Medium,Parcel,0,3.0,3.4,Afternoon,Wednesday,False,No Signal,281.4
ORD15121,Birnin Kebbi Hub,Yauri,137.0,Keke (Tricycle),Paved,Clear,Medium,Food,0,0.3,4.2,Midday,Thursday,False,Strong,308.2
ORD15122,Birnin Kebbi Hub,Argungu,68.2,Truck,Paved,Clear,Medium,Food,0,10.6,1.6,Morning,Tuesday,False,Strong,127.2
ORD15123,Birnin Kebbi Hub,Yauri,178.2,Motorcycle,Unpaved,Rain,High,Parcel,0,5.7,5.3,Morning,Sunday,True,Weak,1009.1
ORD15124,Birnin Kebbi Hub,Bunza,51.7,Motorcycle,Unpaved,Harmattan Dust,Medium,Food,0,18.6,1.9,Morning,Thursday,False,No Signal,187.2
ORD15125,Birnin Kebbi Hub,Bunza,43.7,Keke (Tricycle),Unpaved,Rain,Low,Food,0,3.4,1.9,Morning,Monday,False,No Signal,235.3
ORD15126,Birnin Kebbi Hub,Yauri,166.2,Motorcycle,Paved,Harmattan Dust,High,Parcel,0,11.0,1.5,Evening,Tuesday,False,No Signal,434.6
ORD15127,Birnin Kebbi Hub,Birnin Kebbi,8.3,Motorcycle,Paved,Clear,High,Documents,0,0.2,3.7,Evening,Wednesday,False,Strong,21.5
ORD15128,Birnin Kebbi Hub,Aliero,44.8,Motorcycle,Unpaved,Clear,Low,Parcel,2,0.2,3.5,Afternoon,Friday,False,Weak,107.0
ORD15129,Birnin Kebbi Hub,Jega,55.6,Keke (Tricycle),Paved,Rain,Low,Documents,1,0.9,0.3,Morning,Wednesday,False,Strong,169.1
ORD15130,Birnin Kebbi Hub,Kamba,117.6,Motorcycle,Unpaved,Clear,High,Documents,2,1.0,1.7,Evening,Sunday,True,Weak,444.9
ORD15131,Birnin Kebbi Hub,Bunza,47.6,Keke (Tricycle),Unpaved,Harmattan Dust,Low,Parcel,3,0.2,1.1,Evening,Sunday,True,Weak,220.2
ORD15132,Birnin Kebbi Hub,Aliero,32.3,Keke (Tricycle),Paved,Harmattan Dust,Medium,Bulk Goods,0,21.7,2.4,Morning,Tuesday,False,Strong,121.1
ORD15133,Birnin Kebbi Hub,Argungu,64.9,Van,Paved,Clear,Low,Parcel,0,2.7,1.9,Afternoon,Wednesday,False,Weak,76.2
ORD15134,Birnin Kebbi Hub,Aliero,29.7,Motorcycle,Unpaved,Clear,Low,Parcel,0,13.5,0.7,Evening,Saturday,True,Weak,77.9
ORD15135,Birnin Kebbi Hub,Bunza,44.8,Motorcycle,Paved,Clear,Medium,Parcel,1,4.9,0.8,Midday,Thursday,False,No Signal,99.1
ORD15136,Birnin Kebbi Hub,Argungu,81.3,Keke (Tricycle),Paved,Clear,Low,Documents,0,3.3,1.0,Morning,Monday,False,Weak,154.2
ORD15137,Birnin Kebbi Hub,Yauri,160.1,Van,Paved,Clear,Low,Food,0,2.3,3.2,Midday,Sunday,True,Strong,167.4
ORD15138,Birnin Kebbi Hub,Kamba,127.5,Keke (Tricycle),Unpaved,Rain,Medium,Documents,1,3.4,4.0,Morning,Friday,False,Strong,780.3
ORD15139,Birnin Kebbi Hub,Bunza,48.8,Motorcycle,Paved,Harmattan Dust,High,Parcel,0,2.2,3.0,Afternoon,Monday,False,Strong,139.9
ORD15140,Birnin Kebbi Hub,Zuru,190.7,Van,Paved,Clear,Medium,Bulk Goods,1,38.3,1.5,Midday,Monday,False,Weak,268.9
ORD15141,Birnin Kebbi Hub,Zuru,222.1,Truck,Paved,Clear,Low,Food,0,5.0,3.6,Midday,Saturday,True,Weak,315.0
ORD15142,Birnin Kebbi Hub,Bunza,47.4,Keke (Tricycle),Paved,Clear,Low,Food,0,2.4,2.7,Afternoon,Thursday,False,Weak,91.1
ORD15143,Birnin Kebbi Hub,Birnin Kebbi,3.3,Motorcycle,Unpaved,Clear,Medium,Parcel,0,3.6,0.8,Evening,Wednesday,False,Strong,24.5
ORD15144,Birnin Kebbi Hub,Argungu,81.3,Motorcycle,Unpaved,Harmattan Dust,High,Bulk Goods,2,24.2,3.0,Evening,Wednesday,False,Strong,382.9
ORD15145,Birnin Kebbi Hub,Birnin Kebbi,6.0,Motorcycle,Unpaved,Clear,Low,Parcel,0,8.9,4.3,Afternoon,Tuesday,False,Strong,32.2
ORD15146,Birnin Kebbi Hub,Zuru,148.9,Motorcycle,Unpaved,Clear,Medium,Food,0,2.4,4.1,Morning,Monday,False,No Signal,379.9
ORD15147,Birnin Kebbi Hub,Jega,53.8,Motorcycle,Paved,Clear,Medium,Food,0,10.9,1.6,Afternoon,Monday,False,Weak,96.9
ORD15148,Birnin Kebbi Hub,Kamba,145.3,Van,Paved,Rain,Medium,Food,0,0.5,3.5,Evening,Wednesday,False,Strong,280.8
ORD15149,Birnin Kebbi Hub,Argungu,67.5,Motorcycle,Unpaved,Harmattan Dust,Low,Documents,2,2.1,2.1,Morning,Wednesday,False,Weak,201.2
ORD15150,Birnin Kebbi Hub,Bunza,41.2,Motorcycle,Paved,Clear,Medium,Bulk Goods,0,28.6,0.4,Afternoon,Monday,False,Strong,82.4
ORD15151,Birnin Kebbi Hub,Zuru,182.0,Van,Paved,Clear,Medium,Documents,0,6.1,0.3,Midday,Tuesday,False,Weak,233.3
ORD15152,Birnin Kebbi Hub,Birnin Kebbi,8.2,Motorcycle,Paved,Harmattan Dust,Low,Parcel,0,1.4,0.2,Midday,Sunday,True,No Signal,44.1
ORD15153,Birnin Kebbi Hub,Birnin Kebbi,6.1,Truck,Paved,Harmattan Dust,Low,Parcel,3,5.2,2.4,Afternoon,Friday,False,Strong,59.5
ORD15154,Birnin Kebbi Hub,Birnin Kebbi,1.5,Motorcycle,Paved,Rain,Medium,Parcel,0,2.3,0.8,Morning,Monday,False,Strong,18.5
ORD15155,Birnin Kebbi Hub,Kamba,121.5,Motorcycle,Paved,Clear,High,Bulk Goods,1,22.1,5.3,Morning,Sunday,True,Weak,265.2
ORD15156,Birnin Kebbi Hub,Birnin Kebbi,8.5,Van,Paved,Rain,High,Parcel,2,1.2,3.4,Evening,Wednesday,False,Strong,48.0
ORD15157,Birnin Kebbi Hub,Birnin Kebbi,7.8,Motorcycle,Paved,Rain,Low,Food,0,0.6,0.2,Evening,Wednesday,False,Weak,25.5
ORD15158,Birnin Kebbi Hub,Birnin Kebbi,3.7,Van,Unpaved,Clear,Medium,Parcel,2,3.1,1.0,Afternoon,Wednesday,False,Strong,35.4
ORD15159,Birnin Kebbi Hub,Argungu,60.6,Motorcycle,Paved,Harmattan Dust,Medium,Bulk Goods,0,33.6,1.3,Midday,Monday,False,Weak,135.5
ORD15160,Birnin Kebbi Hub,Jega,55.8,Van,Paved,Rain,Medium,Parcel,0,0.4,3.3,Morning,Wednesday,False,Weak,123.1
ORD15161,Birnin Kebbi Hub,Kamba,136.0,Keke (Tricycle),Unpaved,Clear,Medium,Parcel,0,11.2,0.5,Evening,Friday,False,Strong,534.6
ORD15162,Birnin Kebbi Hub,Kamba,173.6,Keke (Tricycle),Paved,Clear,Low,Parcel,2,10.7,2.1,Evening,Sunday,True,Weak,334.7
ORD15163,Birnin Kebbi Hub,Jega,44.7,Van,Unpaved,Harmattan Dust,Medium,Parcel,0,0.5,3.3,Morning,Monday,False,Weak,146.1
ORD15164,Birnin Kebbi Hub,Zuru,199.0,Keke (Tricycle),Paved,Clear,High,Bulk Goods,2,42.5,0.1,Afternoon,Monday,False,Weak,672.8
ORD15165,Birnin Kebbi Hub,Birnin Kebbi,4.4,Keke (Tricycle),Paved,Clear,Medium,Parcel,1,0.7,0.8,Afternoon,Tuesday,False,No Signal,44.4
ORD15166,Birnin Kebbi Hub,Birnin Kebbi,5.8,Motorcycle,Paved,Rain,High,Food,0,4.6,5.4,Midday,Sunday,True,Strong,33.0
ORD15167,Birnin Kebbi Hub,Kamba,157.2,Motorcycle,Unpaved,Rain,Medium,Food,0,1.1,0.2,Midday,Tuesday,False,Weak,608.0
ORD15168,Birnin Kebbi Hub,Aliero,35.5,Motorcycle,Paved,Harmattan Dust,Medium,Food,0,6.1,7.2,Evening,Sunday,True,Strong,76.2
ORD15169,Birnin Kebbi Hub,Yauri,162.9,Keke (Tricycle),Paved,Clear,Medium,Parcel,0,1.3,1.6,Afternoon,Monday,False,Strong,360.2
ORD15170,Birnin Kebbi Hub,Jega,43.4,Motorcycle,Unpaved,Rain,Medium,Parcel,1,4.1,1.5,Morning,Friday,False,Weak,195.2
ORD15171,Birnin Kebbi Hub,Birnin Kebbi,6.6,Motorcycle,Paved,Harmattan Dust,Low,Bulk Goods,0,30.7,4.8,Midday,Monday,False,Weak,45.0
ORD15172,Birnin Kebbi Hub,Birnin Kebbi,6.1,Motorcycle,Paved,Rain,Low,Parcel,1,11.6,6.5,Afternoon,Monday,False,Strong,22.5
ORD15173,Birnin Kebbi Hub,Birnin Kebbi,8.3,Motorcycle,Paved,Harmattan Dust,Medium,Food,0,3.6,1.2,Midday,Friday,False,Strong,24.4
ORD15174,Birnin Kebbi Hub,Yauri,142.7,Keke (Tricycle),Paved,Harmattan Dust,High,Food,0,16.3,4.3,Evening,Thursday,False,Strong,565.9
ORD15175,Birnin Kebbi Hub,Birnin Kebbi,8.4,Keke (Tricycle),Paved,Clear,Low,Documents,3,4.3,1.3,Morning,Friday,False,Weak,41.5
ORD15176,Birnin Kebbi Hub,Birnin Kebbi,7.2,Van,Paved,Harmattan Dust,High,Parcel,0,0.2,0.2,Evening,Monday,False,Strong,23.9
ORD15177,Birnin Kebbi Hub,Bunza,48.5,Keke (Tricycle),Paved,Harmattan Dust,Low,Bulk Goods,1,20.0,2.4,Evening,Saturday,True,No Signal,135.0
ORD15178,Birnin Kebbi Hub,Bunza,38.3,Motorcycle,Unpaved,Clear,Low,Food,0,0.6,1.1,Morning,Tuesday,False,Strong,91.1
ORD15179,Birnin Kebbi Hub,Argungu,73.1,Van,Paved,Clear,Medium,Documents,0,7.7,4.4,Morning,Tuesday,False,Strong,107.7
ORD15180,Birnin Kebbi Hub,Kamba,141.3,Keke (Tricycle),Unpaved,Clear,Medium,Bulk Goods,1,23.3,4.6,Afternoon,Thursday,False,No Signal,587.6
ORD15181,Birnin Kebbi Hub,Bunza,44.5,Motorcycle,Paved,Clear,Medium,Food,0,1.4,1.6,Morning,Saturday,True,Strong,80.9
ORD15182,Birnin Kebbi Hub,Jega,48.6,Keke (Tricycle),Unpaved,Clear,High,Parcel,4,5.5,0.7,Afternoon,Tuesday,False,Strong,310.3
ORD15183,Birnin Kebbi Hub,Birnin Kebbi,5.8,Keke (Tricycle),Paved,Rain,Low,Bulk Goods,1,32.8,1.4,Morning,Tuesday,False,Weak,65.6
ORD15184,Birnin Kebbi Hub,Birnin Kebbi,2.6,Van,Paved,Clear,Low,Parcel,0,2.0,2.1,Morning,Saturday,True,Strong,19.8
ORD15185,Birnin Kebbi Hub,Jega,61.9,Motorcycle,Unpaved,Clear,Low,Food,3,2.4,9.9,Morning,Thursday,False,Weak,141.9
ORD15186,Birnin Kebbi Hub,Birnin Kebbi,5.2,Van,Paved,Rain,Low,Parcel,0,3.5,1.2,Morning,Thursday,False,Weak,21.0
ORD15187,Birnin Kebbi Hub,Zuru,150.2,Keke (Tricycle),Unpaved,Clear,Low,Bulk Goods,0,26.3,0.5,Evening,Friday,False,Weak,502.1
ORD15188,Birnin Kebbi Hub,Argungu,57.6,Motorcycle,Unpaved,Clear,Low,Bulk Goods,0,10.8,3.0,Afternoon,Friday,False,Weak,135.0
ORD15189,Birnin Kebbi Hub,Argungu,61.1,Keke (Tricycle),Unpaved,Clear,Low,Documents,0,17.9,0.9,Evening,Friday,False,Weak,215.5
ORD15190,Birnin Kebbi Hub,Birnin Kebbi,4.3,Motorcycle,Paved,Clear,Low,Food,0,0.8,1.8,Midday,Monday,False,Weak,19.3
ORD15191,Birnin Kebbi Hub,Birnin Kebbi,6.5,Motorcycle,Paved,Clear,Low,Food,2,3.2,2.8,Midday,Tuesday,False,Weak,33.3
ORD15192,Birnin Kebbi Hub,Jega,67.2,Motorcycle,Unpaved,Harmattan Dust,High,Parcel,0,2.1,1.7,Midday,Saturday,True,Strong,306.8
ORD15193,Birnin Kebbi Hub,Kamba,184.1,Motorcycle,Paved,Clear,Low,Bulk Goods,1,43.9,1.0,Morning,Sunday,True,Weak,237.7
ORD15194,Birnin Kebbi Hub,Yauri,174.5,Motorcycle,Paved,Clear,Medium,Documents,4,4.2,0.4,Evening,Friday,False,Weak,261.0
ORD15195,Birnin Kebbi Hub,Bunza,52.3,Motorcycle,Unpaved,Harmattan Dust,Low,Parcel,0,2.9,1.6,Morning,Thursday,False,Strong,144.4
ORD15196,Birnin Kebbi Hub,Jega,63.9,Motorcycle,Paved,Harmattan Dust,Low,Food,1,3.8,2.3,Afternoon,Friday,False,Weak,112.4
ORD15197,Birnin Kebbi Hub,Bunza,46.6,Motorcycle,Unpaved,Harmattan Dust,Low,Parcel,2,2.6,3.0,Midday,Friday,False,Strong,125.2
ORD15198,Birnin Kebbi Hub,Argungu,71.3,Motorcycle,Paved,Rain,Medium,Documents,1,0.7,1.3,Morning,Friday,False,Weak,163.2
ORD15199,Birnin Kebbi Hub,Aliero,35.3,Motorcycle,Paved,Clear,Medium,Food,2,3.3,1.5,Morning,Wednesday,False,Strong,82.5
ORD15200,Birnin Kebbi Hub,Birnin Kebbi,7.0,Truck,Paved,Clear,Low,Food,1,0.9,5.0,Evening,Tuesday,False,Strong,47.9
ORD15201,Birnin Kebbi Hub,Kamba,147.0,Keke (Tricycle),Paved,Rain,Medium,Food,0,4.2,14.6,Morning,Sunday,True,Strong,498.5
ORD15202,Birnin Kebbi Hub,Bunza,50.4,Motorcycle,Unpaved,Clear,High,Documents,3,6.1,0.2,Evening,Wednesday,False,Strong,213.2
ORD15203,Birnin Kebbi Hub,Argungu,78.6,Van,Unpaved,Clear,High,Documents,1,4.5,1.6,Evening,Tuesday,False,Weak,282.7
ORD15204,Birnin Kebbi Hub,Jega,55.0,Keke (Tricycle),Unpaved,Rain,Low,Food,0,2.9,2.9,Evening,Thursday,False,Strong,277.0
ORD15205,Birnin Kebbi Hub,Jega,58.2,Keke (Tricycle),Unpaved,Harmattan Dust,High,Parcel,1,0.3,2.4,Morning,Sunday,True,Strong,438.2
ORD15206,Birnin Kebbi Hub,Bunza,43.6,Motorcycle,Paved,Clear,Medium,Bulk Goods,0,28.6,2.4,Morning,Monday,False,Weak,87.0
ORD15207,Birnin Kebbi Hub,Birnin Kebbi,6.1,Keke (Tricycle),Unpaved,Rain,Medium,Parcel,0,3.0,3.8,Morning,Thursday,False,Strong,38.2
ORD15208,Birnin Kebbi Hub,Bunza,52.5,Motorcycle,Unpaved,Clear,Low,Food,0,13.6,0.4,Evening,Friday,False,Weak,122.5
ORD15209,Birnin Kebbi Hub,Zuru,162.7,Motorcycle,Paved,Clear,Low,Food,0,0.7,2.8,Midday,Friday,False,Strong,185.5
ORD15210,Birnin Kebbi Hub,Birnin Kebbi,6.5,Truck,Paved,Harmattan Dust,Low,Parcel,0,3.6,0.7,Morning,Sunday,True,Weak,14.5
ORD15211,Birnin Kebbi Hub,Argungu,74.2,Motorcycle,Paved,Clear,Medium,Food,0,5.9,3.7,Morning,Monday,False,Strong,109.6
ORD15212,Birnin Kebbi Hub,Bunza,44.7,Keke (Tricycle),Paved,Harmattan Dust,Low,Parcel,0,12.5,3.4,Morning,Friday,False,Strong,111.1
ORD15213,Birnin Kebbi Hub,Zuru,138.5,Motorcycle,Unpaved,Harmattan Dust,High,Food,0,3.0,0.7,Midday,Saturday,True,Weak,647.8
ORD15214,Birnin Kebbi Hub,Kamba,103.7,Motorcycle,Paved,Rain,High,Bulk Goods,0,25.7,4.2,Evening,Saturday,True,Strong,344.2
ORD15215,Birnin Kebbi Hub,Zuru,158.0,Keke (Tricycle),Paved,Clear,Medium,Food,2,1.1,2.8,Morning,Monday,False,Weak,366.2
ORD15216,Birnin Kebbi Hub,Birnin Kebbi,6.5,Motorcycle,Paved,Clear,Medium,Food,0,11.4,2.1,Midday,Wednesday,False,Weak,32.1
ORD15217,Birnin Kebbi Hub,Bunza,47.2,Motorcycle,Paved,Harmattan Dust,Medium,Parcel,1,6.9,2.3,Evening,Tuesday,False,Weak,100.4
ORD15218,Birnin Kebbi Hub,Zuru,176.7,Van,Unpaved,Clear,Low,Parcel,0,0.4,1.3,Morning,Friday,False,Weak,335.6
ORD15219,Birnin Kebbi Hub,Jega,37.7,Motorcycle,Unpaved,Clear,Low,Food,0,6.8,1.2,Morning,Thursday,False,Weak,87.9
ORD15220,Birnin Kebbi Hub,Kamba,134.4,Motorcycle,Unpaved,Clear,Low,Bulk Goods,1,37.8,2.7,Midday,Friday,False,Weak,302.4
ORD15221,Birnin Kebbi Hub,Zuru,174.5,Van,Paved,Rain,Low,Documents,0,2.9,3.3,Morning,Sunday,True,No Signal,286.7
ORD15222,Birnin Kebbi Hub,Jega,56.4,Truck,Unpaved,Harmattan Dust,Low,Food,0,1.3,1.9,Morning,Thursday,False,No Signal,191.3
ORD15223,Birnin Kebbi Hub,Yauri,157.5,Keke (Tricycle),Paved,Rain,Low,Food,0,11.6,2.4,Morning,Saturday,True,Weak,447.6
ORD15224,Birnin Kebbi Hub,Argungu,60.4,Motorcycle,Paved,Clear,Low,Parcel,0,11.6,1.8,Morning,Friday,False,Strong,81.2
ORD15225,Birnin Kebbi Hub,Birnin Kebbi,8.4,Motorcycle,Paved,Clear,Low,Food,1,3.4,1.0,Midday,Wednesday,False,No Signal,36.1
ORD15226,Birnin Kebbi Hub,Kamba,140.3,Motorcycle,Paved,Clear,High,Parcel,0,0.9,4.2,Midday,Monday,False,No Signal,289.9
ORD15227,Birnin Kebbi Hub,Jega,61.8,Motorcycle,Paved,Rain,Low,Documents,3,5.2,2.5,Afternoon,Wednesday,False,Weak,118.3
ORD15228,Birnin Kebbi Hub,Bunza,62.3,Motorcycle,Unpaved,Rain,High,Bulk Goods,1,19.6,3.7,Evening,Saturday,True,Weak,374.0
ORD15229,Birnin Kebbi Hub,Argungu,49.7,Van,Paved,Clear,Low,Parcel,1,0.2,6.3,Midday,Saturday,True,Weak,65.5
ORD15230,Birnin Kebbi Hub,Yauri,174.0,Keke (Tricycle),Paved,Clear,High,Parcel,2,0.3,0.9,Evening,Monday,False,Strong,562.9
ORD15231,Birnin Kebbi Hub,Birnin Kebbi,4.8,Motorcycle,Paved,Rain,Medium,Food,0,1.9,2.0,Midday,Friday,False,Strong,14.6
ORD15232,Birnin Kebbi Hub,Birnin Kebbi,4.7,Keke (Tricycle),Unpaved,Harmattan Dust,Medium,Documents,0,2.7,3.1,Morning,Friday,False,No Signal,48.6
ORD15233,Birnin Kebbi Hub,Jega,55.9,Motorcycle,Paved,Clear,High,Food,3,1.4,1.5,Evening,Monday,False,No Signal,138.6
ORD15234,Birnin Kebbi Hub,Argungu,66.2,Keke (Tricycle),Paved,Clear,Low,Parcel,1,0.7,2.9,Morning,Wednesday,False,No Signal,133.2
ORD15235,Birnin Kebbi Hub,Bunza,43.9,Van,Unpaved,Clear,Low,Documents,0,9.7,0.2,Evening,Thursday,False,Weak,98.5
ORD15236,Birnin Kebbi Hub,Argungu,68.9,Keke (Tricycle),Paved,Harmattan Dust,High,Parcel,2,2.0,7.8,Evening,Monday,False,Strong,280.2
ORD15237,Birnin Kebbi Hub,Aliero,38.3,Motorcycle,Unpaved,Harmattan Dust,Low,Parcel,3,2.2,1.9,Midday,Friday,False,Strong,113.3
ORD15238,Birnin Kebbi Hub,Bunza,48.4,Keke (Tricycle),Unpaved,Harmattan Dust,Low,Parcel,0,3.1,1.9,Evening,Saturday,True,Strong,200.4
ORD15239,Birnin Kebbi Hub,Argungu,62.8,Motorcycle,Paved,Rain,High,Parcel,0,2.1,3.2,Afternoon,Wednesday,False,Weak,205.8
ORD15240,Birnin Kebbi Hub,Kamba,125.9,Keke (Tricycle),Paved,Harmattan Dust,Low,Bulk Goods,0,28.2,3.2,Midday,Thursday,False,Strong,302.5
ORD15241,Birnin Kebbi Hub,Argungu,68.6,Keke (Tricycle),Paved,Clear,High,Parcel,0,0.9,0.6,Morning,Monday,False,Weak,232.6
ORD15242,Birnin Kebbi Hub,Kamba,159.1,Motorcycle,Unpaved,Rain,High,Parcel,0,1.8,7.3,Afternoon,Tuesday,False,Weak,902.1
ORD15243,Birnin Kebbi Hub,Bunza,37.2,Keke (Tricycle),Unpaved,Rain,Medium,Documents,2,0.9,4.6,Midday,Thursday,False,Strong,247.5
ORD15244,Birnin Kebbi Hub,Jega,59.5,Motorcycle,Paved,Clear,Low,Bulk Goods,0,25.2,1.9,Afternoon,Thursday,False,Weak,87.0
ORD15245,Birnin Kebbi Hub,Argungu,64.1,Motorcycle,Paved,Clear,High,Food,0,2.2,5.9,Evening,Friday,False,Strong,135.8
ORD15246,Birnin Kebbi Hub,Birnin Kebbi,5.4,Motorcycle,Paved,Harmattan Dust,Medium,Food,0,11.9,1.1,Midday,Friday,False,Strong,21.3
ORD15247,Birnin Kebbi Hub,Birnin Kebbi,4.0,Motorcycle,Paved,Clear,Medium,Parcel,1,10.5,2.7,Evening,Saturday,True,Weak,29.1
ORD15248,Birnin Kebbi Hub,Birnin Kebbi,5.8,Keke (Tricycle),Paved,Clear,Low,Documents,0,0.3,2.0,Midday,Thursday,False,Strong,19.5
ORD15249,Birnin Kebbi Hub,Birnin Kebbi,5.8,Keke (Tricycle),Paved,Rain,High,Documents,0,2.7,1.6,Midday,Monday,False,Strong,33.8
ORD15250,Birnin Kebbi Hub,Aliero,34.0,Keke (Tricycle),Paved,Clear,Low,Food,2,4.7,0.9,Midday,Saturday,True,Weak,93.3
ORD15251,Birnin Kebbi Hub,Birnin Kebbi,4.2,Motorcycle,Paved,Clear,Low,Bulk Goods,1,39.5,2.1,Afternoon,Sunday,True,Weak,47.1
ORD15252,Birnin Kebbi Hub,Birnin Kebbi,5.0,Keke (Tricycle),Paved,Rain,Medium,Parcel,0,0.6,3.7,Evening,Saturday,True,Strong,29.7
ORD15253,Birnin Kebbi Hub,Kamba,147.4,Truck,Paved,Clear,Low,Parcel,0,13.4,2.5,Morning,Friday,False,No Signal,219.6
ORD15254,Birnin Kebbi Hub,Bunza,47.1,Motorcycle,Paved,Harmattan Dust,High,Bulk Goods,0,34.3,2.0,Morning,Tuesday,False,Strong,161.1
ORD15255,Birnin Kebbi Hub,Jega,51.6,Keke (Tricycle),Paved,Rain,High,Bulk Goods,2,26.6,2.8,Evening,Tuesday,False,Strong,277.7
ORD15256,Birnin Kebbi Hub,Argungu,64.9,Motorcycle,Paved,Harmattan Dust,Low,Food,0,4.0,1.6,Afternoon,Sunday,True,Strong,112.4
ORD15257,Birnin Kebbi Hub,Kamba,136.5,Motorcycle,Unpaved,Clear,Medium,Parcel,0,4.9,1.3,Morning,Sunday,True,Weak,367.0
ORD15258,Birnin Kebbi Hub,Argungu,70.7,Van,Unpaved,Clear,Medium,Documents,0,3.4,0.6,Evening,Thursday,False,Strong,174.0
ORD15259,Birnin Kebbi Hub,Birnin Kebbi,7.7,Motorcycle,Paved,Clear,Medium,Bulk Goods,1,32.9,1.6,Evening,Monday,False,No Signal,49.6
ORD15260,Birnin Kebbi Hub,Birnin Kebbi,1.5,Van,Paved,Clear,Low,Food,1,8.2,5.5,Midday,Saturday,True,Strong,16.3
ORD15261,Birnin Kebbi Hub,Bunza,47.1,Motorcycle,Unpaved,Clear,Medium,Bulk Goods,0,35.9,1.5,Afternoon,Friday,False,Weak,163.3
ORD15262,Birnin Kebbi Hub,Birnin Kebbi,6.1,Keke (Tricycle),Paved,Clear,Medium,Parcel,0,2.2,3.3,Afternoon,Friday,False,No Signal,42.1
ORD15263,Birnin Kebbi Hub,Bunza,48.4,Motorcycle,Unpaved,Clear,Low,Parcel,0,3.1,1.2,Morning,Wednesday,False,No Signal,126.7
ORD15264,Birnin Kebbi Hub,Birnin Kebbi,9.4,Motorcycle,Paved,Rain,High,Bulk Goods,0,28.6,3.5,Morning,Wednesday,False,Weak,60.4
ORD15265,Birnin Kebbi Hub,Zuru,159.9,Keke (Tricycle),Unpaved,Clear,Low,Parcel,0,4.3,1.9,Morning,Tuesday,False,Weak,522.4
ORD15266,Birnin Kebbi Hub,Yauri,165.1,Van,Paved,Rain,Low,Food,0,0.5,6.1,Afternoon,Monday,False,Weak,250.2
ORD15267,Birnin Kebbi Hub,Yauri,153.7,Motorcycle,Paved,Clear,Low,Food,1,0.7,5.5,Afternoon,Monday,False,Weak,182.2
ORD15268,Birnin Kebbi Hub,Aliero,41.6,Truck,Unpaved,Rain,Low,Parcel,0,11.5,3.5,Midday,Saturday,True,Weak,170.7
ORD15269,Birnin Kebbi Hub,Birnin Kebbi,5.5,Van,Paved,Clear,Medium,Parcel,3,2.0,4.5,Midday,Friday,False,Weak,38.5
ORD15270,Birnin Kebbi Hub,Birnin Kebbi,5.4,Motorcycle,Paved,Clear,High,Bulk Goods,0,31.2,1.0,Afternoon,Wednesday,False,Weak,48.0
ORD15271,Birnin Kebbi Hub,Kamba,114.8,Keke (Tricycle),Unpaved,Clear,Low,Food,2,1.7,1.4,Afternoon,Monday,False,Weak,387.9
ORD15272,Birnin Kebbi Hub,Argungu,45.0,Keke (Tricycle),Unpaved,Clear,Medium,Parcel,1,0.7,2.3,Midday,Sunday,True,Weak,191.2
ORD15273,Birnin Kebbi Hub,Aliero,35.2,Motorcycle,Unpaved,Clear,Low,Parcel,0,0.3,1.6,Evening,Sunday,True,Strong,79.7
ORD15274,Birnin Kebbi Hub,Birnin Kebbi,7.4,Motorcycle,Paved,Clear,Medium,Bulk Goods,1,41.3,4.4,Evening,Thursday,False,No Signal,45.1
ORD15275,Birnin Kebbi Hub,Aliero,27.2,Motorcycle,Paved,Clear,Low,Parcel,1,3.7,3.4,Morning,Thursday,False,No Signal,69.4
ORD15276,Birnin Kebbi Hub,Bunza,53.0,Keke (Tricycle),Unpaved,Harmattan Dust,Medium,Documents,0,0.9,1.7,Afternoon,Monday,False,Weak,275.4
ORD15277,Birnin Kebbi Hub,Bunza,37.2,Motorcycle,Paved,Harmattan Dust,Low,Parcel,3,2.7,0.7,Afternoon,Thursday,False,No Signal,95.4
ORD15278,Birnin Kebbi Hub,Kamba,123.6,Keke (Tricycle),Paved,Harmattan Dust,High,Documents,2,0.2,1.1,Midday,Monday,False,Weak,506.5
ORD15279,Birnin Kebbi Hub,Kamba,118.8,Van,Paved,Rain,High,Bulk Goods,0,31.3,3.3,Morning,Thursday,False,No Signal,361.4
ORD15280,Birnin Kebbi Hub,Jega,55.6,Van,Unpaved,Harmattan Dust,Low,Parcel,1,0.7,1.7,Midday,Wednesday,False,No Signal,147.7
ORD15281,Birnin Kebbi Hub,Birnin Kebbi,3.4,Motorcycle,Paved,Clear,Low,Food,2,10.5,1.4,Afternoon,Thursday,False,Weak,33.7
ORD15282,Birnin Kebbi Hub,Bunza,47.3,Keke (Tricycle),Paved,Harmattan Dust,Medium,Parcel,0,1.7,2.2,Morning,Tuesday,False,Strong,131.9
ORD15283,Birnin Kebbi Hub,Birnin Kebbi,7.5,Van,Paved,Harmattan Dust,Low,Bulk Goods,0,21.8,3.5,Midday,Wednesday,False,Strong,26.4
ORD15284,Birnin Kebbi Hub,Kamba,152.6,Keke (Tricycle),Paved,Clear,Medium,Parcel,1,12.1,1.6,Morning,Saturday,True,Strong,351.3
ORD15285,Birnin Kebbi Hub,Kamba,136.9,Keke (Tricycle),Unpaved,Rain,Low,Bulk Goods,1,17.0,3.3,Afternoon,Tuesday,False,Weak,685.9
ORD15286,Birnin Kebbi Hub,Birnin Kebbi,8.3,Motorcycle,Paved,Clear,Medium,Bulk Goods,2,31.5,0.4,Morning,Monday,False,Strong,47.4
ORD15287,Birnin Kebbi Hub,Jega,50.3,Keke (Tricycle),Paved,Rain,Low,Food,0,9.4,2.1,Midday,Thursday,False,No Signal,156.1
ORD15288,Birnin Kebbi Hub,Argungu,48.4,Van,Paved,Clear,Medium,Parcel,0,11.8,4.6,Morning,Wednesday,False,No Signal,80.1
ORD15289,Birnin Kebbi Hub,Jega,46.5,Motorcycle,Unpaved,Rain,Medium,Food,0,0.5,4.1,Evening,Friday,False,No Signal,194.2
ORD15290,Birnin Kebbi Hub,Jega,54.7,Motorcycle,Unpaved,Clear,Medium,Bulk Goods,0,12.7,1.5,Morning,Monday,False,Strong,149.5
ORD15291,Birnin Kebbi Hub,Argungu,63.1,Keke (Tricycle),Paved,Harmattan Dust,Low,Bulk Goods,0,36.0,2.5,Morning,Tuesday,False,Weak,179.3
ORD15292,Birnin Kebbi Hub,Argungu,60.3,Keke (Tricycle),Unpaved,Clear,Medium,Parcel,0,3.1,5.2,Morning,Monday,False,Strong,251.8
ORD15293,Birnin Kebbi Hub,Birnin Kebbi,4.8,Motorcycle,Paved,Rain,Low,Food,0,0.9,2.8,Afternoon,Sunday,True,Weak,26.6
ORD15294,Birnin Kebbi Hub,Yauri,150.3,Keke (Tricycle),Paved,Rain,High,Parcel,0,2.9,1.4,Midday,Saturday,True,Strong,734.8
ORD15295,Birnin Kebbi Hub,Bunza,53.1,Van,Paved,Clear,High,Parcel,1,1.3,0.4,Morning,Saturday,True,No Signal,131.3
ORD15296,Birnin Kebbi Hub,Birnin Kebbi,6.7,Van,Paved,Rain,Low,Parcel,0,2.7,1.4,Evening,Tuesday,False,Weak,27.6
ORD15297,Birnin Kebbi Hub,Kamba,130.0,Keke (Tricycle),Paved,Clear,Low,Parcel,4,1.2,1.1,Evening,Tuesday,False,Strong,244.3
ORD15298,Birnin Kebbi Hub,Zuru,193.0,Motorcycle,Unpaved,Clear,Low,Food,0,2.0,0.5,Midday,Wednesday,False,Weak,396.6
ORD15299,Birnin Kebbi Hub,Yauri,150.1,Van,Unpaved,Clear,Medium,Documents,1,16.6,1.1,Evening,Friday,False,No Signal,368.5
ORD15300,Birnin Kebbi Hub,Kamba,126.6,Motorcycle,Paved,Clear,High,Food,1,5.1,0.9,Evening,Sunday,True,Weak,269.0
ORD15301,Birnin Kebbi Hub,Aliero,40.8,Motorcycle,Paved,Clear,Medium,Food,0,2.3,2.4,Morning,Thursday,False,No Signal,70.6
ORD15302,Birnin Kebbi Hub,Argungu,67.6,Motorcycle,Unpaved,Clear,High,Bulk Goods,0,35.9,1.5,Morning,Tuesday,False,Weak,273.9
ORD15303,Birnin Kebbi Hub,Birnin Kebbi,1.5,Van,Paved,Rain,Low,Documents,3,4.0,0.7,Morning,Friday,False,Weak,52.4
ORD15304,Birnin Kebbi Hub,Yauri,164.7,Motorcycle,Paved,Harmattan Dust,Medium,Parcel,0,0.4,0.9,Morning,Tuesday,False,Weak,291.9
ORD15305,Birnin Kebbi Hub,Jega,69.1,Motorcycle,Paved,Clear,Medium,Parcel,0,4.4,1.1,Morning,Wednesday,False,Weak,114.6
ORD15306,Birnin Kebbi Hub,Bunza,51.4,Motorcycle,Paved,Clear,Medium,Parcel,0,1.5,1.8,Evening,Monday,False,Weak,77.0
ORD15307,Birnin Kebbi Hub,Zuru,179.1,Keke (Tricycle),Paved,Harmattan Dust,Medium,Food,0,11.0,2.6,Evening,Thursday,False,Strong,498.9
ORD15308,Birnin Kebbi Hub,Bunza,52.5,Motorcycle,Unpaved,Clear,Medium,Parcel,0,2.2,3.5,Morning,Monday,False,Weak,150.3
ORD15309,Birnin Kebbi Hub,Birnin Kebbi,8.1,Motorcycle,Paved,Rain,Low,Parcel,4,1.2,0.4,Morning,Thursday,False,Strong,42.9
ORD15310,Birnin Kebbi Hub,Bunza,38.4,Keke (Tricycle),Unpaved,Clear,Medium,Documents,0,3.6,1.0,Evening,Tuesday,False,Weak,167.4
ORD15311,Birnin Kebbi Hub,Kamba,148.4,Van,Paved,Rain,Low,Documents,0,2.7,1.6,Morning,Saturday,True,Weak,249.7
ORD15312,Birnin Kebbi Hub,Bunza,47.0,Motorcycle,Paved,Clear,High,Bulk Goods,2,28.4,5.8,Morning,Friday,False,Strong,128.9
ORD15313,Birnin Kebbi Hub,Birnin Kebbi,3.0,Truck,Unpaved,Clear,Medium,Food,1,5.6,3.6,Morning,Sunday,True,Weak,42.3
ORD15314,Birnin Kebbi Hub,Zuru,205.7,Keke (Tricycle),Paved,Clear,Low,Parcel,0,2.8,0.3,Morning,Friday,False,Strong,365.0
ORD15315,Birnin Kebbi Hub,Bunza,43.5,Motorcycle,Unpaved,Clear,High,Food,4,11.0,2.4,Morning,Monday,False,Weak,192.0
ORD15316,Birnin Kebbi Hub,Bunza,52.7,Motorcycle,Paved,Clear,High,Parcel,0,1.8,1.4,Midday,Wednesday,False,Strong,118.2
ORD15317,Birnin Kebbi Hub,Aliero,36.9,Van,Paved,Clear,High,Parcel,0,1.3,0.7,Midday,Thursday,False,Strong,72.0
ORD15318,Birnin Kebbi Hub,Bunza,48.0,Van,Unpaved,Clear,Low,Bulk Goods,0,37.5,0.5,Morning,Wednesday,False,Strong,113.3
ORD15319,Birnin Kebbi Hub,Jega,49.2,Motorcycle,Paved,Clear,High,Food,0,4.5,2.3,Afternoon,Monday,False,No Signal,121.9
ORD15320,Birnin Kebbi Hub,Zuru,186.2,Motorcycle,Paved,Clear,High,Parcel,1,15.6,1.9,Morning,Saturday,True,Weak,407.3
ORD15321,Birnin Kebbi Hub,Birnin Kebbi,3.6,Motorcycle,Paved,Clear,High,Bulk Goods,1,39.4,4.4,Midday,Thursday,False,Strong,50.0
ORD15322,Birnin Kebbi Hub,Birnin Kebbi,4.9,Motorcycle,Unpaved,Harmattan Dust,Low,Parcel,0,1.4,5.7,Midday,Sunday,True,Strong,10.4
ORD15323,Birnin Kebbi Hub,Kamba,141.7,Keke (Tricycle),Unpaved,Harmattan Dust,Low,Food,0,2.4,2.0,Afternoon,Monday,False,No Signal,581.0
ORD15324,Birnin Kebbi Hub,Argungu,68.6,Motorcycle,Unpaved,Clear,Low,Parcel,0,23.0,0.4,Afternoon,Thursday,False,No Signal,168.1
ORD15325,Birnin Kebbi Hub,Aliero,29.6,Motorcycle,Paved,Rain,Low,Documents,0,2.4,3.5,Midday,Wednesday,False,Strong,59.3
ORD15326,Birnin Kebbi Hub,Bunza,47.3,Motorcycle,Unpaved,Harmattan Dust,High,Food,0,0.7,3.1,Afternoon,Saturday,True,Strong,236.5
ORD15327,Birnin Kebbi Hub,Birnin Kebbi,5.5,Truck,Paved,Harmattan Dust,Low,Parcel,2,5.0,1.9,Afternoon,Friday,False,Strong,50.2
ORD15328,Birnin Kebbi Hub,Birnin Kebbi,1.5,Van,Paved,Clear,Medium,Bulk Goods,0,23.0,5.0,Evening,Wednesday,False,Strong,10.0
ORD15329,Birnin Kebbi Hub,Argungu,55.7,Keke (Tricycle),Paved,Clear,Medium,Food,0,3.1,2.5,Morning,Friday,False,Weak,146.2
ORD15330,Birnin Kebbi Hub,Bunza,48.0,Truck,Unpaved,Clear,Low,Parcel,1,5.7,2.0,Evening,Tuesday,False,Weak,140.2
ORD15331,Birnin Kebbi Hub,Bunza,47.9,Van,Paved,Harmattan Dust,Medium,Food,1,3.9,4.1,Morning,Tuesday,False,Strong,85.3
ORD15332,Birnin Kebbi Hub,Bunza,41.7,Truck,Unpaved,Clear,Low,Food,3,10.8,5.9,Evening,Thursday,False,Weak,152.2
ORD15333,Birnin Kebbi Hub,Birnin Kebbi,5.9,Motorcycle,Paved,Clear,Medium,Parcel,2,0.8,2.4,Evening,Sunday,True,Strong,27.1
ORD15334,Birnin Kebbi Hub,Argungu,65.6,Keke (Tricycle),Unpaved,Clear,Medium,Parcel,0,0.6,2.0,Midday,Sunday,True,Weak,284.1
ORD15335,Birnin Kebbi Hub,Jega,57.2,Motorcycle,Paved,Clear,Low,Documents,0,5.5,0.7,Midday,Sunday,True,Weak,71.4
ORD15336,Birnin Kebbi Hub,Bunza,49.3,Truck,Paved,Clear,Medium,Food,0,6.6,1.8,Afternoon,Monday,False,Strong,96.5
ORD15337,Birnin Kebbi Hub,Bunza,49.6,Motorcycle,Paved,Clear,High,Food,0,2.7,4.9,Morning,Thursday,False,Strong,114.9
ORD15338,Birnin Kebbi Hub,Jega,53.3,Keke (Tricycle),Paved,Clear,Low,Bulk Goods,3,22.0,1.9,Morning,Saturday,True,Weak,149.3
ORD15339,Birnin Kebbi Hub,Aliero,28.7,Motorcycle,Unpaved,Clear,Low,Parcel,1,0.7,1.5,Afternoon,Thursday,False,Weak,81.4
ORD15340,Birnin Kebbi Hub,Bunza,44.4,Van,Paved,Clear,High,Food,0,3.7,1.2,Midday,Tuesday,False,Strong,83.6
ORD15341,Birnin Kebbi Hub,Birnin Kebbi,2.7,Motorcycle,Paved,Clear,Low,Parcel,2,7.0,2.5,Evening,Wednesday,False,Weak,34.2
ORD15342,Birnin Kebbi Hub,Jega,60.4,Motorcycle,Paved,Clear,High,Parcel,1,17.3,2.0,Evening,Saturday,True,No Signal,156.4
ORD15343,Birnin Kebbi Hub,Birnin Kebbi,6.9,Keke (Tricycle),Paved,Rain,Low,Food,0,1.2,1.3,Midday,Sunday,True,No Signal,34.1
ORD15344,Birnin Kebbi Hub,Birnin Kebbi,2.9,Van,Paved,Rain,High,Bulk Goods,4,33.0,5.3,Midday,Friday,False,Weak,49.3
ORD15345,Birnin Kebbi Hub,Argungu,71.4,Keke (Tricycle),Paved,Clear,Medium,Bulk Goods,0,16.1,0.9,Midday,Wednesday,False,No Signal,172.8
ORD15346,Birnin Kebbi Hub,Kamba,148.7,Motorcycle,Paved,Clear,Low,Food,1,15.8,3.3,Afternoon,Monday,False,No Signal,194.7
ORD15347,Birnin Kebbi Hub,Birnin Kebbi,4.9,Truck,Paved,Rain,High,Parcel,0,4.5,5.0,Evening,Wednesday,False,Strong,24.5
ORD15348,Birnin Kebbi Hub,Birnin Kebbi,5.6,Van,Unpaved,Clear,High,Bulk Goods,1,28.0,1.0,Morning,Friday,False,Weak,51.4
ORD15349,Birnin Kebbi Hub,Aliero,41.1,Motorcycle,Paved,Clear,Medium,Documents,1,0.2,0.9,Midday,Friday,False,Weak,77.5
ORD15350,Birnin Kebbi Hub,Birnin Kebbi,5.0,Keke (Tricycle),Unpaved,Clear,Medium,Bulk Goods,1,33.6,2.7,Evening,Thursday,False,Weak,52.6
ORD15351,Birnin Kebbi Hub,Birnin Kebbi,8.8,Motorcycle,Paved,Rain,Low,Parcel,0,0.2,1.6,Midday,Thursday,False,No Signal,34.4
ORD15352,Birnin Kebbi Hub,Zuru,177.8,Van,Paved,Harmattan Dust,Low,Documents,0,0.2,3.3,Morning,Monday,False,Strong,233.2
ORD15353,Birnin Kebbi Hub,Yauri,177.6,Van,Unpaved,Clear,Medium,Food,0,0.3,1.3,Midday,Wednesday,False,Strong,417.6
ORD15354,Birnin Kebbi Hub,Bunza,45.9,Motorcycle,Unpaved,Harmattan Dust,Low,Parcel,0,2.5,3.0,Morning,Sunday,True,Weak,132.9
ORD15355,Birnin Kebbi Hub,Argungu,57.1,Van,Paved,Clear,Medium,Parcel,4,8.8,0.9,Afternoon,Friday,False,No Signal,133.7
ORD15356,Birnin Kebbi Hub,Birnin Kebbi,7.1,Keke (Tricycle),Paved,Harmattan Dust,Medium,Food,1,7.9,3.1,Morning,Tuesday,False,Strong,42.1
ORD15357,Birnin Kebbi Hub,Bunza,47.0,Truck,Paved,Clear,Medium,Bulk Goods,0,35.2,2.8,Evening,Saturday,True,Weak,98.1
ORD15358,Birnin Kebbi Hub,Birnin Kebbi,6.0,Truck,Paved,Clear,Medium,Food,0,4.2,0.6,Morning,Saturday,True,Weak,50.4
ORD15359,Birnin Kebbi Hub,Birnin Kebbi,6.0,Keke (Tricycle),Paved,Clear,Medium,Parcel,0,5.6,1.7,Afternoon,Friday,False,No Signal,39.6
ORD15360,Birnin Kebbi Hub,Kamba,132.5,Keke (Tricycle),Unpaved,Clear,High,Parcel,1,1.9,1.7,Midday,Friday,False,Weak,767.3
ORD15361,Birnin Kebbi Hub,Birnin Kebbi,8.3,Motorcycle,Paved,Clear,Low,Food,0,0.4,4.7,Morning,Thursday,False,No Signal,23.0
ORD15362,Birnin Kebbi Hub,Argungu,67.9,Truck,Paved,Clear,Low,Documents,2,1.7,4.4,Midday,Wednesday,False,Strong,120.2
ORD15363,Birnin Kebbi Hub,Birnin Kebbi,3.9,Motorcycle,Paved,Clear,High,Documents,0,4.3,2.2,Midday,Tuesday,False,Strong,23.9
ORD15364,Birnin Kebbi Hub,Kamba,105.2,Keke (Tricycle),Paved,Rain,Low,Parcel,1,2.8,1.1,Midday,Saturday,True,Strong,293.6
ORD15365,Birnin Kebbi Hub,Birnin Kebbi,6.7,Keke (Tricycle),Paved,Clear,Low,Documents,0,5.7,3.5,Morning,Tuesday,False,Weak,25.3
ORD15366,Birnin Kebbi Hub,Birnin Kebbi,4.8,Van,Paved,Clear,High,Parcel,1,3.1,0.9,Evening,Thursday,False,Strong,30.4
ORD15367,Birnin Kebbi Hub,Argungu,64.7,Motorcycle,Unpaved,Clear,Medium,Parcel,0,14.0,4.3,Afternoon,Saturday,True,Strong,191.0
ORD15368,Birnin Kebbi Hub,Zuru,177.0,Motorcycle,Paved,Clear,Medium,Parcel,0,4.2,1.6,Morning,Friday,False,No Signal,275.4
ORD15369,Birnin Kebbi Hub,Birnin Kebbi,5.8,Motorcycle,Paved,Harmattan Dust,High,Food,0,0.3,5.1,Midday,Saturday,True,Strong,24.1
ORD15370,Birnin Kebbi Hub,Argungu,65.8,Keke (Tricycle),Unpaved,Harmattan Dust,Low,Food,0,9.3,1.4,Morning,Wednesday,False,Strong,272.7
ORD15371,Birnin Kebbi Hub,Argungu,66.2,Motorcycle,Unpaved,Rain,Medium,Parcel,1,3.3,0.6,Afternoon,Saturday,True,No Signal,289.5
ORD15372,Birnin Kebbi Hub,Birnin Kebbi,4.4,Van,Paved,Clear,Medium,Parcel,0,6.3,2.0,Midday,Monday,False,No Signal,29.2
ORD15373,Birnin Kebbi Hub,Jega,50.5,Van,Paved,Harmattan Dust,Medium,Parcel,0,0.2,2.3,Morning,Sunday,True,Strong,86.8
ORD15374,Birnin Kebbi Hub,Kamba,142.6,Motorcycle,Paved,Clear,Medium,Documents,1,0.5,5.8,Evening,Sunday,True,Strong,208.0
ORD15375,Birnin Kebbi Hub,Yauri,168.6,Motorcycle,Unpaved,Harmattan Dust,Low,Parcel,2,12.2,1.8,Midday,Sunday,True,Strong,452.5
ORD15376,Birnin Kebbi Hub,Birnin Kebbi,5.6,Keke (Tricycle),Paved,Clear,Low,Bulk Goods,0,41.3,3.3,Evening,Tuesday,False,Weak,39.5
ORD15377,Birnin Kebbi Hub,Argungu,57.0,Keke (Tricycle),Paved,Rain,Low,Parcel,1,2.1,4.0,Morning,Monday,False,Strong,175.0
ORD15378,Birnin Kebbi Hub,Birnin Kebbi,8.2,Keke (Tricycle),Paved,Clear,Low,Parcel,1,12.0,5.7,Afternoon,Monday,False,Weak,33.1
ORD15379,Birnin Kebbi Hub,Yauri,165.2,Motorcycle,Unpaved,Clear,Medium,Parcel,2,6.5,1.4,Morning,Tuesday,False,No Signal,442.2
ORD15380,Birnin Kebbi Hub,Birnin Kebbi,6.1,Motorcycle,Paved,Clear,Low,Food,0,1.2,4.4,Morning,Monday,False,Weak,18.6
ORD15381,Birnin Kebbi Hub,Jega,54.5,Van,Unpaved,Clear,Low,Documents,4,2.7,4.0,Morning,Saturday,True,Strong,147.9
ORD15382,Birnin Kebbi Hub,Kamba,115.2,Motorcycle,Paved,Clear,Low,Parcel,0,9.3,3.5,Morning,Saturday,True,Weak,153.5
ORD15383,Birnin Kebbi Hub,Argungu,66.8,Keke (Tricycle),Unpaved,Rain,Low,Food,4,1.6,2.0,Afternoon,Wednesday,False,Weak,361.6
ORD15384,Birnin Kebbi Hub,Birnin Kebbi,5.0,Motorcycle,Unpaved,Clear,Low,Food,0,7.9,1.5,Evening,Wednesday,False,No Signal,21.5
ORD15385,Birnin Kebbi Hub,Bunza,49.6,Keke (Tricycle),Paved,Rain,Low,Food,0,3.5,3.8,Midday,Friday,False,Strong,127.0
ORD15386,Birnin Kebbi Hub,Aliero,32.0,Truck,Paved,Clear,Low,Documents,0,16.6,4.2,Morning,Monday,False,Strong,66.9
ORD15387,Birnin Kebbi Hub,Kamba,141.7,Motorcycle,Paved,Clear,Low,Parcel,2,6.2,0.6,Evening,Sunday,True,Strong,180.3
ORD15388,Birnin Kebbi Hub,Zuru,161.9,Keke (Tricycle),Paved,Harmattan Dust,Medium,Bulk Goods,0,28.5,1.1,Evening,Wednesday,False,Strong,453.7
ORD15389,Birnin Kebbi Hub,Kamba,183.0,Keke (Tricycle),Paved,Clear,Medium,Parcel,1,4.4,1.0,Afternoon,Wednesday,False,Strong,419.9
ORD15390,Birnin Kebbi Hub,Jega,58.3,Motorcycle,Unpaved,Harmattan Dust,Low,Parcel,2,2.5,2.8,Midday,Tuesday,False,Weak,148.7
ORD15391,Birnin Kebbi Hub,Jega,46.6,Motorcycle,Paved,Clear,Low,Documents,0,1.4,0.4,Morning,Monday,False,Weak,75.6
ORD15392,Birnin Kebbi Hub,Bunza,48.4,Keke (Tricycle),Unpaved,Clear,Medium,Parcel,0,3.0,1.0,Morning,Wednesday,False,Strong,195.8
ORD15393,Birnin Kebbi Hub,Jega,54.2,Van,Paved,Rain,Low,Bulk Goods,0,22.5,4.1,Evening,Thursday,False,No Signal,93.6
ORD15394,Birnin Kebbi Hub,Argungu,77.4,Motorcycle,Unpaved,Rain,Medium,Parcel,0,7.9,1.2,Midday,Saturday,True,Strong,314.0
ORD15395,Birnin Kebbi Hub,Zuru,169.9,Motorcycle,Unpaved,Harmattan Dust,High,Parcel,4,18.5,2.8,Midday,Sunday,True,Weak,806.7
ORD15396,Birnin Kebbi Hub,Bunza,38.5,Keke (Tricycle),Unpaved,Rain,Medium,Food,1,2.7,1.2,Morning,Saturday,True,No Signal,272.9
ORD15397,Birnin Kebbi Hub,Yauri,178.4,Van,Paved,Clear,High,Bulk Goods,0,20.7,3.0,Morning,Tuesday,False,No Signal,349.2
ORD15398,Birnin Kebbi Hub,Zuru,190.5,Motorcycle,Paved,Rain,Low,Parcel,0,20.5,1.1,Midday,Sunday,True,Strong,346.1
ORD15399,Birnin Kebbi Hub,Bunza,43.6,Keke (Tricycle),Paved,Rain,Medium,Parcel,1,3.4,4.3,Afternoon,Wednesday,False,Strong,171.6
ORD15400,Birnin Kebbi Hub,Argungu,70.5,Truck,Paved,Clear,Medium,Food,2,0.2,1.3,Midday,Friday,False,Strong,155.9
ORD15401,Birnin Kebbi Hub,Birnin Kebbi,5.7,Motorcycle,Paved,Harmattan Dust,High,Food,0,2.3,3.7,Evening,Tuesday,False,No Signal,26.7
ORD15402,Birnin Kebbi Hub,Bunza,49.1,Keke (Tricycle),Unpaved,Harmattan Dust,Medium,Food,1,1.8,2.3,Midday,Sunday,True,Strong,268.3
ORD15403,Birnin Kebbi Hub,Zuru,214.4,Van,Paved,Rain,Low,Parcel,3,3.4,1.5,Morning,Friday,False,Weak,378.0
ORD15404,Birnin Kebbi Hub,Bunza,40.3,Van,Paved,Harmattan Dust,High,Documents,1,3.5,2.7,Afternoon,Saturday,True,Strong,114.8
ORD15405,Birnin Kebbi Hub,Zuru,205.5,Motorcycle,Unpaved,Clear,Medium,Food,1,2.2,1.7,Evening,Saturday,True,Weak,520.3
ORD15406,Birnin Kebbi Hub,Jega,55.1,Motorcycle,Paved,Clear,High,Documents,0,2.7,1.9,Evening,Tuesday,False,No Signal,125.2
ORD15407,Birnin Kebbi Hub,Birnin Kebbi,4.6,Motorcycle,Paved,Harmattan Dust,Medium,Food,1,1.1,2.8,Midday,Monday,False,Weak,17.2
ORD15408,Birnin Kebbi Hub,Birnin Kebbi,7.6,Van,Paved,Clear,Medium,Parcel,0,9.8,2.4,Evening,Wednesday,False,Strong,8.0
ORD15409,Birnin Kebbi Hub,Birnin Kebbi,5.3,Keke (Tricycle),Paved,Rain,High,Parcel,1,1.2,0.9,Morning,Friday,False,Strong,50.5
ORD15410,Birnin Kebbi Hub,Argungu,64.4,Van,Paved,Clear,High,Food,2,0.5,1.8,Morning,Wednesday,False,No Signal,146.9
ORD15411,Birnin Kebbi Hub,Aliero,39.3,Motorcycle,Paved,Clear,Low,Food,2,13.4,1.6,Morning,Thursday,False,Strong,82.6
ORD15412,Birnin Kebbi Hub,Birnin Kebbi,6.7,Keke (Tricycle),Paved,Clear,High,Bulk Goods,0,21.3,1.5,Evening,Sunday,True,Weak,53.6
ORD15413,Birnin Kebbi Hub,Birnin Kebbi,5.5,Keke (Tricycle),Paved,Clear,Medium,Parcel,2,0.5,1.4,Afternoon,Sunday,True,Strong,37.7
ORD15414,Birnin Kebbi Hub,Kamba,148.9,Keke (Tricycle),Paved,Rain,Low,Food,1,4.0,4.0,Midday,Wednesday,False,No Signal,413.4
ORD15415,Birnin Kebbi Hub,Birnin Kebbi,6.4,Motorcycle,Paved,Rain,Medium,Parcel,3,7.4,3.2,Midday,Monday,False,Weak,42.7
ORD15416,Birnin Kebbi Hub,Jega,56.2,Keke (Tricycle),Unpaved,Clear,Low,Parcel,1,0.2,6.2,Evening,Thursday,False,Strong,184.0
ORD15417,Birnin Kebbi Hub,Argungu,55.6,Motorcycle,Paved,Clear,High,Documents,1,5.6,1.0,Midday,Friday,False,Weak,131.0
ORD15418,Birnin Kebbi Hub,Jega,63.5,Motorcycle,Unpaved,Clear,Low,Parcel,0,5.6,5.5,Midday,Tuesday,False,Strong,131.2
ORD15419,Birnin Kebbi Hub,Bunza,54.2,Motorcycle,Unpaved,Clear,High,Parcel,2,1.3,3.3,Afternoon,Wednesday,False,Weak,228.8
ORD15420,Birnin Kebbi Hub,Zuru,168.5,Keke (Tricycle),Paved,Clear,Medium,Parcel,1,3.3,1.2,Morning,Thursday,False,Strong,393.1
ORD15421,Birnin Kebbi Hub,Birnin Kebbi,6.8,Motorcycle,Paved,Clear,Medium,Food,0,2.1,1.0,Morning,Wednesday,False,Strong,32.4
ORD15422,Birnin Kebbi Hub,Bunza,47.8,Motorcycle,Paved,Harmattan Dust,Low,Documents,0,2.0,1.2,Afternoon,Tuesday,False,Strong,72.4
ORD15423,Birnin Kebbi Hub,Yauri,171.4,Motorcycle,Unpaved,Clear,High,Documents,1,10.4,5.0,Midday,Wednesday,False,No Signal,634.7
ORD15424,Birnin Kebbi Hub,Bunza,45.7,Motorcycle,Paved,Clear,Medium,Documents,0,1.1,4.3,Midday,Friday,False,Weak,73.5
ORD15425,Birnin Kebbi Hub,Birnin Kebbi,4.2,Motorcycle,Paved,Clear,Medium,Bulk Goods,0,32.8,2.5,Afternoon,Thursday,False,Weak,30.8
ORD15426,Birnin Kebbi Hub,Jega,54.8,Keke (Tricycle),Unpaved,Rain,Medium,Parcel,0,1.0,2.5,Evening,Monday,False,Strong,335.9
ORD15427,Birnin Kebbi Hub,Aliero,36.5,Keke (Tricycle),Unpaved,Clear,Low,Food,0,10.7,1.9,Midday,Friday,False,Strong,121.5
ORD15428,Birnin Kebbi Hub,Yauri,180.2,Keke (Tricycle),Paved,Clear,Low,Food,0,5.8,1.2,Midday,Friday,False,Weak,334.3
ORD15429,Birnin Kebbi Hub,Kamba,156.8,Keke (Tricycle),Paved,Clear,Low,Documents,0,4.7,2.1,Morning,Wednesday,False,No Signal,294.2
ORD15430,Birnin Kebbi Hub,Birnin Kebbi,6.0,Motorcycle,Paved,Harmattan Dust,High,Bulk Goods,0,39.4,1.3,Evening,Thursday,False,Weak,54.4
ORD15431,Birnin Kebbi Hub,Yauri,187.7,Truck,Unpaved,Rain,Low,Documents,0,8.3,1.9,Midday,Saturday,True,Strong,716.6
ORD15432,Birnin Kebbi Hub,Birnin Kebbi,7.0,Keke (Tricycle),Paved,Clear,Medium,Parcel,0,1.7,2.7,Afternoon,Thursday,False,Strong,30.5
ORD15433,Birnin Kebbi Hub,Zuru,196.9,Keke (Tricycle),Unpaved,Clear,High,Food,2,16.8,4.6,Morning,Wednesday,False,No Signal,1146.4
ORD15434,Birnin Kebbi Hub,Birnin Kebbi,5.1,Motorcycle,Paved,Rain,High,Parcel,0,2.1,2.2,Evening,Saturday,True,No Signal,47.7
ORD15435,Birnin Kebbi Hub,Zuru,189.7,Keke (Tricycle),Unpaved,Harmattan Dust,Low,Food,0,0.3,3.1,Midday,Thursday,False,Strong,740.9
ORD15436,Birnin Kebbi Hub,Birnin Kebbi,2.8,Keke (Tricycle),Paved,Clear,High,Food,3,10.8,1.5,Midday,Monday,False,No Signal,47.4
ORD15437,Birnin Kebbi Hub,Jega,51.7,Keke (Tricycle),Paved,Clear,Low,Parcel,0,8.4,3.1,Morning,Friday,False,Weak,102.6
ORD15438,Birnin Kebbi Hub,Jega,49.8,Motorcycle,Unpaved,Clear,Medium,Parcel,1,0.3,1.6,Morning,Sunday,True,Weak,150.6
ORD15439,Birnin Kebbi Hub,Birnin Kebbi,2.8,Motorcycle,Paved,Harmattan Dust,Low,Food,1,0.5,3.6,Morning,Thursday,False,Weak,29.7
ORD15440,Birnin Kebbi Hub,Zuru,179.0,Keke (Tricycle),Unpaved,Rain,High,Parcel,3,0.9,3.1,Evening,Sunday,True,Strong,1375.2
ORD15441,Birnin Kebbi Hub,Birnin Kebbi,5.9,Keke (Tricycle),Paved,Clear,High,Bulk Goods,0,12.3,3.1,Afternoon,Thursday,False,No Signal,41.0
ORD15442,Birnin Kebbi Hub,Zuru,171.8,Keke (Tricycle),Unpaved,Harmattan Dust,Medium,Parcel,1,1.4,5.6,Midday,Sunday,True,Strong,852.3
ORD15443,Birnin Kebbi Hub,Yauri,180.9,Van,Unpaved,Clear,High,Food,0,1.2,1.4,Midday,Saturday,True,Weak,613.0
ORD15444,Birnin Kebbi Hub,Jega,51.4,Keke (Tricycle),Paved,Clear,Medium,Parcel,1,0.6,1.0,Evening,Friday,False,Strong,127.6
ORD15445,Birnin Kebbi Hub,Kamba,126.9,Motorcycle,Paved,Clear,Low,Bulk Goods,0,16.8,2.6,Evening,Saturday,True,No Signal,166.8
ORD15446,Birnin Kebbi Hub,Birnin Kebbi,5.0,Keke (Tricycle),Paved,Clear,High,Bulk Goods,3,25.2,0.7,Midday,Saturday,True,Weak,61.3
ORD15447,Birnin Kebbi Hub,Zuru,157.4,Van,Unpaved,Clear,Medium,Bulk Goods,3,25.0,0.7,Evening,Wednesday,False,Weak,389.7
ORD15448,Birnin Kebbi Hub,Bunza,53.0,Motorcycle,Paved,Clear,Low,Bulk Goods,1,18.8,1.0,Morning,Monday,False,Strong,90.4
ORD15449,Birnin Kebbi Hub,Zuru,145.2,Keke (Tricycle),Unpaved,Clear,Medium,Food,0,12.8,0.8,Evening,Friday,False,Strong,573.7
ORD15450,Birnin Kebbi Hub,Jega,52.2,Keke (Tricycle),Paved,Clear,Medium,Food,3,2.6,2.8,Midday,Sunday,True,Strong,146.4
ORD15451,Birnin Kebbi Hub,Birnin Kebbi,6.2,Keke (Tricycle),Paved,Clear,Medium,Documents,2,0.2,2.5,Morning,Friday,False,Strong,35.5
ORD15452,Birnin Kebbi Hub,Jega,50.7,Motorcycle,Paved,Rain,Medium,Food,0,0.2,7.0,Midday,Wednesday,False,Strong,109.7
ORD15453,Birnin Kebbi Hub,Yauri,149.8,Truck,Unpaved,Harmattan Dust,High,Parcel,1,5.7,1.9,Afternoon,Wednesday,False,Weak,859.4
ORD15454,Birnin Kebbi Hub,Bunza,46.6,Motorcycle,Unpaved,Clear,High,Parcel,0,5.9,2.7,Morning,Saturday,True,No Signal,200.6
ORD15455,Birnin Kebbi Hub,Birnin Kebbi,5.4,Keke (Tricycle),Paved,Harmattan Dust,Low,Parcel,0,5.2,3.7,Afternoon,Saturday,True,Strong,33.5
ORD15456,Birnin Kebbi Hub,Argungu,58.3,Truck,Paved,Clear,Low,Parcel,4,3.4,6.7,Midday,Saturday,True,Strong,145.7
ORD15457,Birnin Kebbi Hub,Birnin Kebbi,9.5,Motorcycle,Paved,Clear,Low,Food,0,0.2,3.6,Morning,Friday,False,Weak,24.8
ORD15458,Birnin Kebbi Hub,Birnin Kebbi,8.1,Motorcycle,Unpaved,Rain,High,Food,0,4.3,3.0,Evening,Friday,False,No Signal,56.9
ORD15459,Birnin Kebbi Hub,Bunza,57.4,Motorcycle,Unpaved,Clear,Low,Parcel,0,10.7,0.5,Midday,Monday,False,Strong,129.1
ORD15460,Birnin Kebbi Hub,Zuru,216.1,Motorcycle,Paved,Clear,Low,Food,2,9.3,1.5,Morning,Sunday,True,Weak,275.9
ORD15461,Birnin Kebbi Hub,Zuru,181.4,Motorcycle,Paved,Clear,Low,Parcel,2,1.9,1.8,Morning,Saturday,True,Strong,222.6
ORD15462,Birnin Kebbi Hub,Argungu,69.0,Van,Unpaved,Clear,Medium,Bulk Goods,1,32.0,1.8,Midday,Tuesday,False,Weak,180.0
ORD15463,Birnin Kebbi Hub,Kamba,131.3,Truck,Unpaved,Harmattan Dust,Medium,Documents,1,2.5,6.3,Evening,Friday,False,No Signal,526.8
ORD15464,Birnin Kebbi Hub,Zuru,174.5,Motorcycle,Paved,Clear,Low,Food,0,11.1,4.1,Evening,Thursday,False,Weak,195.1
ORD15465,Birnin Kebbi Hub,Yauri,160.1,Motorcycle,Paved,Rain,High,Food,2,1.7,1.3,Afternoon,Sunday,True,Strong,521.9
ORD15466,Birnin Kebbi Hub,Jega,61.3,Keke (Tricycle),Paved,Clear,Medium,Parcel,0,0.2,0.4,Afternoon,Monday,False,No Signal,154.5
ORD15467,Birnin Kebbi Hub,Birnin Kebbi,10.5,Motorcycle,Paved,Rain,Medium,Parcel,0,3.6,1.4,Midday,Saturday,True,Strong,42.1
ORD15468,Birnin Kebbi Hub,Argungu,60.1,Truck,Paved,Clear,Medium,Bulk Goods,0,39.3,0.8,Morning,Thursday,False,No Signal,128.9
ORD15469,Birnin Kebbi Hub,Yauri,157.0,Motorcycle,Paved,Harmattan Dust,Low,Food,0,0.2,2.3,Evening,Monday,False,Weak,227.0
ORD15470,Birnin Kebbi Hub,Argungu,67.7,Van,Unpaved,Clear,Low,Documents,0,1.0,2.0,Afternoon,Friday,False,No Signal,139.8
ORD15471,Birnin Kebbi Hub,Argungu,68.1,Van,Unpaved,Clear,Low,Parcel,4,2.3,3.4,Midday,Wednesday,False,Strong,175.0
ORD15472,Birnin Kebbi Hub,Zuru,157.2,Van,Unpaved,Harmattan Dust,Low,Documents,1,3.1,2.3,Midday,Saturday,True,Weak,371.7
ORD15473,Birnin Kebbi Hub,Birnin Kebbi,1.5,Motorcycle,Unpaved,Clear,Medium,Parcel,0,1.0,3.8,Afternoon,Saturday,True,Strong,10.3
ORD15474,Birnin Kebbi Hub,Bunza,43.4,Van,Paved,Clear,Medium,Food,0,6.9,10.2,Morning,Sunday,True,Strong,71.3
ORD15475,Birnin Kebbi Hub,Argungu,71.6,Van,Unpaved,Clear,Medium,Food,0,1.4,3.6,Morning,Wednesday,False,No Signal,182.0
ORD15476,Birnin Kebbi Hub,Birnin Kebbi,5.8,Motorcycle,Paved,Clear,High,Parcel,0,4.0,8.1,Midday,Saturday,True,Strong,14.1
ORD15477,Birnin Kebbi Hub,Argungu,59.0,Keke (Tricycle),Paved,Rain,Medium,Bulk Goods,0,20.8,1.5,Midday,Sunday,True,No Signal,217.3
ORD15478,Birnin Kebbi Hub,Bunza,38.6,Motorcycle,Paved,Harmattan Dust,Low,Parcel,2,12.2,1.1,Evening,Saturday,True,Weak,87.5
ORD15479,Birnin Kebbi Hub,Birnin Kebbi,8.2,Motorcycle,Paved,Clear,High,Documents,1,4.5,2.8,Midday,Friday,False,Strong,36.7
ORD15480,Birnin Kebbi Hub,Bunza,45.2,Truck,Paved,Clear,Low,Parcel,2,7.0,2.1,Midday,Friday,False,Strong,82.6
ORD15481,Birnin Kebbi Hub,Jega,48.0,Van,Unpaved,Clear,Low,Documents,1,6.1,2.6,Evening,Monday,False,Strong,103.6
ORD15482,Birnin Kebbi Hub,Jega,59.3,Keke (Tricycle),Unpaved,Rain,Medium,Documents,2,0.2,2.4,Midday,Friday,False,Weak,378.1
ORD15483,Birnin Kebbi Hub,Argungu,68.5,Motorcycle,Paved,Clear,Medium,Food,1,0.7,2.0,Midday,Saturday,True,Strong,102.0
ORD15484,Birnin Kebbi Hub,Birnin Kebbi,4.9,Keke (Tricycle),Paved,Harmattan Dust,Low,Parcel,1,8.4,1.4,Midday,Tuesday,False,Strong,26.5
ORD15485,Birnin Kebbi Hub,Argungu,60.0,Van,Paved,Rain,Low,Parcel,1,1.0,0.8,Midday,Monday,False,Strong,115.6
ORD15486,Birnin Kebbi Hub,Birnin Kebbi,7.8,Keke (Tricycle),Unpaved,Clear,Medium,Parcel,0,1.0,2.8,Midday,Saturday,True,Strong,32.1
ORD15487,Birnin Kebbi Hub,Kamba,172.9,Truck,Paved,Clear,High,Parcel,2,0.7,4.4,Morning,Monday,False,Weak,456.4
ORD15488,Birnin Kebbi Hub,Kamba,149.1,Motorcycle,Paved,Clear,Low,Documents,4,4.5,4.2,Morning,Saturday,True,Weak,203.5
ORD15489,Birnin Kebbi Hub,Birnin Kebbi,3.1,Motorcycle,Unpaved,Clear,Low,Food,2,2.0,2.4,Midday,Sunday,True,Weak,26.4
ORD15490,Birnin Kebbi Hub,Bunza,43.4,Van,Paved,Harmattan Dust,Low,Parcel,3,1.5,4.1,Midday,Tuesday,False,Strong,81.1
ORD15491,Birnin Kebbi Hub,Aliero,30.8,Keke (Tricycle),Unpaved,Clear,Medium,Parcel,0,27.6,1.0,Afternoon,Monday,False,No Signal,155.2
ORD15492,Birnin Kebbi Hub,Zuru,202.0,Motorcycle,Unpaved,Clear,Low,Parcel,3,4.8,5.3,Evening,Monday,False,Strong,421.3
ORD15493,Birnin Kebbi Hub,Jega,54.5,Motorcycle,Paved,Rain,Medium,Parcel,0,3.9,3.5,Midday,Thursday,False,Strong,121.7
ORD15494,Birnin Kebbi Hub,Aliero,29.9,Van,Paved,Clear,Medium,Food,3,3.8,3.1,Afternoon,Friday,False,Strong,82.4
ORD15495,Birnin Kebbi Hub,Argungu,57.6,Keke (Tricycle),Unpaved,Clear,High,Bulk Goods,2,22.1,0.5,Morning,Wednesday,False,Strong,360.4
ORD15496,Birnin Kebbi Hub,Bunza,41.8,Motorcycle,Paved,Clear,Low,Food,0,2.0,1.4,Morning,Sunday,True,Strong,66.1
ORD15497,Birnin Kebbi Hub,Birnin Kebbi,5.5,Keke (Tricycle),Paved,Rain,Medium,Parcel,0,4.7,0.7,Midday,Thursday,False,Weak,37.0
ORD15498,Birnin Kebbi Hub,Birnin Kebbi,2.5,Keke (Tricycle),Paved,Clear,High,Food,0,3.7,0.6,Midday,Saturday,True,Strong,18.6
ORD15499,Birnin Kebbi Hub,Aliero,34.1,Motorcycle,Paved,Clear,Medium,Food,1,3.4,1.9,Morning,Thursday,False,Weak,65.0
ORD15500,Birnin Kebbi Hub,Bunza,39.7,Keke (Tricycle),Paved,Clear,Medium,Food,0,1.7,0.6,Morning,Thursday,False,Weak,94.1
ORD15501,Birnin Kebbi Hub,Yauri,155.0,Van,Unpaved,Harmattan Dust,Medium,Food,1,4.6,1.5,Midday,Thursday,False,Weak,456.7
ORD15502,Birnin Kebbi Hub,Yauri,174.5,Motorcycle,Paved,Clear,Low,Parcel,4,1.7,1.9,Morning,Thursday,False,Strong,215.1
ORD15503,Birnin Kebbi Hub,Bunza,42.1,Motorcycle,Paved,Rain,Low,Bulk Goods,1,21.2,2.6,Morning,Sunday,True,Weak,110.7
ORD15504,Birnin Kebbi Hub,Birnin Kebbi,5.6,Motorcycle,Paved,Clear,Low,Documents,0,0.8,2.2,Morning,Monday,False,Strong,17.9
ORD15505,Birnin Kebbi Hub,Birnin Kebbi,4.2,Keke (Tricycle),Unpaved,Harmattan Dust,Medium,Food,0,11.5,5.5,Morning,Sunday,True,Strong,35.5
ORD15506,Birnin Kebbi Hub,Bunza,32.9,Motorcycle,Paved,Clear,High,Documents,0,0.2,2.5,Afternoon,Friday,False,Weak,77.7
ORD15507,Birnin Kebbi Hub,Birnin Kebbi,8.0,Motorcycle,Paved,Harmattan Dust,Medium,Documents,2,1.5,2.0,Midday,Monday,False,Strong,25.7
ORD15508,Birnin Kebbi Hub,Argungu,65.3,Keke (Tricycle),Paved,Clear,Low,Parcel,4,14.6,0.6,Morning,Thursday,False,Strong,159.7
ORD15509,Birnin Kebbi Hub,Argungu,68.8,Motorcycle,Unpaved,Clear,Low,Food,0,21.5,4.8,Evening,Sunday,True,Weak,158.0
ORD15510,Birnin Kebbi Hub,Aliero,34.3,Motorcycle,Unpaved,Harmattan Dust,Medium,Bulk Goods,0,24.1,3.0,Afternoon,Sunday,True,Weak,135.9
ORD15511,Birnin Kebbi Hub,Jega,48.9,Keke (Tricycle),Unpaved,Clear,Low,Parcel,3,3.4,2.4,Evening,Thursday,False,Weak,183.3
ORD15512,Birnin Kebbi Hub,Jega,56.3,Van,Paved,Clear,Low,Parcel,2,0.2,3.7,Evening,Sunday,True,Weak,87.4
ORD15513,Birnin Kebbi Hub,Bunza,51.6,Motorcycle,Paved,Clear,High,Bulk Goods,1,39.1,1.3,Afternoon,Wednesday,False,Weak,148.1
ORD15514,Birnin Kebbi Hub,Birnin Kebbi,5.5,Motorcycle,Paved,Harmattan Dust,High,Documents,3,0.4,4.2,Evening,Thursday,False,No Signal,33.8
ORD15515,Birnin Kebbi Hub,Birnin Kebbi,8.6,Motorcycle,Paved,Clear,Low,Documents,3,0.2,2.6,Afternoon,Thursday,False,Strong,26.4
ORD15516,Birnin Kebbi Hub,Birnin Kebbi,3.9,Van,Paved,Clear,Low,Bulk Goods,1,36.8,1.0,Evening,Tuesday,False,Strong,31.3
ORD15517,Birnin Kebbi Hub,Zuru,182.1,Keke (Tricycle),Unpaved,Rain,Medium,Parcel,0,1.9,0.6,Afternoon,Monday,False,Weak,1111.9
ORD15518,Birnin Kebbi Hub,Jega,52.5,Van,Unpaved,Clear,High,Food,0,8.9,4.2,Evening,Sunday,True,Strong,172.9
ORD15519,Birnin Kebbi Hub,Argungu,73.4,Motorcycle,Unpaved,Clear,Low,Food,2,1.0,1.7,Afternoon,Saturday,True,Weak,171.6
ORD15520,Birnin Kebbi Hub,Bunza,45.2,Van,Paved,Clear,Low,Parcel,0,0.2,1.1,Evening,Friday,False,Strong,56.5
ORD15521,Birnin Kebbi Hub,Birnin Kebbi,5.9,Van,Paved,Clear,Low,Parcel,0,0.2,1.2,Midday,Thursday,False,Strong,12.8
ORD15522,Birnin Kebbi Hub,Birnin Kebbi,4.3,Motorcycle,Paved,Rain,Low,Food,1,16.4,0.7,Evening,Wednesday,False,Strong,36.3
ORD15523,Birnin Kebbi Hub,Zuru,193.7,Motorcycle,Paved,Clear,Medium,Parcel,0,3.1,2.1,Evening,Friday,False,Weak,278.9
ORD15524,Birnin Kebbi Hub,Jega,54.7,Keke (Tricycle),Paved,Clear,High,Documents,0,2.3,0.9,Morning,Monday,False,Weak,188.6
ORD15525,Birnin Kebbi Hub,Bunza,48.1,Motorcycle,Unpaved,Clear,High,Parcel,0,0.7,1.9,Afternoon,Monday,False,Weak,192.2
ORD15526,Birnin Kebbi Hub,Zuru,160.3,Motorcycle,Paved,Harmattan Dust,High,Documents,2,4.8,0.3,Evening,Tuesday,False,Strong,413.3
ORD15527,Birnin Kebbi Hub,Birnin Kebbi,7.5,Motorcycle,Paved,Clear,Low,Food,0,0.5,3.5,Midday,Thursday,False,Strong,12.5
ORD15528,Birnin Kebbi Hub,Birnin Kebbi,3.5,Keke (Tricycle),Paved,Harmattan Dust,Low,Parcel,0,0.2,3.2,Afternoon,Tuesday,False,Strong,20.5
ORD15529,Birnin Kebbi Hub,Kamba,131.3,Motorcycle,Paved,Harmattan Dust,Medium,Bulk Goods,3,46.7,1.9,Morning,Wednesday,False,Strong,275.4
ORD15530,Birnin Kebbi Hub,Birnin Kebbi,6.4,Keke (Tricycle),Paved,Clear,Medium,Parcel,1,3.1,2.3,Morning,Thursday,False,No Signal,47.0
ORD15531,Birnin Kebbi Hub,Jega,52.2,Motorcycle,Unpaved,Clear,High,Food,0,0.2,1.9,Midday,Friday,False,Strong,197.5
ORD15532,Birnin Kebbi Hub,Birnin Kebbi,3.5,Keke (Tricycle),Paved,Harmattan Dust,High,Parcel,3,2.6,4.1,Morning,Saturday,True,Weak,48.8
ORD15533,Birnin Kebbi Hub,Birnin Kebbi,2.8,Motorcycle,Paved,Clear,Low,Bulk Goods,1,37.6,0.6,Morning,Thursday,False,No Signal,59.2
ORD15534,Birnin Kebbi Hub,Jega,56.2,Motorcycle,Unpaved,Harmattan Dust,Low,Food,1,4.3,1.5,Morning,Thursday,False,Weak,170.0
ORD15535,Birnin Kebbi Hub,Birnin Kebbi,8.7,Keke (Tricycle),Paved,Clear,Low,Food,2,2.3,1.1,Morning,Friday,False,Strong,40.0
ORD15536,Birnin Kebbi Hub,Birnin Kebbi,3.9,Motorcycle,Unpaved,Clear,Low,Parcel,0,2.6,4.6,Morning,Tuesday,False,Weak,30.0
ORD15537,Birnin Kebbi Hub,Yauri,163.5,Keke (Tricycle),Unpaved,Rain,Low,Bulk Goods,0,27.9,1.9,Morning,Tuesday,False,Weak,822.6
ORD15538,Birnin Kebbi Hub,Birnin Kebbi,4.9,Motorcycle,Paved,Rain,Low,Bulk Goods,2,26.5,4.9,Midday,Thursday,False,Strong,34.8
ORD15539,Birnin Kebbi Hub,Birnin Kebbi,7.4,Motorcycle,Paved,Clear,Low,Documents,0,7.9,0.5,Morning,Monday,False,Weak,44.8
ORD15540,Birnin Kebbi Hub,Bunza,51.0,Motorcycle,Unpaved,Clear,Low,Food,0,0.9,7.1,Evening,Saturday,True,Weak,112.6
ORD15541,Birnin Kebbi Hub,Zuru,183.9,Motorcycle,Paved,Clear,Low,Food,1,7.8,1.8,Midday,Monday,False,Weak,221.1
ORD15542,Birnin Kebbi Hub,Argungu,68.2,Motorcycle,Unpaved,Clear,Low,Parcel,0,5.1,3.5,Evening,Friday,False,Strong,137.5
ORD15543,Birnin Kebbi Hub,Zuru,198.0,Motorcycle,Unpaved,Clear,Low,Parcel,0,2.4,6.8,Afternoon,Tuesday,False,Strong,399.9
ORD15544,Birnin Kebbi Hub,Bunza,42.2,Keke (Tricycle),Paved,Clear,Medium,Documents,2,7.2,1.3,Evening,Wednesday,False,No Signal,116.5
ORD15545,Birnin Kebbi Hub,Bunza,49.9,Keke (Tricycle),Unpaved,Clear,Low,Parcel,0,14.6,1.9,Evening,Saturday,True,Strong,172.6
ORD15546,Birnin Kebbi Hub,Birnin Kebbi,5.0,Keke (Tricycle),Paved,Rain,Low,Parcel,0,0.9,6.7,Midday,Friday,False,No Signal,19.1
ORD15547,Birnin Kebbi Hub,Jega,49.3,Keke (Tricycle),Paved,Clear,Low,Bulk Goods,0,27.3,5.0,Evening,Friday,False,Strong,113.6
ORD15548,Birnin Kebbi Hub,Bunza,46.4,Van,Paved,Harmattan Dust,Medium,Documents,0,14.7,1.9,Evening,Monday,False,Weak,81.3
ORD15549,Birnin Kebbi Hub,Birnin Kebbi,6.4,Van,Unpaved,Rain,Low,Bulk Goods,2,31.7,1.0,Morning,Friday,False,Strong,55.4
ORD15550,Birnin Kebbi Hub,Birnin Kebbi,3.5,Motorcycle,Paved,Clear,Low,Food,0,0.5,6.2,Morning,Saturday,True,Strong,18.5
ORD15551,Birnin Kebbi Hub,Yauri,108.6,Motorcycle,Paved,Clear,High,Parcel,0,1.9,4.4,Midday,Friday,False,Strong,223.2
ORD15552,Birnin Kebbi Hub,Jega,52.4,Truck,Unpaved,Clear,Medium,Bulk Goods,0,37.4,0.4,Afternoon,Saturday,True,Weak,186.2
ORD15553,Birnin Kebbi Hub,Kamba,140.8,Motorcycle,Unpaved,Clear,High,Parcel,2,0.3,1.2,Evening,Wednesday,False,Weak,512.4
ORD15554,Birnin Kebbi Hub,Kamba,141.0,Motorcycle,Paved,Clear,Low,Food,1,2.2,2.3,Morning,Wednesday,False,Weak,167.2
ORD15555,Birnin Kebbi Hub,Bunza,46.2,Motorcycle,Unpaved,Clear,High,Food,0,2.4,1.5,Afternoon,Wednesday,False,Strong,180.8
ORD15556,Birnin Kebbi Hub,Birnin Kebbi,6.3,Motorcycle,Paved,Clear,Medium,Food,0,4.3,2.8,Evening,Tuesday,False,Weak,21.9
ORD15557,Birnin Kebbi Hub,Argungu,69.5,Van,Unpaved,Clear,Low,Documents,2,3.5,1.2,Morning,Sunday,True,No Signal,161.7
ORD15558,Birnin Kebbi Hub,Zuru,195.5,Motorcycle,Paved,Clear,Low,Documents,2,2.6,0.7,Midday,Monday,False,Weak,229.5
ORD15559,Birnin Kebbi Hub,Argungu,61.3,Keke (Tricycle),Paved,Harmattan Dust,Medium,Parcel,2,4.4,4.4,Morning,Tuesday,False,Weak,197.2
ORD15560,Birnin Kebbi Hub,Jega,50.3,Motorcycle,Paved,Harmattan Dust,High,Food,0,3.2,0.9,Midday,Friday,False,Strong,129.8
ORD15561,Birnin Kebbi Hub,Birnin Kebbi,4.5,Motorcycle,Paved,Rain,Low,Parcel,4,3.5,1.8,Evening,Friday,False,Weak,43.9
ORD15562,Birnin Kebbi Hub,Argungu,58.7,Motorcycle,Unpaved,Harmattan Dust,Low,Food,1,5.5,2.5,Morning,Tuesday,False,Strong,166.8
ORD15563,Birnin Kebbi Hub,Argungu,82.3,Motorcycle,Paved,Rain,High,Parcel,2,6.8,2.1,Evening,Thursday,False,Strong,274.9
ORD15564,Birnin Kebbi Hub,Birnin Kebbi,9.0,Motorcycle,Paved,Harmattan Dust,Low,Parcel,1,2.7,2.2,Evening,Monday,False,Strong,28.1
ORD15565,Birnin Kebbi Hub,Argungu,78.6,Van,Paved,Harmattan Dust,Medium,Bulk Goods,0,35.6,0.4,Morning,Saturday,True,Weak,161.4
ORD15566,Birnin Kebbi Hub,Argungu,49.6,Keke (Tricycle),Paved,Harmattan Dust,High,Parcel,0,0.2,1.7,Afternoon,Tuesday,False,Strong,208.9
ORD15567,Birnin Kebbi Hub,Aliero,44.1,Motorcycle,Paved,Rain,Low,Parcel,0,0.8,2.2,Morning,Tuesday,False,Strong,98.8
ORD15568,Birnin Kebbi Hub,Bunza,45.0,Motorcycle,Paved,Clear,Medium,Food,1,2.8,2.4,Afternoon,Friday,False,Strong,79.3
ORD15569,Birnin Kebbi Hub,Bunza,51.7,Van,Unpaved,Harmattan Dust,High,Food,0,12.5,3.3,Morning,Sunday,True,Weak,238.8
ORD15570,Birnin Kebbi Hub,Zuru,176.2,Motorcycle,Unpaved,Clear,Low,Documents,2,6.8,1.8,Afternoon,Tuesday,False,No Signal,390.4
ORD15571,Birnin Kebbi Hub,Argungu,66.9,Keke (Tricycle),Unpaved,Clear,Low,Parcel,0,0.5,1.6,Morning,Saturday,True,Weak,235.2
ORD15572,Birnin Kebbi Hub,Birnin Kebbi,7.5,Motorcycle,Paved,Clear,High,Bulk Goods,0,30.3,0.8,Evening,Monday,False,Weak,49.4
ORD15573,Birnin Kebbi Hub,Yauri,176.8,Keke (Tricycle),Paved,Rain,High,Bulk Goods,2,29.8,1.2,Midday,Monday,False,Strong,883.5
ORD15574,Birnin Kebbi Hub,Birnin Kebbi,10.0,Motorcycle,Paved,Clear,Low,Documents,0,1.1,3.4,Midday,Tuesday,False,Weak,18.0
ORD15575,Birnin Kebbi Hub,Kamba,141.8,Keke (Tricycle),Unpaved,Harmattan Dust,Medium,Bulk Goods,0,43.0,0.4,Morning,Saturday,True,Weak,745.5
ORD15576,Birnin Kebbi Hub,Jega,46.4,Motorcycle,Paved,Clear,High,Parcel,1,2.1,0.9,Morning,Thursday,False,Strong,120.1
ORD15577,Birnin Kebbi Hub,Birnin Kebbi,7.5,Keke (Tricycle),Paved,Clear,Medium,Bulk Goods,3,20.3,2.9,Evening,Tuesday,False,Weak,58.9
ORD15578,Birnin Kebbi Hub,Birnin Kebbi,8.7,Keke (Tricycle),Paved,Harmattan Dust,Medium,Documents,1,3.3,4.8,Midday,Wednesday,False,Weak,43.3
ORD15579,Birnin Kebbi Hub,Birnin Kebbi,3.7,Motorcycle,Paved,Rain,Low,Parcel,0,3.5,2.1,Morning,Wednesday,False,Weak,20.0
ORD15580,Birnin Kebbi Hub,Birnin Kebbi,6.7,Truck,Paved,Clear,High,Documents,2,10.3,1.4,Evening,Friday,False,Weak,48.4
ORD15581,Birnin Kebbi Hub,Jega,62.2,Van,Paved,Clear,Low,Documents,0,2.5,6.5,Morning,Sunday,True,No Signal,76.6
ORD15582,Birnin Kebbi Hub,Birnin Kebbi,1.5,Van,Paved,Clear,Low,Food,2,2.1,0.6,Midday,Friday,False,Weak,15.5
ORD15583,Birnin Kebbi Hub,Birnin Kebbi,6.8,Motorcycle,Paved,Clear,High,Bulk Goods,2,23.8,2.5,Morning,Sunday,True,Weak,50.4
ORD15584,Birnin Kebbi Hub,Birnin Kebbi,7.4,Motorcycle,Paved,Harmattan Dust,Low,Parcel,4,9.3,4.6,Afternoon,Friday,False,Weak,34.7
ORD15585,Birnin Kebbi Hub,Argungu,53.5,Keke (Tricycle),Unpaved,Rain,Low,Documents,0,14.2,1.0,Morning,Tuesday,False,Strong,279.5
ORD15586,Birnin Kebbi Hub,Birnin Kebbi,6.6,Motorcycle,Paved,Clear,High,Parcel,0,1.0,0.4,Evening,Friday,False,Strong,34.7
ORD15587,Birnin Kebbi Hub,Jega,49.5,Motorcycle,Unpaved,Clear,Low,Bulk Goods,1,23.1,1.2,Midday,Wednesday,False,Strong,119.5
ORD15588,Birnin Kebbi Hub,Aliero,37.7,Keke (Tricycle),Unpaved,Clear,Low,Documents,2,1.3,1.4,Morning,Tuesday,False,No Signal,149.7
ORD15589,Birnin Kebbi Hub,Argungu,75.2,Motorcycle,Paved,Clear,Low,Parcel,1,1.7,0.3,Morning,Thursday,False,Strong,102.1
ORD15590,Birnin Kebbi Hub,Bunza,42.3,Motorcycle,Paved,Rain,High,Bulk Goods,2,18.6,4.1,Morning,Thursday,False,Strong,163.1
ORD15591,Birnin Kebbi Hub,Yauri,127.4,Keke (Tricycle),Unpaved,Rain,Medium,Bulk Goods,0,36.6,2.3,Midday,Saturday,True,No Signal,792.9
ORD15592,Birnin Kebbi Hub,Birnin Kebbi,8.1,Truck,Paved,Clear,High,Parcel,0,5.0,6.7,Morning,Friday,False,Weak,32.1
ORD15593,Birnin Kebbi Hub,Bunza,43.5,Keke (Tricycle),Unpaved,Harmattan Dust,Medium,Food,2,2.1,3.1,Evening,Thursday,False,Strong,243.3
ORD15594,Birnin Kebbi Hub,Argungu,69.3,Keke (Tricycle),Paved,Clear,Medium,Parcel,2,2.4,5.8,Morning,Friday,False,Strong,175.3
ORD15595,Birnin Kebbi Hub,Bunza,38.1,Van,Unpaved,Clear,Medium,Parcel,2,1.9,5.2,Midday,Wednesday,False,Weak,120.9
ORD15596,Birnin Kebbi Hub,Argungu,63.9,Keke (Tricycle),Paved,Rain,Low,Documents,1,6.5,0.1,Morning,Wednesday,False,Strong,196.2
ORD15597,Birnin Kebbi Hub,Aliero,27.4,Motorcycle,Paved,Harmattan Dust,Low,Parcel,1,0.5,1.1,Morning,Wednesday,False,Strong,58.3
ORD15598,Birnin Kebbi Hub,Zuru,196.8,Motorcycle,Unpaved,Rain,Low,Parcel,0,2.7,0.5,Afternoon,Saturday,True,Weak,623.6
ORD15599,Birnin Kebbi Hub,Birnin Kebbi,3.5,Truck,Paved,Clear,Medium,Parcel,2,6.9,4.9,Evening,Wednesday,False,No Signal,44.6
ORD15600,Birnin Kebbi Hub,Jega,62.2,Van,Paved,Rain,Low,Bulk Goods,0,41.5,1.2,Morning,Thursday,False,Weak,119.9
ORD15601,Birnin Kebbi Hub,Jega,60.4,Van,Paved,Harmattan Dust,Medium,Parcel,0,3.6,2.2,Evening,Monday,False,No Signal,97.5
ORD15602,Birnin Kebbi Hub,Birnin Kebbi,3.4,Motorcycle,Paved,Rain,Medium,Bulk Goods,0,29.2,5.1,Midday,Sunday,True,No Signal,43.3
ORD15603,Birnin Kebbi Hub,Zuru,218.1,Motorcycle,Paved,Rain,Low,Food,2,2.1,3.6,Morning,Sunday,True,Weak,403.9
ORD15604,Birnin Kebbi Hub,Jega,48.6,Motorcycle,Paved,Clear,High,Parcel,0,9.0,1.7,Midday,Friday,False,Strong,105.2
ORD15605,Birnin Kebbi Hub,Bunza,42.9,Motorcycle,Paved,Clear,Medium,Food,1,3.6,0.5,Evening,Monday,False,Strong,75.2
ORD15606,Birnin Kebbi Hub,Yauri,176.7,Motorcycle,Unpaved,Clear,Medium,Food,1,2.0,1.1,Afternoon,Monday,False,Strong,462.0
ORD15607,Birnin Kebbi Hub,Jega,57.0,Keke (Tricycle),Unpaved,Harmattan Dust,Medium,Food,1,27.6,3.2,Evening,Tuesday,False,Strong,297.7
ORD15608,Birnin Kebbi Hub,Jega,62.2,Motorcycle,Unpaved,Clear,Low,Food,2,1.5,0.6,Midday,Thursday,False,Weak,148.1
ORD15609,Birnin Kebbi Hub,Zuru,209.8,Van,Unpaved,Clear,Medium,Parcel,0,5.3,2.8,Evening,Thursday,False,Weak,485.4
ORD15610,Birnin Kebbi Hub,Bunza,46.2,Van,Paved,Harmattan Dust,Medium,Food,0,0.7,1.3,Midday,Wednesday,False,Strong,89.5
ORD15611,Birnin Kebbi Hub,Birnin Kebbi,4.1,Van,Paved,Clear,Low,Parcel,0,12.0,1.4,Morning,Saturday,True,Strong,17.3
ORD15612,Birnin Kebbi Hub,Argungu,60.2,Keke (Tricycle),Unpaved,Clear,Low,Food,1,5.2,2.0,Afternoon,Tuesday,False,Weak,223.0
ORD15613,Birnin Kebbi Hub,Bunza,49.2,Truck,Unpaved,Clear,Low,Food,0,2.9,0.8,Morning,Sunday,True,Strong,138.3
ORD15614,Birnin Kebbi Hub,Aliero,32.0,Motorcycle,Paved,Clear,Low,Parcel,0,4.8,1.5,Morning,Thursday,False,No Signal,58.8
ORD15615,Birnin Kebbi Hub,Birnin Kebbi,5.8,Keke (Tricycle),Paved,Clear,High,Documents,0,4.5,1.8,Midday,Friday,False,No Signal,24.9
ORD15616,Birnin Kebbi Hub,Argungu,65.9,Keke (Tricycle),Paved,Clear,Medium,Food,0,2.7,7.1,Morning,Saturday,True,Weak,158.7
ORD15617,Birnin Kebbi Hub,Bunza,44.4,Van,Paved,Harmattan Dust,Low,Food,2,10.0,8.3,Morning,Saturday,True,Weak,85.6
ORD15618,Birnin Kebbi Hub,Birnin Kebbi,1.5,Van,Paved,Clear,Low,Bulk Goods,0,29.6,1.3,Morning,Thursday,False,Strong,18.5
ORD15619,Birnin Kebbi Hub,Argungu,73.4,Motorcycle,Unpaved,Harmattan Dust,Low,Bulk Goods,0,37.0,2.4,Afternoon,Sunday,True,Weak,224.7
ORD15620,Birnin Kebbi Hub,Birnin Kebbi,2.8,Keke (Tricycle),Unpaved,Clear,Low,Parcel,0,1.6,2.1,Midday,Wednesday,False,Strong,13.1
ORD15621,Birnin Kebbi Hub,Zuru,160.2,Truck,Paved,Rain,Low,Parcel,3,2.2,2.6,Midday,Saturday,True,No Signal,389.3
ORD15622,Birnin Kebbi Hub,Bunza,48.3,Keke (Tricycle),Paved,Clear,Low,Bulk Goods,0,24.7,1.4,Afternoon,Tuesday,False,No Signal,125.6
ORD15623,Birnin Kebbi Hub,Jega,55.0,Truck,Paved,Clear,Medium,Bulk Goods,2,18.7,3.7,Morning,Wednesday,False,Weak,133.1
ORD15624,Birnin Kebbi Hub,Birnin Kebbi,6.7,Van,Paved,Clear,Low,Parcel,1,6.0,2.2,Evening,Wednesday,False,Weak,33.6
ORD15625,Birnin Kebbi Hub,Birnin Kebbi,6.4,Motorcycle,Unpaved,Harmattan Dust,High,Bulk Goods,0,48.0,3.2,Afternoon,Thursday,False,Strong,70.8
ORD15626,Birnin Kebbi Hub,Bunza,48.6,Keke (Tricycle),Paved,Rain,High,Parcel,3,4.3,1.8,Midday,Wednesday,False,Weak,268.9
ORD15627,Birnin Kebbi Hub,Argungu,46.0,Keke (Tricycle),Paved,Clear,High,Parcel,1,3.9,1.3,Midday,Tuesday,False,No Signal,178.1
ORD15628,Birnin Kebbi Hub,Jega,58.4,Motorcycle,Paved,Clear,Low,Documents,0,0.8,6.1,Evening,Tuesday,False,Strong,68.0
ORD15629,Birnin Kebbi Hub,Kamba,146.0,Motorcycle,Unpaved,Clear,Low,Food,0,2.6,1.5,Evening,Wednesday,False,Weak,309.2
ORD15630,Birnin Kebbi Hub,Birnin Kebbi,7.3,Keke (Tricycle),Paved,Clear,Low,Documents,1,2.2,2.1,Morning,Sunday,True,Strong,40.2
ORD15631,Birnin Kebbi Hub,Birnin Kebbi,10.5,Motorcycle,Paved,Clear,High,Documents,0,2.3,0.5,Midday,Thursday,False,No Signal,29.3
ORD15632,Birnin Kebbi Hub,Argungu,65.5,Van,Paved,Clear,Low,Parcel,0,6.8,9.2,Evening,Friday,False,Weak,73.6
ORD15633,Birnin Kebbi Hub,Argungu,61.6,Truck,Unpaved,Clear,Low,Bulk Goods,3,29.4,1.5,Midday,Tuesday,False,No Signal,209.8
ORD15634,Birnin Kebbi Hub,Kamba,145.8,Keke (Tricycle),Paved,Clear,Low,Documents,0,8.8,1.0,Evening,Saturday,True,Weak,267.1
ORD15635,Birnin Kebbi Hub,Birnin Kebbi,6.5,Motorcycle,Paved,Harmattan Dust,High,Food,1,9.4,0.4,Evening,Friday,False,Weak,32.0
ORD15636,Birnin Kebbi Hub,Jega,58.2,Keke (Tricycle),Unpaved,Harmattan Dust,Medium,Parcel,1,7.7,1.8,Morning,Thursday,False,Weak,312.5
ORD15637,Birnin Kebbi Hub,Bunza,43.1,Truck,Paved,Clear,Low,Parcel,4,0.5,5.6,Evening,Thursday,False,Strong,115.3
ORD15638,Birnin Kebbi Hub,Yauri,143.0,Keke (Tricycle),Paved,Rain,High,Food,0,4.3,0.5,Evening,Wednesday,False,Weak,696.7
ORD15639,Birnin Kebbi Hub,Bunza,33.5,Motorcycle,Unpaved,Rain,Low,Parcel,0,3.5,2.5,Morning,Thursday,False,Weak,117.0
ORD15640,Birnin Kebbi Hub,Zuru,215.4,Van,Unpaved,Clear,Low,Parcel,0,4.8,0.3,Morning,Monday,False,Strong,410.7
ORD15641,Birnin Kebbi Hub,Bunza,40.5,Keke (Tricycle),Unpaved,Rain,High,Parcel,0,3.4,8.0,Midday,Saturday,True,Weak,318.6
ORD15642,Birnin Kebbi Hub,Zuru,138.5,Keke (Tricycle),Unpaved,Clear,Medium,Parcel,0,1.7,2.1,Morning,Wednesday,False,Strong,549.6
ORD15643,Birnin Kebbi Hub,Jega,49.6,Motorcycle,Paved,Rain,Low,Documents,0,4.0,4.7,Midday,Wednesday,False,Strong,97.1
ORD15644,Birnin Kebbi Hub,Jega,53.9,Keke (Tricycle),Paved,Rain,Low,Documents,1,6.7,4.4,Morning,Saturday,True,Weak,173.9
ORD15645,Birnin Kebbi Hub,Bunza,47.6,Keke (Tricycle),Paved,Harmattan Dust,Low,Parcel,1,1.0,0.4,Midday,Tuesday,False,Strong,118.4
ORD15646,Birnin Kebbi Hub,Bunza,48.6,Motorcycle,Paved,Clear,Medium,Parcel,2,6.9,0.3,Evening,Sunday,True,Strong,88.3
ORD15647,Birnin Kebbi Hub,Argungu,61.6,Keke (Tricycle),Paved,Clear,High,Parcel,3,1.2,1.3,Evening,Friday,False,Weak,224.3
ORD15648,Birnin Kebbi Hub,Birnin Kebbi,7.2,Van,Paved,Clear,Low,Parcel,1,4.6,1.3,Midday,Thursday,False,Weak,27.9
ORD15649,Birnin Kebbi Hub,Aliero,41.5,Van,Unpaved,Clear,High,Documents,2,6.7,2.1,Midday,Wednesday,False,No Signal,160.7
ORD15650,Birnin Kebbi Hub,Argungu,73.7,Keke (Tricycle),Unpaved,Clear,Medium,Documents,0,0.3,2.4,Morning,Sunday,True,Weak,309.1
ORD15651,Birnin Kebbi Hub,Birnin Kebbi,5.4,Motorcycle,Paved,Clear,Medium,Parcel,1,4.6,1.0,Morning,Sunday,True,Strong,31.7
ORD15652,Birnin Kebbi Hub,Bunza,46.2,Keke (Tricycle),Paved,Clear,Low,Parcel,1,3.0,3.6,Midday,Thursday,False,Strong,84.4
ORD15653,Birnin Kebbi Hub,Zuru,137.8,Keke (Tricycle),Unpaved,Clear,Low,Bulk Goods,0,11.1,2.4,Afternoon,Wednesday,False,Strong,451.9
ORD15654,Birnin Kebbi Hub,Argungu,69.9,Motorcycle,Paved,Harmattan Dust,Low,Parcel,0,11.5,0.4,Midday,Sunday,True,Weak,123.1
ORD15655,Birnin Kebbi Hub,Birnin Kebbi,7.7,Motorcycle,Paved,Clear,Medium,Parcel,0,6.8,4.1,Afternoon,Monday,False,Weak,29.2
ORD15656,Birnin Kebbi Hub,Bunza,39.1,Van,Paved,Clear,Low,Documents,0,0.6,2.2,Afternoon,Sunday,True,Strong,52.8
ORD15657,Birnin Kebbi Hub,Birnin Kebbi,6.2,Keke (Tricycle),Paved,Clear,Low,Bulk Goods,0,37.8,1.1,Morning,Tuesday,False,No Signal,59.3
ORD15658,Birnin Kebbi Hub,Argungu,67.4,Motorcycle,Unpaved,Clear,Low,Parcel,1,3.7,9.0,Afternoon,Friday,False,Strong,144.0
ORD15659,Birnin Kebbi Hub,Birnin Kebbi,9.0,Motorcycle,Paved,Clear,High,Parcel,1,3.9,1.5,Midday,Wednesday,False,Strong,29.9
ORD15660,Birnin Kebbi Hub,Birnin Kebbi,5.3,Keke (Tricycle),Paved,Clear,Low,Documents,0,4.1,2.6,Morning,Wednesday,False,Weak,25.1
ORD15661,Birnin Kebbi Hub,Bunza,45.0,Motorcycle,Paved,Clear,High,Bulk Goods,1,14.3,0.9,Evening,Saturday,True,Weak,127.3
ORD15662,Birnin Kebbi Hub,Birnin Kebbi,6.0,Van,Unpaved,Clear,Low,Bulk Goods,0,26.2,2.9,Afternoon,Friday,False,Weak,32.8
ORD15663,Birnin Kebbi Hub,Argungu,71.3,Van,Unpaved,Clear,Medium,Parcel,0,3.4,0.7,Afternoon,Monday,False,Strong,178.7
ORD15664,Birnin Kebbi Hub,Zuru,175.2,Keke (Tricycle),Paved,Rain,Medium,Parcel,0,10.3,2.4,Midday,Saturday,True,Weak,592.8
ORD15665,Birnin Kebbi Hub,Bunza,50.7,Motorcycle,Unpaved,Rain,Medium,Bulk Goods,0,38.6,3.9,Morning,Thursday,False,Strong,239.6
ORD15666,Birnin Kebbi Hub,Kamba,140.5,Motorcycle,Unpaved,Rain,Low,Parcel,0,2.7,1.7,Morning,Monday,False,Weak,448.7
ORD15667,Birnin Kebbi Hub,Birnin Kebbi,7.2,Motorcycle,Paved,Clear,Low,Food,1,2.6,2.6,Morning,Saturday,True,Strong,24.8
ORD15668,Birnin Kebbi Hub,Argungu,66.4,Motorcycle,Paved,Harmattan Dust,Low,Documents,0,1.1,2.9,Midday,Sunday,True,Strong,109.3
ORD15669,Birnin Kebbi Hub,Zuru,177.8,Keke (Tricycle),Paved,Rain,Medium,Parcel,1,9.7,1.5,Midday,Friday,False,Weak,605.4
ORD15670,Birnin Kebbi Hub,Birnin Kebbi,3.4,Van,Paved,Rain,Medium,Documents,1,1.5,0.9,Afternoon,Thursday,False,Weak,31.4
ORD15671,Birnin Kebbi Hub,Aliero,29.2,Motorcycle,Unpaved,Clear,Medium,Food,3,1.0,2.2,Midday,Tuesday,False,No Signal,100.7
ORD15672,Birnin Kebbi Hub,Bunza,45.0,Keke (Tricycle),Unpaved,Clear,Low,Bulk Goods,2,39.2,3.1,Evening,Friday,False,No Signal,186.4
ORD15673,Birnin Kebbi Hub,Birnin Kebbi,4.9,Motorcycle,Paved,Clear,Medium,Documents,0,1.5,0.8,Morning,Tuesday,False,Strong,34.4
ORD15674,Birnin Kebbi Hub,Birnin Kebbi,10.3,Keke (Tricycle),Paved,Clear,Low,Parcel,1,5.2,2.9,Evening,Monday,False,Strong,24.5
ORD15675,Birnin Kebbi Hub,Birnin Kebbi,4.1,Keke (Tricycle),Paved,Rain,Low,Parcel,1,0.2,1.5,Evening,Thursday,False,Weak,23.2
ORD15676,Birnin Kebbi Hub,Jega,44.6,Van,Unpaved,Harmattan Dust,Medium,Bulk Goods,0,27.7,1.2,Morning,Thursday,False,No Signal,166.5
ORD15677,Birnin Kebbi Hub,Bunza,52.0,Keke (Tricycle),Paved,Harmattan Dust,Medium,Bulk Goods,3,20.1,2.0,Morning,Sunday,True,Weak,187.3
ORD15678,Birnin Kebbi Hub,Bunza,46.4,Motorcycle,Paved,Clear,Low,Bulk Goods,0,13.9,3.3,Midday,Monday,False,Strong,71.0
ORD15679,Birnin Kebbi Hub,Kamba,119.6,Keke (Tricycle),Unpaved,Clear,Low,Parcel,0,2.2,1.6,Evening,Thursday,False,Strong,369.5
ORD15680,Birnin Kebbi Hub,Bunza,44.2,Motorcycle,Unpaved,Rain,High,Documents,0,2.4,0.7,Afternoon,Sunday,True,Weak,272.5
ORD15681,Birnin Kebbi Hub,Argungu,55.1,Motorcycle,Paved,Rain,Medium,Parcel,0,6.1,3.0,Morning,Saturday,True,No Signal,150.3
ORD15682,Birnin Kebbi Hub,Argungu,62.1,Motorcycle,Paved,Rain,Medium,Parcel,0,8.6,0.8,Midday,Wednesday,False,Strong,146.5
ORD15683,Birnin Kebbi Hub,Zuru,227.3,Truck,Unpaved,Clear,Low,Documents,2,0.4,4.4,Evening,Sunday,True,No Signal,597.4
ORD15684,Birnin Kebbi Hub,Yauri,160.0,Motorcycle,Unpaved,Harmattan Dust,Low,Documents,0,7.7,2.5,Morning,Sunday,True,Weak,418.8
ORD15685,Birnin Kebbi Hub,Bunza,35.3,Truck,Paved,Rain,High,Parcel,1,7.9,1.0,Evening,Saturday,True,Strong,159.7
ORD15686,Birnin Kebbi Hub,Bunza,45.5,Motorcycle,Unpaved,Clear,High,Parcel,0,0.8,4.8,Morning,Thursday,False,Weak,162.7
ORD15687,Birnin Kebbi Hub,Bunza,50.1,Keke (Tricycle),Unpaved,Rain,High,Documents,0,7.7,2.5,Midday,Friday,False,No Signal,401.2
ORD15688,Birnin Kebbi Hub,Birnin Kebbi,7.9,Motorcycle,Paved,Clear,High,Parcel,1,5.9,5.6,Afternoon,Saturday,True,Weak,40.9
ORD15689,Birnin Kebbi Hub,Kamba,147.8,Keke (Tricycle),Unpaved,Clear,Low,Food,0,5.2,1.3,Midday,Thursday,False,Strong,481.8
ORD15690,Birnin Kebbi Hub,Birnin Kebbi,8.8,Motorcycle,Paved,Harmattan Dust,Low,Bulk Goods,2,36.2,1.7,Morning,Saturday,True,Weak,60.8
ORD15691,Birnin Kebbi Hub,Zuru,190.5,Motorcycle,Unpaved,Harmattan Dust,Low,Food,0,2.4,8.8,Afternoon,Monday,False,Weak,495.6
ORD15692,Birnin Kebbi Hub,Birnin Kebbi,5.1,Motorcycle,Paved,Clear,High,Food,0,0.2,2.6,Morning,Tuesday,False,Weak,26.2
ORD15693,Birnin Kebbi Hub,Birnin Kebbi,6.8,Motorcycle,Paved,Clear,Medium,Parcel,1,3.3,2.8,Midday,Thursday,False,No Signal,32.0
ORD15694,Birnin Kebbi Hub,Kamba,127.3,Keke (Tricycle),Paved,Clear,Medium,Bulk Goods,4,25.4,4.6,Morning,Friday,False,Strong,319.3
ORD15695,Birnin Kebbi Hub,Jega,61.4,Keke (Tricycle),Paved,Clear,High,Food,1,13.1,0.8,Midday,Tuesday,False,Strong,215.4
ORD15696,Birnin Kebbi Hub,Bunza,34.1,Van,Paved,Clear,Medium,Bulk Goods,1,22.5,1.7,Morning,Sunday,True,No Signal,84.6
ORD15697,Birnin Kebbi Hub,Argungu,64.0,Keke (Tricycle),Unpaved,Rain,High,Food,1,1.7,5.9,Morning,Tuesday,False,Weak,498.9
ORD15698,Birnin Kebbi Hub,Jega,41.8,Motorcycle,Unpaved,Clear,Medium,Parcel,1,7.9,2.7,Morning,Friday,False,Strong,123.1
ORD15699,Birnin Kebbi Hub,Bunza,52.1,Motorcycle,Unpaved,Clear,High,Parcel,2,4.0,3.8,Morning,Wednesday,False,Weak,215.9
ORD15700,Birnin Kebbi Hub,Bunza,43.5,Motorcycle,Paved,Clear,Medium,Bulk Goods,0,15.6,1.5,Midday,Wednesday,False,Weak,81.1
ORD15701,Birnin Kebbi Hub,Birnin Kebbi,8.2,Van,Paved,Clear,Low,Food,3,7.3,7.0,Afternoon,Friday,False,Weak,47.7
ORD15702,Birnin Kebbi Hub,Argungu,60.3,Keke (Tricycle),Paved,Clear,High,Parcel,4,0.7,1.1,Morning,Thursday,False,Strong,230.9
ORD15703,Birnin Kebbi Hub,Kamba,132.8,Truck,Unpaved,Clear,Low,Documents,0,8.0,3.8,Morning,Friday,False,Weak,339.4
ORD15704,Birnin Kebbi Hub,Bunza,46.4,Keke (Tricycle),Paved,Clear,Low,Parcel,4,23.3,2.6,Morning,Tuesday,False,Strong,129.4
ORD15705,Birnin Kebbi Hub,Yauri,173.7,Motorcycle,Unpaved,Clear,High,Parcel,0,0.7,3.9,Morning,Saturday,True,No Signal,648.9
ORD15706,Birnin Kebbi Hub,Birnin Kebbi,1.5,Van,Paved,Clear,Low,Parcel,0,4.0,1.8,Evening,Friday,False,Strong,8.0
ORD15707,Birnin Kebbi Hub,Yauri,161.2,Keke (Tricycle),Unpaved,Clear,Low,Parcel,3,1.9,4.4,Midday,Thursday,False,Weak,535.9
ORD15708,Birnin Kebbi Hub,Argungu,66.9,Motorcycle,Unpaved,Clear,Medium,Parcel,0,13.3,1.0,Morning,Wednesday,False,Strong,182.1
ORD15709,Birnin Kebbi Hub,Yauri,170.4,Motorcycle,Unpaved,Clear,Low,Parcel,2,5.7,2.0,Morning,Friday,False,Weak,361.8
ORD15710,Birnin Kebbi Hub,Bunza,47.5,Motorcycle,Paved,Clear,Low,Parcel,2,1.2,2.9,Afternoon,Saturday,True,No Signal,96.4
ORD15711,Birnin Kebbi Hub,Birnin Kebbi,9.7,Keke (Tricycle),Paved,Harmattan Dust,Medium,Food,0,1.7,4.6,Morning,Tuesday,False,Strong,36.3
ORD15712,Birnin Kebbi Hub,Kamba,161.1,Motorcycle,Paved,Clear,Medium,Food,0,7.6,1.3,Afternoon,Saturday,True,Strong,238.0
ORD15713,Birnin Kebbi Hub,Bunza,43.8,Motorcycle,Paved,Harmattan Dust,Low,Parcel,0,0.3,2.9,Midday,Friday,False,Weak,63.9
ORD15714,Birnin Kebbi Hub,Yauri,125.1,Motorcycle,Unpaved,Clear,Low,Bulk Goods,2,33.9,2.6,Midday,Wednesday,False,Weak,284.1
ORD15715,Birnin Kebbi Hub,Aliero,31.2,Motorcycle,Paved,Rain,High,Bulk Goods,1,33.9,2.9,Midday,Tuesday,False,Weak,125.3
ORD15716,Birnin Kebbi Hub,Aliero,39.3,Motorcycle,Unpaved,Rain,Medium,Food,0,0.9,1.8,Morning,Monday,False,Strong,157.1
ORD15717,Birnin Kebbi Hub,Argungu,67.2,Keke (Tricycle),Unpaved,Clear,High,Food,1,4.2,0.7,Morning,Wednesday,False,Weak,408.4
ORD15718,Birnin Kebbi Hub,Bunza,43.4,Motorcycle,Unpaved,Rain,High,Parcel,1,4.4,1.9,Evening,Monday,False,Weak,255.9
ORD15719,Birnin Kebbi Hub,Jega,49.8,Motorcycle,Unpaved,Harmattan Dust,Medium,Parcel,1,9.1,4.1,Afternoon,Sunday,True,No Signal,192.8
ORD15720,Birnin Kebbi Hub,Zuru,138.4,Motorcycle,Unpaved,Clear,Low,Parcel,3,8.3,1.3,Afternoon,Wednesday,False,No Signal,319.4
ORD15721,Birnin Kebbi Hub,Birnin Kebbi,1.5,Keke (Tricycle),Paved,Clear,Low,Parcel,2,5.9,1.1,Evening,Monday,False,Strong,20.6
ORD15722,Birnin Kebbi Hub,Birnin Kebbi,6.7,Motorcycle,Paved,Clear,High,Food,0,0.2,3.9,Morning,Sunday,True,No Signal,36.5
ORD15723,Birnin Kebbi Hub,Jega,62.6,Motorcycle,Unpaved,Rain,Low,Documents,1,3.4,4.0,Midday,Sunday,True,Weak,210.1
ORD15724,Birnin Kebbi Hub,Birnin Kebbi,10.5,Van,Paved,Harmattan Dust,Medium,Documents,0,0.4,0.6,Evening,Wednesday,False,Strong,25.2
ORD15725,Birnin Kebbi Hub,Zuru,171.8,Motorcycle,Paved,Clear,Low,Documents,0,7.0,1.7,Midday,Tuesday,False,Strong,210.7
ORD15726,Birnin Kebbi Hub,Birnin Kebbi,5.5,Keke (Tricycle),Paved,Clear,High,Food,1,1.0,1.0,Evening,Sunday,True,Weak,41.8
ORD15727,Birnin Kebbi Hub,Yauri,166.6,Motorcycle,Unpaved,Harmattan Dust,Medium,Bulk Goods,1,12.7,3.1,Morning,Friday,False,Strong,532.9
ORD15728,Birnin Kebbi Hub,Birnin Kebbi,6.3,Keke (Tricycle),Paved,Rain,Medium,Food,0,1.0,1.2,Evening,Tuesday,False,No Signal,39.2
ORD15729,Birnin Kebbi Hub,Jega,61.9,Keke (Tricycle),Unpaved,Rain,Low,Documents,0,0.9,2.5,Midday,Friday,False,Strong,306.9
ORD15730,Birnin Kebbi Hub,Yauri,160.4,Keke (Tricycle),Unpaved,Clear,Medium,Bulk Goods,0,20.8,0.8,Midday,Tuesday,False,No Signal,655.9
ORD15731,Birnin Kebbi Hub,Aliero,33.7,Van,Unpaved,Clear,Low,Food,4,8.6,0.1,Midday,Sunday,True,Weak,120.6
ORD15732,Birnin Kebbi Hub,Birnin Kebbi,8.1,Motorcycle,Paved,Clear,Low,Documents,0,6.0,1.9,Morning,Sunday,True,Strong,32.9
ORD15733,Birnin Kebbi Hub,Bunza,45.8,Motorcycle,Paved,Harmattan Dust,Low,Food,0,1.8,0.6,Morning,Monday,False,Weak,86.5
ORD15734,Birnin Kebbi Hub,Bunza,41.4,Motorcycle,Paved,Harmattan Dust,Medium,Documents,0,0.7,0.1,Midday,Wednesday,False,Weak,93.0
ORD15735,Birnin Kebbi Hub,Jega,64.1,Keke (Tricycle),Paved,Harmattan Dust,Medium,Parcel,2,6.0,0.1,Evening,Tuesday,False,Strong,202.3
ORD15736,Birnin Kebbi Hub,Argungu,75.9,Keke (Tricycle),Unpaved,Clear,Low,Food,0,4.5,2.9,Morning,Wednesday,False,Weak,260.2
ORD15737,Birnin Kebbi Hub,Birnin Kebbi,7.3,Motorcycle,Unpaved,Rain,Medium,Parcel,0,6.1,1.2,Morning,Thursday,False,Strong,46.5
ORD15738,Birnin Kebbi Hub,Argungu,58.8,Motorcycle,Paved,Clear,Low,Parcel,1,3.8,3.8,Morning,Monday,False,Weak,91.7
ORD15739,Birnin Kebbi Hub,Zuru,137.2,Keke (Tricycle),Unpaved,Clear,Low,Food,1,5.5,2.3,Morning,Sunday,True,Weak,452.5
ORD15740,Birnin Kebbi Hub,Jega,52.8,Van,Paved,Rain,Medium,Bulk Goods,0,17.4,1.1,Afternoon,Thursday,False,Weak,125.2
ORD15741,Birnin Kebbi Hub,Birnin Kebbi,7.3,Keke (Tricycle),Paved,Rain,Low,Parcel,0,3.8,0.6,Midday,Sunday,True,Weak,37.7
ORD15742,Birnin Kebbi Hub,Birnin Kebbi,3.1,Keke (Tricycle),Unpaved,Clear,Medium,Bulk Goods,1,42.3,1.4,Evening,Monday,False,Strong,57.7
ORD15743,Birnin Kebbi Hub,Birnin Kebbi,7.5,Truck,Paved,Harmattan Dust,Low,Food,0,10.7,6.3,Afternoon,Monday,False,Weak,20.8
ORD15744,Birnin Kebbi Hub,Argungu,72.5,Motorcycle,Paved,Clear,Low,Food,0,1.3,1.7,Midday,Tuesday,False,Strong,92.4
ORD15745,Birnin Kebbi Hub,Aliero,35.4,Keke (Tricycle),Unpaved,Clear,Medium,Parcel,0,2.1,2.5,Midday,Tuesday,False,Weak,145.2
ORD15746,Birnin Kebbi Hub,Birnin Kebbi,2.7,Motorcycle,Paved,Clear,High,Bulk Goods,2,37.8,1.7,Evening,Thursday,False,Weak,53.4
ORD15747,Birnin Kebbi Hub,Argungu,68.7,Motorcycle,Paved,Clear,Low,Parcel,0,0.2,2.6,Evening,Sunday,True,Strong,94.9
ORD15748,Birnin Kebbi Hub,Birnin Kebbi,6.4,Motorcycle,Paved,Harmattan Dust,High,Documents,0,0.3,1.1,Morning,Tuesday,False,Weak,31.7
ORD15749,Birnin Kebbi Hub,Argungu,63.4,Motorcycle,Paved,Rain,Medium,Food,1,13.5,4.8,Evening,Saturday,True,Strong,157.0
ORD15750,Birnin Kebbi Hub,Bunza,47.5,Motorcycle,Unpaved,Clear,Low,Parcel,0,0.2,1.0,Midday,Tuesday,False,Strong,103.5
ORD15751,Birnin Kebbi Hub,Birnin Kebbi,5.6,Motorcycle,Paved,Clear,Low,Food,0,4.5,1.2,Afternoon,Monday,False,Weak,17.0
ORD15752,Birnin Kebbi Hub,Birnin Kebbi,5.1,Motorcycle,Unpaved,Clear,Low,Food,0,10.3,0.6,Evening,Saturday,True,Weak,28.9
ORD15753,Birnin Kebbi Hub,Bunza,43.5,Van,Paved,Harmattan Dust,Medium,Food,2,0.4,0.5,Afternoon,Saturday,True,Strong,101.9
ORD15754,Birnin Kebbi Hub,Argungu,68.2,Keke (Tricycle),Paved,Clear,Low,Documents,0,2.6,3.5,Evening,Wednesday,False,No Signal,126.3
ORD15755,Birnin Kebbi Hub,Aliero,34.6,Motorcycle,Paved,Clear,Low,Parcel,0,10.2,1.7,Morning,Wednesday,False,Weak,52.3
ORD15756,Birnin Kebbi Hub,Birnin Kebbi,4.3,Motorcycle,Paved,Rain,High,Parcel,3,3.4,0.4,Morning,Sunday,True,No Signal,56.6
ORD15757,Birnin Kebbi Hub,Yauri,123.2,Van,Unpaved,Clear,Medium,Parcel,0,2.2,5.1,Midday,Thursday,False,No Signal,297.2
ORD15758,Birnin Kebbi Hub,Birnin Kebbi,4.4,Motorcycle,Paved,Clear,Low,Parcel,0,1.5,7.4,Evening,Tuesday,False,Strong,8.0
ORD15759,Birnin Kebbi Hub,Bunza,45.4,Truck,Paved,Rain,Low,Food,2,1.3,2.4,Morning,Tuesday,False,Strong,131.0
ORD15760,Birnin Kebbi Hub,Aliero,40.9,Motorcycle,Unpaved,Rain,Low,Food,0,4.3,1.2,Midday,Monday,False,Weak,146.5
ORD15761,Birnin Kebbi Hub,Jega,47.4,Motorcycle,Unpaved,Clear,Low,Parcel,0,6.6,0.1,Morning,Monday,False,Weak,119.9
ORD15762,Birnin Kebbi Hub,Jega,45.9,Motorcycle,Paved,Clear,Low,Documents,1,4.9,1.4,Morning,Saturday,True,Strong,77.9
ORD15763,Birnin Kebbi Hub,Argungu,75.9,Motorcycle,Unpaved,Clear,Low,Food,1,6.2,0.7,Morning,Thursday,False,Weak,187.5
ORD15764,Birnin Kebbi Hub,Birnin Kebbi,3.5,Keke (Tricycle),Unpaved,Clear,Medium,Parcel,2,5.8,1.1,Midday,Sunday,True,No Signal,51.5
ORD15765,Birnin Kebbi Hub,Birnin Kebbi,4.4,Keke (Tricycle),Paved,Clear,Low,Parcel,1,0.2,1.1,Afternoon,Tuesday,False,Strong,22.4
ORD15766,Birnin Kebbi Hub,Argungu,76.1,Keke (Tricycle),Paved,Clear,Low,Food,2,2.4,1.7,Midday,Monday,False,Weak,155.8
ORD15767,Birnin Kebbi Hub,Bunza,45.5,Motorcycle,Unpaved,Rain,Medium,Food,0,5.5,2.1,Morning,Monday,False,Weak,195.4
ORD15768,Birnin Kebbi Hub,Bunza,45.8,Keke (Tricycle),Paved,Rain,Low,Documents,0,0.2,2.5,Midday,Sunday,True,No Signal,141.5
ORD15769,Birnin Kebbi Hub,Jega,56.0,Motorcycle,Unpaved,Clear,Low,Parcel,1,1.7,1.9,Afternoon,Thursday,False,Weak,137.2
ORD15770,Birnin Kebbi Hub,Argungu,71.0,Motorcycle,Paved,Harmattan Dust,High,Parcel,0,4.1,0.8,Morning,Friday,False,Weak,190.4
ORD15771,Birnin Kebbi Hub,Birnin Kebbi,6.4,Van,Paved,Harmattan Dust,Low,Parcel,1,4.3,2.9,Morning,Monday,False,Weak,36.6
ORD15772,Birnin Kebbi Hub,Argungu,62.0,Keke (Tricycle),Paved,Clear,Low,Parcel,0,2.4,3.9,Morning,Friday,False,Strong,121.6
ORD15773,Birnin Kebbi Hub,Yauri,171.0,Truck,Unpaved,Clear,Low,Bulk Goods,0,41.1,2.3,Midday,Friday,False,Strong,423.3
ORD15774,Birnin Kebbi Hub,Birnin Kebbi,6.9,Van,Unpaved,Clear,Low,Documents,0,8.1,0.5,Morning,Friday,False,Strong,42.2
ORD15775,Birnin Kebbi Hub,Bunza,35.2,Van,Paved,Rain,Low,Parcel,1,1.0,1.5,Evening,Friday,False,Strong,59.7
ORD15776,Birnin Kebbi Hub,Jega,55.6,Motorcycle,Unpaved,Harmattan Dust,Low,Documents,0,0.2,5.1,Midday,Wednesday,False,Weak,139.2
ORD15777,Birnin Kebbi Hub,Argungu,62.6,Van,Unpaved,Clear,Medium,Documents,0,0.5,1.7,Evening,Friday,False,Weak,156.0
ORD15778,Birnin Kebbi Hub,Yauri,162.4,Motorcycle,Paved,Clear,High,Documents,1,6.7,5.6,Evening,Friday,False,Strong,328.9
ORD15779,Birnin Kebbi Hub,Zuru,182.3,Van,Unpaved,Harmattan Dust,Medium,Bulk Goods,0,24.9,6.1,Midday,Sunday,True,Weak,536.0
ORD15780,Birnin Kebbi Hub,Birnin Kebbi,6.3,Keke (Tricycle),Paved,Clear,Low,Parcel,0,11.9,4.2,Evening,Sunday,True,Weak,29.8
ORD15781,Birnin Kebbi Hub,Argungu,50.7,Keke (Tricycle),Paved,Rain,Medium,Parcel,1,6.1,0.4,Midday,Monday,False,Weak,191.7
ORD15782,Birnin Kebbi Hub,Bunza,43.1,Van,Paved,Clear,Low,Parcel,0,11.0,4.5,Afternoon,Sunday,True,Strong,63.2
ORD15783,Birnin Kebbi Hub,Bunza,50.2,Motorcycle,Unpaved,Clear,Medium,Parcel,0,1.8,6.2,Evening,Tuesday,False,No Signal,132.4
ORD15784,Birnin Kebbi Hub,Bunza,46.3,Keke (Tricycle),Unpaved,Clear,High,Parcel,2,1.3,3.9,Evening,Friday,False,No Signal,293.6
ORD15785,Birnin Kebbi Hub,Birnin Kebbi,3.9,Motorcycle,Paved,Clear,High,Parcel,0,1.8,3.7,Morning,Saturday,True,Weak,26.9
ORD15786,Birnin Kebbi Hub,Birnin Kebbi,6.3,Truck,Paved,Rain,Low,Food,0,8.8,0.7,Afternoon,Tuesday,False,Strong,28.5
ORD15787,Birnin Kebbi Hub,Birnin Kebbi,8.2,Van,Paved,Rain,Medium,Food,0,3.6,7.2,Morning,Wednesday,False,Strong,12.6
ORD15788,Birnin Kebbi Hub,Jega,45.7,Motorcycle,Paved,Clear,Low,Food,0,1.7,3.3,Morning,Monday,False,No Signal,69.5
ORD15789,Birnin Kebbi Hub,Kamba,140.7,Van,Unpaved,Clear,High,Bulk Goods,3,36.4,1.2,Evening,Thursday,False,No Signal,520.9
ORD15790,Birnin Kebbi Hub,Argungu,75.1,Motorcycle,Unpaved,Clear,Low,Food,0,5.3,0.5,Midday,Thursday,False,Strong,160.1
ORD15791,Birnin Kebbi Hub,Aliero,37.7,Motorcycle,Unpaved,Harmattan Dust,Low,Bulk Goods,0,33.7,1.3,Midday,Sunday,True,Weak,126.7
ORD15792,Birnin Kebbi Hub,Birnin Kebbi,5.1,Motorcycle,Paved,Clear,Low,Parcel,0,3.5,0.9,Morning,Tuesday,False,No Signal,28.0
ORD15793,Birnin Kebbi Hub,Jega,65.2,Keke (Tricycle),Paved,Clear,Medium,Food,0,10.3,2.8,Evening,Saturday,True,Weak,171.9
ORD15794,Birnin Kebbi Hub,Argungu,55.4,Van,Unpaved,Harmattan Dust,Medium,Parcel,3,5.9,1.5,Evening,Sunday,True,Strong,190.6
ORD15795,Birnin Kebbi Hub,Argungu,68.4,Van,Paved,Clear,Medium,Food,1,0.6,1.0,Morning,Friday,False,No Signal,107.9
ORD15796,Birnin Kebbi Hub,Birnin Kebbi,7.7,Motorcycle,Paved,Rain,Medium,Documents,0,8.3,1.4,Evening,Tuesday,False,Weak,24.3
ORD15797,Birnin Kebbi Hub,Birnin Kebbi,4.8,Van,Paved,Clear,Low,Parcel,0,3.0,2.0,Afternoon,Thursday,False,Weak,21.1
ORD15798,Birnin Kebbi Hub,Birnin Kebbi,4.1,Motorcycle,Paved,Clear,Medium,Documents,0,4.8,2.3,Morning,Tuesday,False,Strong,23.0
ORD15799,Birnin Kebbi Hub,Birnin Kebbi,8.0,Motorcycle,Paved,Harmattan Dust,Low,Parcel,1,1.9,2.8,Morning,Friday,False,Weak,24.6
ORD15800,Birnin Kebbi Hub,Birnin Kebbi,6.3,Motorcycle,Paved,Rain,Medium,Food,0,4.0,4.4,Morning,Monday,False,Strong,26.5
ORD15801,Birnin Kebbi Hub,Kamba,132.5,Keke (Tricycle),Paved,Clear,Medium,Food,4,3.4,1.5,Midday,Monday,False,Weak,314.5
ORD15802,Birnin Kebbi Hub,Jega,52.6,Keke (Tricycle),Unpaved,Clear,High,Parcel,3,5.2,0.8,Morning,Tuesday,False,Weak,350.6
ORD15803,Birnin Kebbi Hub,Bunza,42.7,Keke (Tricycle),Paved,Rain,Low,Parcel,0,1.0,4.4,Morning,Monday,False,Weak,131.7
ORD15804,Birnin Kebbi Hub,Birnin Kebbi,8.2,Truck,Paved,Rain,Medium,Food,2,0.6,0.3,Morning,Monday,False,Weak,77.8
ORD15805,Birnin Kebbi Hub,Jega,49.8,Truck,Paved,Clear,Medium,Parcel,1,7.9,1.4,Midday,Wednesday,False,Strong,98.5
ORD15806,Birnin Kebbi Hub,Birnin Kebbi,5.2,Motorcycle,Paved,Rain,High,Bulk Goods,0,18.6,2.2,Morning,Saturday,True,No Signal,50.4
ORD15807,Birnin Kebbi Hub,Jega,64.2,Motorcycle,Paved,Harmattan Dust,High,Food,1,6.4,3.5,Afternoon,Tuesday,False,Weak,186.8
ORD15808,Birnin Kebbi Hub,Zuru,204.9,Motorcycle,Paved,Rain,Medium,Documents,0,3.1,0.2,Evening,Saturday,True,Weak,445.5
ORD15809,Birnin Kebbi Hub,Birnin Kebbi,8.8,Keke (Tricycle),Paved,Clear,Low,Food,3,1.0,3.2,Afternoon,Wednesday,False,No Signal,55.2
ORD15810,Birnin Kebbi Hub,Birnin Kebbi,5.4,Motorcycle,Paved,Harmattan Dust,Medium,Parcel,0,0.9,0.8,Morning,Thursday,False,Strong,24.3
ORD15811,Birnin Kebbi Hub,Kamba,158.0,Truck,Paved,Clear,Medium,Food,2,1.6,2.4,Afternoon,Friday,False,Strong,303.0
ORD15812,Birnin Kebbi Hub,Birnin Kebbi,1.8,Motorcycle,Paved,Clear,Medium,Food,0,5.6,2.2,Morning,Sunday,True,Weak,34.4
ORD15813,Birnin Kebbi Hub,Argungu,71.6,Keke (Tricycle),Unpaved,Clear,Low,Food,0,0.7,1.9,Afternoon,Sunday,True,No Signal,248.5
ORD15814,Birnin Kebbi Hub,Aliero,40.2,Motorcycle,Paved,Clear,Low,Parcel,0,1.1,1.8,Midday,Saturday,True,Weak,53.6
ORD15815,Birnin Kebbi Hub,Birnin Kebbi,9.3,Keke (Tricycle),Paved,Clear,Low,Parcel,0,4.7,1.0,Evening,Saturday,True,Weak,23.9
ORD15816,Birnin Kebbi Hub,Zuru,185.4,Keke (Tricycle),Unpaved,Rain,Low,Parcel,0,0.8,2.4,Evening,Wednesday,False,Strong,898.2
ORD15817,Birnin Kebbi Hub,Birnin Kebbi,3.6,Keke (Tricycle),Paved,Harmattan Dust,Low,Food,2,1.4,3.3,Afternoon,Thursday,False,Strong,36.7
ORD15818,Birnin Kebbi Hub,Zuru,172.7,Motorcycle,Unpaved,Clear,Medium,Parcel,1,1.2,10.3,Morning,Thursday,False,Strong,439.8
ORD15819,Birnin Kebbi Hub,Yauri,165.2,Motorcycle,Paved,Harmattan Dust,Low,Food,1,4.2,5.3,Morning,Thursday,False,Strong,242.4
ORD15820,Birnin Kebbi Hub,Jega,59.1,Keke (Tricycle),Unpaved,Rain,Medium,Documents,1,5.1,2.7,Afternoon,Wednesday,False,Weak,375.5
ORD15821,Birnin Kebbi Hub,Bunza,39.5,Keke (Tricycle),Unpaved,Clear,High,Food,1,7.5,1.4,Afternoon,Monday,False,Strong,250.5
ORD15822,Birnin Kebbi Hub,Birnin Kebbi,5.3,Motorcycle,Paved,Clear,Low,Bulk Goods,0,25.1,2.3,Afternoon,Friday,False,No Signal,47.0
ORD15823,Birnin Kebbi Hub,Bunza,50.8,Motorcycle,Paved,Harmattan Dust,Medium,Parcel,2,0.2,1.6,Morning,Tuesday,False,No Signal,116.6
ORD15824,Birnin Kebbi Hub,Birnin Kebbi,8.5,Van,Paved,Clear,Low,Food,0,4.1,5.5,Evening,Friday,False,Strong,12.9
ORD15825,Birnin Kebbi Hub,Aliero,34.4,Keke (Tricycle),Unpaved,Clear,Medium,Parcel,2,0.5,2.1,Morning,Tuesday,False,Weak,163.8
ORD15826,Birnin Kebbi Hub,Aliero,31.7,Keke (Tricycle),Unpaved,Rain,Medium,Food,0,4.6,2.7,Midday,Saturday,True,Weak,202.6
ORD15827,Birnin Kebbi Hub,Kamba,116.0,Van,Paved,Clear,Low,Bulk Goods,1,13.9,8.6,Midday,Tuesday,False,No Signal,137.4
ORD15828,Birnin Kebbi Hub,Birnin Kebbi,1.7,Motorcycle,Paved,Clear,Low,Parcel,1,11.9,2.7,Midday,Wednesday,False,Strong,16.8
ORD15829,Birnin Kebbi Hub,Aliero,36.9,Keke (Tricycle),Unpaved,Clear,Low,Food,1,0.2,1.7,Morning,Friday,False,No Signal,147.7
ORD15830,Birnin Kebbi Hub,Aliero,37.1,Keke (Tricycle),Unpaved,Clear,High,Parcel,0,0.9,3.4,Morning,Saturday,True,No Signal,240.8
ORD15831,Birnin Kebbi Hub,Zuru,165.9,Motorcycle,Paved,Clear,High,Parcel,1,1.9,1.8,Afternoon,Wednesday,False,Weak,348.9
ORD15832,Birnin Kebbi Hub,Bunza,39.8,Motorcycle,Unpaved,Harmattan Dust,Medium,Documents,0,1.9,2.9,Afternoon,Saturday,True,Strong,140.0
ORD15833,Birnin Kebbi Hub,Zuru,190.4,Motorcycle,Unpaved,Clear,Low,Parcel,4,4.1,5.1,Evening,Wednesday,False,Strong,398.7
ORD15834,Birnin Kebbi Hub,Kamba,140.7,Keke (Tricycle),Unpaved,Harmattan Dust,Medium,Parcel,0,12.0,4.3,Morning,Saturday,True,Weak,707.1
ORD15835,Birnin Kebbi Hub,Jega,54.3,Motorcycle,Paved,Clear,High,Parcel,0,12.5,1.1,Evening,Saturday,True,Weak,140.3
ORD15836,Birnin Kebbi Hub,Zuru,175.2,Truck,Unpaved,Clear,Low,Documents,0,1.9,4.2,Midday,Thursday,False,Strong,426.8
ORD15837,Birnin Kebbi Hub,Birnin Kebbi,6.2,Motorcycle,Paved,Clear,Low,Bulk Goods,2,46.9,0.4,Morning,Monday,False,Weak,53.8
ORD15838,Birnin Kebbi Hub,Kamba,114.5,Keke (Tricycle),Paved,Clear,Low,Food,0,1.9,1.4,Midday,Monday,False,No Signal,215.1
ORD15839,Birnin Kebbi Hub,Zuru,219.0,Truck,Paved,Clear,Medium,Parcel,0,1.0,2.4,Morning,Tuesday,False,Weak,380.7
ORD15840,Birnin Kebbi Hub,Aliero,39.1,Motorcycle,Paved,Harmattan Dust,Medium,Food,0,3.0,2.0,Morning,Friday,False,Strong,82.3
ORD15841,Birnin Kebbi Hub,Zuru,188.9,Keke (Tricycle),Unpaved,Clear,Low,Parcel,0,3.6,0.9,Afternoon,Monday,False,Strong,601.2
ORD15842,Birnin Kebbi Hub,Birnin Kebbi,7.0,Van,Unpaved,Rain,High,Parcel,0,2.3,1.6,Midday,Friday,False,Weak,47.2
ORD15843,Birnin Kebbi Hub,Argungu,69.6,Motorcycle,Unpaved,Rain,High,Parcel,0,14.1,2.1,Midday,Saturday,True,No Signal,413.9
ORD15844,Birnin Kebbi Hub,Zuru,150.3,Keke (Tricycle),Paved,Clear,High,Food,1,2.1,1.0,Afternoon,Sunday,True,Strong,500.5
ORD15845,Birnin Kebbi Hub,Aliero,35.8,Keke (Tricycle),Unpaved,Clear,Medium,Documents,0,3.1,2.9,Morning,Wednesday,False,Weak,152.2
ORD15846,Birnin Kebbi Hub,Birnin Kebbi,6.9,Motorcycle,Paved,Clear,Low,Parcel,0,2.0,8.9,Morning,Thursday,False,Weak,15.8
ORD15847,Birnin Kebbi Hub,Birnin Kebbi,6.1,Motorcycle,Paved,Clear,Low,Bulk Goods,2,15.0,5.9,Midday,Thursday,False,Weak,33.6
ORD15848,Birnin Kebbi Hub,Bunza,37.0,Keke (Tricycle),Paved,Clear,Medium,Bulk Goods,0,31.2,1.4,Midday,Monday,False,No Signal,110.3
ORD15849,Birnin Kebbi Hub,Yauri,148.6,Motorcycle,Unpaved,Clear,Low,Bulk Goods,0,26.3,1.7,Afternoon,Friday,False,Strong,324.2
ORD15850,Birnin Kebbi Hub,Jega,56.9,Motorcycle,Unpaved,Rain,Medium,Parcel,0,10.8,1.0,Evening,Wednesday,False,Strong,230.8
ORD15851,Birnin Kebbi Hub,Jega,68.3,Van,Paved,Clear,High,Documents,0,0.7,4.2,Morning,Wednesday,False,No Signal,144.8
ORD15852,Birnin Kebbi Hub,Argungu,73.4,Keke (Tricycle),Unpaved,Clear,Medium,Parcel,1,0.2,2.1,Morning,Sunday,True,Weak,316.7
ORD15853,Birnin Kebbi Hub,Birnin Kebbi,5.9,Keke (Tricycle),Paved,Clear,Low,Bulk Goods,1,19.6,8.6,Evening,Thursday,False,No Signal,41.0
ORD15854,Birnin Kebbi Hub,Kamba,144.6,Keke (Tricycle),Paved,Clear,High,Food,0,4.4,1.8,Afternoon,Sunday,True,No Signal,477.2
ORD15855,Birnin Kebbi Hub,Jega,52.4,Keke (Tricycle),Paved,Harmattan Dust,Medium,Parcel,0,6.7,3.2,Afternoon,Tuesday,False,Strong,164.9
ORD15856,Birnin Kebbi Hub,Birnin Kebbi,5.5,Van,Paved,Clear,Low,Documents,0,0.9,6.0,Afternoon,Saturday,True,Weak,25.4
ORD15857,Birnin Kebbi Hub,Kamba,101.9,Motorcycle,Paved,Clear,Medium,Food,0,0.4,1.8,Afternoon,Thursday,False,Strong,149.1
ORD15858,Birnin Kebbi Hub,Birnin Kebbi,8.6,Keke (Tricycle),Paved,Clear,Low,Food,0,2.1,2.3,Afternoon,Tuesday,False,Weak,41.3
ORD15859,Birnin Kebbi Hub,Kamba,144.1,Keke (Tricycle),Paved,Harmattan Dust,High,Documents,3,0.9,1.3,Afternoon,Thursday,False,Strong,588.4
ORD15860,Birnin Kebbi Hub,Birnin Kebbi,7.8,Motorcycle,Paved,Clear,Medium,Food,2,0.3,3.0,Morning,Monday,False,Strong,35.5
ORD15861,Birnin Kebbi Hub,Bunza,46.4,Motorcycle,Unpaved,Clear,High,Documents,0,4.8,6.6,Evening,Wednesday,False,Weak,179.2
ORD15862,Birnin Kebbi Hub,Bunza,54.3,Keke (Tricycle),Paved,Clear,Medium,Food,1,5.8,2.9,Morning,Thursday,False,Strong,134.7
ORD15863,Birnin Kebbi Hub,Jega,50.7,Van,Unpaved,Clear,Low,Bulk Goods,1,33.0,4.5,Midday,Friday,False,Strong,112.1
ORD15864,Birnin Kebbi Hub,Argungu,64.1,Motorcycle,Unpaved,Rain,Low,Parcel,0,0.6,2.6,Afternoon,Thursday,False,Weak,213.4
ORD15865,Birnin Kebbi Hub,Kamba,130.0,Motorcycle,Unpaved,Harmattan Dust,Medium,Parcel,2,4.2,6.7,Morning,Sunday,True,Weak,412.7
ORD15866,Birnin Kebbi Hub,Argungu,65.8,Motorcycle,Paved,Clear,Low,Parcel,0,0.8,1.6,Midday,Wednesday,False,Weak,77.0
ORD15867,Birnin Kebbi Hub,Bunza,47.2,Van,Unpaved,Clear,Low,Food,2,10.9,1.7,Morning,Friday,False,Strong,120.3
ORD15868,Birnin Kebbi Hub,Yauri,164.2,Motorcycle,Unpaved,Harmattan Dust,Low,Parcel,0,3.6,1.7,Evening,Tuesday,False,Weak,412.5
ORD15869,Birnin Kebbi Hub,Kamba,121.1,Motorcycle,Paved,Clear,Medium,Parcel,0,7.5,1.0,Evening,Friday,False,Weak,173.3
ORD15870,Birnin Kebbi Hub,Bunza,44.3,Keke (Tricycle),Unpaved,Clear,High,Food,4,4.2,4.6,Morning,Sunday,True,Weak,295.6
ORD15871,Birnin Kebbi Hub,Bunza,47.7,Van,Paved,Clear,Low,Documents,1,2.2,6.6,Midday,Wednesday,False,Weak,63.9
ORD15872,Birnin Kebbi Hub,Aliero,30.4,Van,Paved,Harmattan Dust,Low,Documents,1,5.6,1.6,Midday,Friday,False,Weak,63.6
ORD15873,Birnin Kebbi Hub,Zuru,241.5,Motorcycle,Paved,Clear,Low,Documents,0,9.3,1.7,Afternoon,Sunday,True,No Signal,294.0
ORD15874,Birnin Kebbi Hub,Bunza,32.7,Keke (Tricycle),Paved,Clear,Medium,Parcel,0,7.3,2.5,Morning,Saturday,True,Strong,87.4
ORD15875,Birnin Kebbi Hub,Argungu,64.8,Van,Unpaved,Clear,Low,Parcel,3,0.8,1.8,Midday,Thursday,False,No Signal,147.3
ORD15876,Birnin Kebbi Hub,Bunza,46.6,Motorcycle,Paved,Clear,Low,Parcel,0,0.3,0.6,Morning,Thursday,False,No Signal,57.6
ORD15877,Birnin Kebbi Hub,Bunza,50.6,Keke (Tricycle),Unpaved,Clear,High,Food,2,0.6,3.1,Evening,Sunday,True,Strong,315.4
ORD15878,Birnin Kebbi Hub,Kamba,129.2,Motorcycle,Unpaved,Clear,Low,Parcel,3,0.2,1.9,Afternoon,Friday,False,Strong,275.1
ORD15879,Birnin Kebbi Hub,Kamba,144.1,Motorcycle,Unpaved,Harmattan Dust,High,Parcel,1,4.9,2.1,Midday,Wednesday,False,Strong,669.6
ORD15880,Birnin Kebbi Hub,Birnin Kebbi,5.0,Keke (Tricycle),Paved,Clear,Low,Bulk Goods,0,14.9,1.1,Midday,Thursday,False,Strong,24.0
ORD15881,Birnin Kebbi Hub,Jega,45.3,Motorcycle,Unpaved,Clear,Low,Documents,0,8.5,0.8,Morning,Friday,False,Weak,128.0
ORD15882,Birnin Kebbi Hub,Birnin Kebbi,3.1,Keke (Tricycle),Paved,Clear,High,Parcel,3,1.5,2.4,Midday,Wednesday,False,Strong,47.1
ORD15883,Birnin Kebbi Hub,Jega,52.3,Van,Paved,Clear,High,Parcel,2,0.2,2.2,Afternoon,Sunday,True,Weak,131.3
ORD15884,Birnin Kebbi Hub,Jega,56.8,Motorcycle,Unpaved,Clear,Medium,Parcel,0,10.3,2.5,Morning,Wednesday,False,Strong,162.9
ORD15885,Birnin Kebbi Hub,Birnin Kebbi,6.7,Keke (Tricycle),Paved,Harmattan Dust,Medium,Food,1,12.9,0.9,Midday,Tuesday,False,Weak,39.8
ORD15886,Birnin Kebbi Hub,Yauri,152.8,Motorcycle,Paved,Clear,Medium,Parcel,0,3.9,0.5,Morning,Saturday,True,Weak,227.9
ORD15887,Birnin Kebbi Hub,Yauri,119.9,Motorcycle,Unpaved,Clear,High,Parcel,0,0.7,2.2,Midday,Thursday,False,Weak,446.8
ORD15888,Birnin Kebbi Hub,Argungu,64.1,Van,Paved,Clear,Low,Parcel,3,1.0,2.4,Evening,Wednesday,False,Strong,96.2
ORD15889,Birnin Kebbi Hub,Yauri,133.2,Van,Paved,Clear,Low,Bulk Goods,4,39.9,2.1,Afternoon,Thursday,False,Weak,195.5
ORD15890,Birnin Kebbi Hub,Kamba,118.6,Van,Paved,Clear,High,Food,0,0.5,0.3,Morning,Wednesday,False,Weak,234.4
ORD15891,Birnin Kebbi Hub,Birnin Kebbi,4.7,Motorcycle,Paved,Clear,Low,Food,1,0.7,2.2,Morning,Tuesday,False,Strong,12.4
ORD15892,Birnin Kebbi Hub,Kamba,99.7,Motorcycle,Unpaved,Rain,High,Documents,0,18.8,2.2,Evening,Thursday,False,Weak,574.7
ORD15893,Birnin Kebbi Hub,Kamba,147.8,Motorcycle,Unpaved,Clear,Low,Food,1,1.3,5.3,Midday,Friday,False,Strong,300.7
ORD15894,Birnin Kebbi Hub,Zuru,147.8,Van,Unpaved,Clear,Medium,Parcel,1,0.2,2.6,Afternoon,Tuesday,False,Weak,358.7
ORD15895,Birnin Kebbi Hub,Birnin Kebbi,5.2,Motorcycle,Paved,Clear,Low,Parcel,3,0.2,0.1,Afternoon,Thursday,False,Strong,38.9
ORD15896,Birnin Kebbi Hub,Yauri,181.6,Truck,Paved,Harmattan Dust,Medium,Documents,0,4.2,5.0,Morning,Monday,False,No Signal,400.6
ORD15897,Birnin Kebbi Hub,Bunza,42.2,Motorcycle,Unpaved,Clear,Low,Food,2,3.1,0.6,Midday,Monday,False,Strong,110.2
ORD15898,Birnin Kebbi Hub,Kamba,153.9,Keke (Tricycle),Paved,Clear,High,Documents,0,2.7,0.7,Evening,Wednesday,False,Strong,489.7
ORD15899,Birnin Kebbi Hub,Zuru,151.7,Motorcycle,Paved,Clear,Medium,Bulk Goods,0,48.3,0.8,Afternoon,Thursday,False,No Signal,259.0
ORD15900,Birnin Kebbi Hub,Aliero,31.2,Keke (Tricycle),Unpaved,Clear,Low,Food,3,1.0,0.7,Morning,Monday,False,Strong,128.5
ORD15901,Birnin Kebbi Hub,Birnin Kebbi,3.7,Motorcycle,Unpaved,Clear,Medium,Bulk Goods,0,20.9,1.6,Midday,Saturday,True,Strong,32.0
ORD15902,Birnin Kebbi Hub,Bunza,33.4,Motorcycle,Paved,Rain,Medium,Bulk Goods,0,36.9,0.9,Morning,Sunday,True,Weak,117.5
ORD15903,Birnin Kebbi Hub,Birnin Kebbi,4.3,Motorcycle,Paved,Rain,Medium,Parcel,1,4.3,2.9,Evening,Monday,False,Weak,25.7
ORD15904,Birnin Kebbi Hub,Argungu,61.5,Keke (Tricycle),Paved,Clear,Medium,Parcel,0,0.5,5.3,Afternoon,Monday,False,Weak,143.5
ORD15905,Birnin Kebbi Hub,Jega,57.4,Motorcycle,Paved,Clear,Medium,Documents,2,2.5,1.6,Afternoon,Friday,False,Weak,102.6
ORD15906,Birnin Kebbi Hub,Argungu,57.4,Motorcycle,Paved,Harmattan Dust,Low,Bulk Goods,2,39.4,1.0,Morning,Monday,False,Strong,128.6
ORD15907,Birnin Kebbi Hub,Bunza,37.9,Motorcycle,Paved,Clear,Low,Documents,1,6.6,1.0,Evening,Wednesday,False,Weak,58.6
ORD15908,Birnin Kebbi Hub,Yauri,168.6,Keke (Tricycle),Paved,Rain,Low,Bulk Goods,3,26.6,8.6,Morning,Tuesday,False,Strong,482.2
ORD15909,Birnin Kebbi Hub,Jega,55.3,Van,Unpaved,Rain,Medium,Parcel,0,7.5,1.1,Midday,Wednesday,False,Strong,212.6
ORD15910,Birnin Kebbi Hub,Argungu,67.3,Van,Paved,Clear,Medium,Bulk Goods,0,30.3,1.5,Evening,Sunday,True,No Signal,115.7
ORD15911,Birnin Kebbi Hub,Kamba,117.0,Motorcycle,Unpaved,Clear,Medium,Parcel,3,1.4,0.3,Morning,Sunday,True,Strong,305.5
ORD15912,Birnin Kebbi Hub,Bunza,43.3,Van,Paved,Clear,Low,Documents,1,1.2,3.6,Morning,Monday,False,Weak,61.0
ORD15913,Birnin Kebbi Hub,Zuru,208.3,Van,Paved,Clear,Medium,Bulk Goods,0,18.4,3.9,Evening,Wednesday,False,Strong,260.2
ORD15914,Birnin Kebbi Hub,Birnin Kebbi,7.6,Keke (Tricycle),Paved,Clear,Low,Parcel,0,0.3,9.1,Evening,Wednesday,False,Strong,9.7
ORD15915,Birnin Kebbi Hub,Zuru,190.6,Keke (Tricycle),Unpaved,Clear,Low,Food,1,5.7,2.4,Afternoon,Friday,False,Strong,609.7
ORD15916,Birnin Kebbi Hub,Aliero,37.2,Motorcycle,Unpaved,Rain,Medium,Documents,0,3.2,1.2,Midday,Monday,False,Strong,150.5
ORD15917,Birnin Kebbi Hub,Jega,35.3,Motorcycle,Paved,Clear,Low,Parcel,0,18.5,3.8,Afternoon,Wednesday,False,No Signal,70.1
ORD15918,Birnin Kebbi Hub,Birnin Kebbi,7.3,Motorcycle,Unpaved,Clear,Low,Food,1,0.3,0.8,Morning,Wednesday,False,No Signal,37.8
ORD15919,Birnin Kebbi Hub,Bunza,45.5,Keke (Tricycle),Paved,Rain,Low,Bulk Goods,0,35.4,2.8,Afternoon,Thursday,False,Strong,149.3
ORD15920,Birnin Kebbi Hub,Kamba,126.3,Keke (Tricycle),Unpaved,Rain,Medium,Bulk Goods,2,15.3,1.9,Afternoon,Wednesday,False,No Signal,792.4
ORD15921,Birnin Kebbi Hub,Argungu,77.4,Motorcycle,Unpaved,Clear,Low,Parcel,0,4.4,1.7,Midday,Sunday,True,Strong,174.7
ORD15922,Birnin Kebbi Hub,Zuru,193.0,Keke (Tricycle),Paved,Clear,Low,Parcel,1,5.3,3.2,Afternoon,Sunday,True,Strong,362.4
ORD15923,Birnin Kebbi Hub,Zuru,190.6,Van,Unpaved,Harmattan Dust,Medium,Bulk Goods,0,17.8,0.4,Evening,Saturday,True,Weak,559.0
ORD15924,Birnin Kebbi Hub,Aliero,40.5,Keke (Tricycle),Paved,Clear,Low,Bulk Goods,0,36.0,3.3,Evening,Monday,False,Weak,107.4
ORD15925,Birnin Kebbi Hub,Kamba,126.9,Motorcycle,Paved,Rain,Low,Bulk Goods,1,33.0,1.6,Evening,Sunday,True,Weak,257.7
ORD15926,Birnin Kebbi Hub,Argungu,68.7,Motorcycle,Unpaved,Harmattan Dust,Medium,Food,0,3.9,2.2,Afternoon,Monday,False,Strong,223.9
ORD15927,Birnin Kebbi Hub,Jega,58.2,Keke (Tricycle),Paved,Clear,Low,Bulk Goods,3,14.9,1.8,Midday,Thursday,False,Weak,133.2
ORD15928,Birnin Kebbi Hub,Yauri,124.6,Motorcycle,Unpaved,Harmattan Dust,High,Food,0,0.6,2.6,Evening,Wednesday,False,Strong,564.8
ORD15929,Birnin Kebbi Hub,Kamba,160.7,Van,Paved,Clear,Low,Food,0,8.5,7.9,Midday,Sunday,True,Strong,161.4
ORD15930,Birnin Kebbi Hub,Yauri,142.3,Van,Unpaved,Clear,Low,Documents,2,2.1,0.8,Morning,Monday,False,Strong,294.0
ORD15931,Birnin Kebbi Hub,Kamba,161.2,Truck,Paved,Clear,Medium,Parcel,0,2.3,1.0,Morning,Friday,False,Strong,287.9
ORD15932,Birnin Kebbi Hub,Bunza,47.1,Keke (Tricycle),Paved,Clear,Low,Documents,1,5.5,3.3,Afternoon,Monday,False,Weak,104.5
ORD15933,Birnin Kebbi Hub,Jega,60.3,Keke (Tricycle),Paved,Harmattan Dust,High,Bulk Goods,2,51.7,2.9,Evening,Thursday,False,Strong,280.7
ORD15934,Birnin Kebbi Hub,Jega,54.8,Keke (Tricycle),Unpaved,Rain,High,Documents,0,4.7,2.2,Morning,Tuesday,False,Weak,430.3
ORD15935,Birnin Kebbi Hub,Argungu,86.0,Motorcycle,Paved,Clear,Low,Documents,0,9.9,1.7,Midday,Thursday,False,Strong,106.1
ORD15936,Birnin Kebbi Hub,Argungu,65.8,Truck,Paved,Clear,Medium,Bulk Goods,0,26.5,2.3,Morning,Friday,False,No Signal,130.8
ORD15937,Birnin Kebbi Hub,Zuru,166.9,Truck,Paved,Clear,High,Bulk Goods,3,28.7,2.4,Midday,Saturday,True,Weak,464.4
ORD15938,Birnin Kebbi Hub,Argungu,53.6,Keke (Tricycle),Unpaved,Harmattan Dust,Medium,Parcel,0,5.0,3.0,Morning,Tuesday,False,No Signal,296.2
ORD15939,Birnin Kebbi Hub,Birnin Kebbi,9.1,Van,Paved,Harmattan Dust,Low,Parcel,0,0.6,0.9,Midday,Thursday,False,Weak,20.4
ORD15940,Birnin Kebbi Hub,Birnin Kebbi,5.8,Truck,Paved,Clear,Low,Food,0,4.3,2.2,Evening,Friday,False,Strong,13.1
ORD15941,Birnin Kebbi Hub,Birnin Kebbi,4.8,Van,Unpaved,Rain,Low,Bulk Goods,2,31.3,0.4,Afternoon,Thursday,False,Weak,59.6
ORD15942,Birnin Kebbi Hub,Bunza,45.7,Motorcycle,Unpaved,Clear,High,Parcel,0,1.9,0.2,Morning,Sunday,True,Weak,189.5
ORD15943,Birnin Kebbi Hub,Aliero,31.4,Motorcycle,Paved,Clear,Medium,Parcel,0,1.7,2.5,Morning,Thursday,False,Strong,59.8
ORD15944,Birnin Kebbi Hub,Kamba,156.4,Motorcycle,Paved,Harmattan Dust,Medium,Bulk Goods,1,32.2,2.6,Midday,Tuesday,False,No Signal,294.5
ORD15945,Birnin Kebbi Hub,Birnin Kebbi,6.9,Motorcycle,Paved,Rain,Low,Bulk Goods,1,17.1,2.6,Midday,Tuesday,False,No Signal,34.6
ORD15946,Birnin Kebbi Hub,Birnin Kebbi,7.6,Van,Paved,Clear,Low,Parcel,4,3.5,2.4,Evening,Sunday,True,No Signal,58.3
ORD15947,Birnin Kebbi Hub,Birnin Kebbi,5.5,Motorcycle,Paved,Clear,High,Food,0,2.9,0.9,Morning,Thursday,False,Weak,30.4
ORD15948,Birnin Kebbi Hub,Birnin Kebbi,8.5,Truck,Paved,Rain,Low,Food,0,2.7,4.3,Evening,Saturday,True,Weak,28.8
ORD15949,Birnin Kebbi Hub,Zuru,143.6,Motorcycle,Paved,Harmattan Dust,High,Parcel,0,1.4,2.1,Morning,Tuesday,False,Weak,378.9
ORD15950,Birnin Kebbi Hub,Argungu,55.6,Motorcycle,Unpaved,Clear,Medium,Parcel,0,0.4,0.8,Midday,Saturday,True,Strong,139.7
ORD15951,Birnin Kebbi Hub,Birnin Kebbi,4.5,Motorcycle,Paved,Rain,Low,Parcel,0,2.6,1.5,Evening,Thursday,False,Weak,20.4
ORD15952,Birnin Kebbi Hub,Kamba,156.5,Motorcycle,Unpaved,Clear,Low,Bulk Goods,0,38.6,1.3,Midday,Thursday,False,Weak,348.5
ORD15953,Birnin Kebbi Hub,Birnin Kebbi,3.8,Van,Paved,Clear,Medium,Bulk Goods,0,18.3,1.8,Afternoon,Thursday,False,No Signal,33.0
ORD15954,Birnin Kebbi Hub,Birnin Kebbi,1.9,Keke (Tricycle),Paved,Clear,Low,Parcel,2,3.5,2.9,Evening,Wednesday,False,Strong,30.1
ORD15955,Birnin Kebbi Hub,Birnin Kebbi,3.5,Motorcycle,Paved,Clear,Medium,Parcel,2,2.5,1.4,Afternoon,Sunday,True,Strong,32.3
ORD15956,Birnin Kebbi Hub,Birnin Kebbi,5.4,Motorcycle,Paved,Clear,Low,Food,0,3.8,1.8,Midday,Wednesday,False,Strong,11.0
ORD15957,Birnin Kebbi Hub,Argungu,72.6,Keke (Tricycle),Paved,Rain,High,Bulk Goods,0,35.2,0.8,Morning,Friday,False,Weak,382.7
ORD15958,Birnin Kebbi Hub,Argungu,62.5,Keke (Tricycle),Paved,Clear,Low,Food,0,3.3,0.5,Evening,Wednesday,False,Strong,119.2
ORD15959,Birnin Kebbi Hub,Birnin Kebbi,9.6,Truck,Paved,Clear,High,Bulk Goods,1,40.5,3.8,Evening,Tuesday,False,Strong,52.1
ORD15960,Birnin Kebbi Hub,Birnin Kebbi,4.0,Keke (Tricycle),Paved,Clear,High,Documents,3,3.0,0.5,Evening,Sunday,True,Weak,50.5
ORD15961,Birnin Kebbi Hub,Argungu,79.5,Truck,Unpaved,Clear,Medium,Parcel,0,9.9,0.7,Morning,Wednesday,False,Weak,254.5
ORD15962,Birnin Kebbi Hub,Birnin Kebbi,5.9,Van,Paved,Clear,Low,Parcel,4,1.9,0.4,Morning,Friday,False,Strong,60.2
ORD15963,Birnin Kebbi Hub,Kamba,128.7,Motorcycle,Paved,Clear,Low,Parcel,2,0.2,0.9,Afternoon,Tuesday,False,No Signal,170.2
ORD15964,Birnin Kebbi Hub,Argungu,69.3,Van,Paved,Clear,Low,Parcel,2,3.4,5.6,Morning,Saturday,True,Strong,105.0
ORD15965,Birnin Kebbi Hub,Zuru,163.5,Keke (Tricycle),Paved,Clear,Low,Documents,1,9.9,0.6,Midday,Friday,False,Weak,309.5
ORD15966,Birnin Kebbi Hub,Kamba,145.9,Keke (Tricycle),Paved,Clear,Low,Food,0,0.7,3.7,Morning,Thursday,False,Weak,260.3
ORD15967,Birnin Kebbi Hub,Jega,57.8,Motorcycle,Unpaved,Clear,High,Parcel,0,1.8,1.1,Morning,Wednesday,False,Weak,230.0
ORD15968,Birnin Kebbi Hub,Birnin Kebbi,9.1,Motorcycle,Paved,Clear,Medium,Bulk Goods,1,18.1,1.3,Morning,Thursday,False,Strong,42.1
ORD15969,Birnin Kebbi Hub,Zuru,163.9,Motorcycle,Paved,Rain,Low,Documents,0,1.1,2.3,Morning,Friday,False,Weak,299.0
ORD15970,Birnin Kebbi Hub,Bunza,39.6,Van,Unpaved,Harmattan Dust,High,Parcel,0,7.2,2.1,Afternoon,Friday,False,Strong,184.2
ORD15971,Birnin Kebbi Hub,Aliero,32.7,Keke (Tricycle),Unpaved,Rain,High,Parcel,1,1.2,1.2,Evening,Thursday,False,No Signal,267.5
ORD15972,Birnin Kebbi Hub,Zuru,194.6,Motorcycle,Unpaved,Clear,Medium,Bulk Goods,1,42.1,3.8,Morning,Wednesday,False,Weak,522.6
ORD15973,Birnin Kebbi Hub,Argungu,56.3,Motorcycle,Unpaved,Harmattan Dust,Low,Parcel,1,5.0,3.5,Midday,Thursday,False,Weak,150.5
ORD15974,Birnin Kebbi Hub,Birnin Kebbi,8.0,Motorcycle,Paved,Clear,Low,Parcel,0,9.3,1.5,Afternoon,Thursday,False,Strong,29.6
ORD15975,Birnin Kebbi Hub,Bunza,42.0,Motorcycle,Unpaved,Harmattan Dust,Medium,Parcel,0,9.0,5.4,Morning,Wednesday,False,Weak,146.0
ORD15976,Birnin Kebbi Hub,Bunza,47.8,Van,Paved,Harmattan Dust,Medium,Parcel,0,7.9,1.9,Morning,Monday,False,Strong,81.9
ORD15977,Birnin Kebbi Hub,Jega,61.2,Motorcycle,Unpaved,Clear,High,Parcel,1,14.2,0.6,Midday,Tuesday,False,Strong,243.5
ORD15978,Birnin Kebbi Hub,Birnin Kebbi,5.3,Keke (Tricycle),Paved,Clear,Low,Parcel,0,1.4,1.2,Morning,Tuesday,False,Strong,19.5
ORD15979,Birnin Kebbi Hub,Birnin Kebbi,4.9,Motorcycle,Paved,Rain,Low,Parcel,0,0.2,1.1,Morning,Monday,False,Weak,29.3
ORD15980,Birnin Kebbi Hub,Bunza,47.1,Keke (Tricycle),Paved,Rain,Medium,Food,0,1.7,1.0,Afternoon,Tuesday,False,Weak,183.3
ORD15981,Birnin Kebbi Hub,Birnin Kebbi,2.7,Motorcycle,Unpaved,Clear,Medium,Parcel,1,0.6,0.8,Afternoon,Sunday,True,No Signal,46.5
ORD15982,Birnin Kebbi Hub,Birnin Kebbi,5.1,Truck,Paved,Clear,Low,Food,1,0.4,1.6,Morning,Wednesday,False,Weak,31.3
ORD15983,Birnin Kebbi Hub,Birnin Kebbi,5.6,Keke (Tricycle),Paved,Clear,Medium,Parcel,0,5.6,4.0,Morning,Friday,False,Strong,31.9
ORD15984,Birnin Kebbi Hub,Argungu,59.3,Motorcycle,Unpaved,Clear,Medium,Food,1,8.4,2.7,Afternoon,Wednesday,False,Weak,181.5
ORD15985,Birnin Kebbi Hub,Bunza,45.0,Keke (Tricycle),Paved,Clear,High,Bulk Goods,1,22.4,5.0,Evening,Sunday,True,Weak,166.6
ORD15986,Birnin Kebbi Hub,Bunza,37.6,Motorcycle,Unpaved,Harmattan Dust,Low,Bulk Goods,0,36.7,1.6,Morning,Monday,False,Weak,133.3
ORD15987,Birnin Kebbi Hub,Birnin Kebbi,4.1,Van,Unpaved,Clear,Medium,Parcel,2,0.2,3.4,Morning,Friday,False,Strong,42.7
ORD15988,Birnin Kebbi Hub,Birnin Kebbi,4.3,Van,Paved,Clear,Medium,Documents,0,7.3,1.1,Evening,Monday,False,No Signal,29.6
ORD15989,Birnin Kebbi Hub,Birnin Kebbi,7.0,Motorcycle,Paved,Clear,Medium,Bulk Goods,2,15.2,3.9,Evening,Thursday,False,No Signal,43.7
ORD15990,Birnin Kebbi Hub,Bunza,42.0,Van,Unpaved,Rain,Low,Bulk Goods,0,38.6,0.4,Morning,Wednesday,False,Strong,142.8
ORD15991,Birnin Kebbi Hub,Jega,59.9,Motorcycle,Unpaved,Clear,High,Parcel,1,0.7,1.4,Morning,Wednesday,False,No Signal,240.8
ORD15992,Birnin Kebbi Hub,Kamba,148.2,Motorcycle,Paved,Harmattan Dust,Medium,Parcel,2,2.6,5.5,Evening,Sunday,True,Weak,279.5
ORD15993,Birnin Kebbi Hub,Bunza,42.1,Motorcycle,Paved,Harmattan Dust,Low,Food,0,1.7,2.0,Morning,Monday,False,Weak,73.3
ORD15994,Birnin Kebbi Hub,Kamba,122.5,Motorcycle,Unpaved,Rain,High,Documents,0,6.1,3.4,Midday,Sunday,True,Weak,695.8
ORD15995,Birnin Kebbi Hub,Zuru,189.0,Van,Unpaved,Clear,Medium,Documents,0,6.6,2.3,Midday,Thursday,False,Strong,445.2
ORD15996,Birnin Kebbi Hub,Jega,58.2,Van,Unpaved,Clear,Low,Documents,2,5.8,1.2,Evening,Thursday,False,Weak,140.5
ORD15997,Birnin Kebbi Hub,Jega,62.0,Keke (Tricycle),Paved,Rain,Medium,Parcel,0,6.2,1.5,Midday,Sunday,True,Strong,224.4
ORD15998,Birnin Kebbi Hub,Bunza,51.0,Motorcycle,Paved,Harmattan Dust,High,Parcel,0,4.7,6.0,Afternoon,Monday,False,Strong,144.3
ORD15999,Birnin Kebbi Hub,Birnin Kebbi,3.1,Truck,Paved,Clear,High,Food,0,10.4,1.3,Afternoon,Monday,False,Weak,35.7
